[0.155s] DEBUG:colcon:Command line arguments: ['/usr/bin/colcon', 'build']
[0.156s] DEBUG:colcon:Parsed command line arguments: Namespace(log_base=None, log_level=None, verb_name='build', build_base='build', install_base='install', merge_install=False, symlink_install=False, test_result_base=None, continue_on_error=False, executor='parallel', parallel_workers=4, event_handlers=None, ignore_user_meta=False, metas=['./colcon.meta'], base_paths=['.'], packages_ignore=None, packages_ignore_regex=None, paths=None, packages_up_to=None, packages_up_to_regex=None, packages_above=None, packages_above_and_dependencies=None, packages_above_depth=None, packages_select_by_dep=None, packages_skip_by_dep=None, packages_skip_up_to=None, packages_select_build_failed=False, packages_skip_build_finished=False, packages_select_test_failures=False, packages_skip_test_passed=False, packages_select=None, packages_skip=None, packages_select_regex=None, packages_skip_regex=None, packages_start=None, packages_end=None, allow_overriding=[], cmake_args=None, cmake_target=None, cmake_target_skip_unavailable=False, cmake_clean_cache=False, cmake_clean_first=False, cmake_force_configure=False, ament_cmake_args=None, catkin_cmake_args=None, catkin_skip_building_tests=False, mixin_files=None, mixin=None, verb_parser=<colcon_mixin.mixin.mixin_argument.MixinArgumentDecorator object at 0xffff9810a0c0>, verb_extension=<colcon_core.verb.build.BuildVerb object at 0xffff982c26f0>, main=<bound method BuildVerb.main of <colcon_core.verb.build.BuildVerb object at 0xffff982c26f0>>, mixin_verb=('build',))
[0.214s] Level 1:colcon.colcon_core.package_discovery:discover_packages(colcon_meta) check parameters
[0.214s] Level 1:colcon.colcon_core.package_discovery:discover_packages(recursive) check parameters
[0.214s] Level 1:colcon.colcon_core.package_discovery:discover_packages(ignore) check parameters
[0.214s] Level 1:colcon.colcon_core.package_discovery:discover_packages(path) check parameters
[0.214s] Level 1:colcon.colcon_core.package_discovery:discover_packages(colcon_meta) discover
[0.214s] Level 1:colcon.colcon_core.package_discovery:discover_packages(recursive) discover
[0.214s] INFO:colcon.colcon_core.package_discovery:Crawling recursively for packages in '/home/tpi5/391_Project_pi/391_ws'
[0.214s] Level 1:colcon.colcon_core.package_identification:_identify(.) by extensions ['ignore', 'ignore_ament_install']
[0.214s] Level 1:colcon.colcon_core.package_identification:_identify(.) by extension 'ignore'
[0.214s] Level 1:colcon.colcon_core.package_identification:_identify(.) by extension 'ignore_ament_install'
[0.214s] Level 1:colcon.colcon_core.package_identification:_identify(.) by extensions ['colcon_pkg']
[0.214s] Level 1:colcon.colcon_core.package_identification:_identify(.) by extension 'colcon_pkg'
[0.215s] Level 1:colcon.colcon_core.package_identification:_identify(.) by extensions ['colcon_meta']
[0.215s] Level 1:colcon.colcon_core.package_identification:_identify(.) by extension 'colcon_meta'
[0.215s] Level 1:colcon.colcon_core.package_identification:_identify(.) by extensions ['ros']
[0.215s] Level 1:colcon.colcon_core.package_identification:_identify(.) by extension 'ros'
[0.254s] Level 1:colcon.colcon_core.package_identification:_identify(.) by extensions ['cmake', 'python']
[0.254s] Level 1:colcon.colcon_core.package_identification:_identify(.) by extension 'cmake'
[0.254s] Level 1:colcon.colcon_core.package_identification:_identify(.) by extension 'python'
[0.254s] Level 1:colcon.colcon_core.package_identification:_identify(.) by extensions ['python_setup_py']
[0.254s] Level 1:colcon.colcon_core.package_identification:_identify(.) by extension 'python_setup_py'
[0.254s] Level 1:colcon.colcon_core.package_identification:_identify(build) by extensions ['ignore', 'ignore_ament_install']
[0.254s] Level 1:colcon.colcon_core.package_identification:_identify(build) by extension 'ignore'
[0.254s] Level 1:colcon.colcon_core.package_identification:_identify(build) ignored
[0.255s] Level 1:colcon.colcon_core.package_identification:_identify(install) by extensions ['ignore', 'ignore_ament_install']
[0.255s] Level 1:colcon.colcon_core.package_identification:_identify(install) by extension 'ignore'
[0.255s] Level 1:colcon.colcon_core.package_identification:_identify(install) ignored
[0.255s] Level 1:colcon.colcon_core.package_identification:_identify(log) by extensions ['ignore', 'ignore_ament_install']
[0.255s] Level 1:colcon.colcon_core.package_identification:_identify(log) by extension 'ignore'
[0.255s] Level 1:colcon.colcon_core.package_identification:_identify(log) ignored
[0.255s] Level 1:colcon.colcon_core.package_identification:_identify(src) by extensions ['ignore', 'ignore_ament_install']
[0.255s] Level 1:colcon.colcon_core.package_identification:_identify(src) by extension 'ignore'
[0.255s] Level 1:colcon.colcon_core.package_identification:_identify(src) by extension 'ignore_ament_install'
[0.255s] Level 1:colcon.colcon_core.package_identification:_identify(src) by extensions ['colcon_pkg']
[0.255s] Level 1:colcon.colcon_core.package_identification:_identify(src) by extension 'colcon_pkg'
[0.256s] Level 1:colcon.colcon_core.package_identification:_identify(src) by extensions ['colcon_meta']
[0.256s] Level 1:colcon.colcon_core.package_identification:_identify(src) by extension 'colcon_meta'
[0.256s] Level 1:colcon.colcon_core.package_identification:_identify(src) by extensions ['ros']
[0.256s] Level 1:colcon.colcon_core.package_identification:_identify(src) by extension 'ros'
[0.256s] Level 1:colcon.colcon_core.package_identification:_identify(src) by extensions ['cmake', 'python']
[0.256s] Level 1:colcon.colcon_core.package_identification:_identify(src) by extension 'cmake'
[0.256s] Level 1:colcon.colcon_core.package_identification:_identify(src) by extension 'python'
[0.256s] Level 1:colcon.colcon_core.package_identification:_identify(src) by extensions ['python_setup_py']
[0.256s] Level 1:colcon.colcon_core.package_identification:_identify(src) by extension 'python_setup_py'
[0.256s] Level 1:colcon.colcon_core.package_identification:_identify(src/build) by extensions ['ignore', 'ignore_ament_install']
[0.256s] Level 1:colcon.colcon_core.package_identification:_identify(src/build) by extension 'ignore'
[0.256s] Level 1:colcon.colcon_core.package_identification:_identify(src/build) ignored
[0.256s] Level 1:colcon.colcon_core.package_identification:_identify(src/dril_controller) by extensions ['ignore', 'ignore_ament_install']
[0.256s] Level 1:colcon.colcon_core.package_identification:_identify(src/dril_controller) by extension 'ignore'
[0.256s] Level 1:colcon.colcon_core.package_identification:_identify(src/dril_controller) by extension 'ignore_ament_install'
[0.256s] Level 1:colcon.colcon_core.package_identification:_identify(src/dril_controller) by extensions ['colcon_pkg']
[0.256s] Level 1:colcon.colcon_core.package_identification:_identify(src/dril_controller) by extension 'colcon_pkg'
[0.256s] Level 1:colcon.colcon_core.package_identification:_identify(src/dril_controller) by extensions ['colcon_meta']
[0.256s] Level 1:colcon.colcon_core.package_identification:_identify(src/dril_controller) by extension 'colcon_meta'
[0.257s] Level 1:colcon.colcon_core.package_identification:_identify(src/dril_controller) by extensions ['ros']
[0.257s] Level 1:colcon.colcon_core.package_identification:_identify(src/dril_controller) by extension 'ros'
[0.260s] DEBUG:colcon.colcon_core.package_identification:Package 'src/dril_controller' with type 'ros.ament_python' and name 'dril_controller'
[0.260s] Level 1:colcon.colcon_core.package_identification:_identify(src/drive_controller) by extensions ['ignore', 'ignore_ament_install']
[0.260s] Level 1:colcon.colcon_core.package_identification:_identify(src/drive_controller) by extension 'ignore'
[0.260s] Level 1:colcon.colcon_core.package_identification:_identify(src/drive_controller) by extension 'ignore_ament_install'
[0.260s] Level 1:colcon.colcon_core.package_identification:_identify(src/drive_controller) by extensions ['colcon_pkg']
[0.260s] Level 1:colcon.colcon_core.package_identification:_identify(src/drive_controller) by extension 'colcon_pkg'
[0.260s] Level 1:colcon.colcon_core.package_identification:_identify(src/drive_controller) by extensions ['colcon_meta']
[0.260s] Level 1:colcon.colcon_core.package_identification:_identify(src/drive_controller) by extension 'colcon_meta'
[0.260s] Level 1:colcon.colcon_core.package_identification:_identify(src/drive_controller) by extensions ['ros']
[0.260s] Level 1:colcon.colcon_core.package_identification:_identify(src/drive_controller) by extension 'ros'
[0.261s] DEBUG:colcon.colcon_core.package_identification:Package 'src/drive_controller' with type 'ros.ament_python' and name 'drive_controller'
[0.261s] Level 1:colcon.colcon_core.package_identification:_identify(src/dual_cam_mjpeg_server) by extensions ['ignore', 'ignore_ament_install']
[0.261s] Level 1:colcon.colcon_core.package_identification:_identify(src/dual_cam_mjpeg_server) by extension 'ignore'
[0.261s] Level 1:colcon.colcon_core.package_identification:_identify(src/dual_cam_mjpeg_server) by extension 'ignore_ament_install'
[0.261s] Level 1:colcon.colcon_core.package_identification:_identify(src/dual_cam_mjpeg_server) by extensions ['colcon_pkg']
[0.261s] Level 1:colcon.colcon_core.package_identification:_identify(src/dual_cam_mjpeg_server) by extension 'colcon_pkg'
[0.261s] Level 1:colcon.colcon_core.package_identification:_identify(src/dual_cam_mjpeg_server) by extensions ['colcon_meta']
[0.261s] Level 1:colcon.colcon_core.package_identification:_identify(src/dual_cam_mjpeg_server) by extension 'colcon_meta'
[0.261s] Level 1:colcon.colcon_core.package_identification:_identify(src/dual_cam_mjpeg_server) by extensions ['ros']
[0.261s] Level 1:colcon.colcon_core.package_identification:_identify(src/dual_cam_mjpeg_server) by extension 'ros'
[0.262s] DEBUG:colcon.colcon_core.package_identification:Package 'src/dual_cam_mjpeg_server' with type 'ros.ament_python' and name 'dual_cam_mjpeg_server'
[0.262s] Level 1:colcon.colcon_core.package_identification:_identify(src/gripper_controller) by extensions ['ignore', 'ignore_ament_install']
[0.262s] Level 1:colcon.colcon_core.package_identification:_identify(src/gripper_controller) by extension 'ignore'
[0.262s] Level 1:colcon.colcon_core.package_identification:_identify(src/gripper_controller) by extension 'ignore_ament_install'
[0.262s] Level 1:colcon.colcon_core.package_identification:_identify(src/gripper_controller) by extensions ['colcon_pkg']
[0.262s] Level 1:colcon.colcon_core.package_identification:_identify(src/gripper_controller) by extension 'colcon_pkg'
[0.262s] Level 1:colcon.colcon_core.package_identification:_identify(src/gripper_controller) by extensions ['colcon_meta']
[0.262s] Level 1:colcon.colcon_core.package_identification:_identify(src/gripper_controller) by extension 'colcon_meta'
[0.262s] Level 1:colcon.colcon_core.package_identification:_identify(src/gripper_controller) by extensions ['ros']
[0.262s] Level 1:colcon.colcon_core.package_identification:_identify(src/gripper_controller) by extension 'ros'
[0.263s] DEBUG:colcon.colcon_core.package_identification:Package 'src/gripper_controller' with type 'ros.ament_python' and name 'gripper_controller'
[0.263s] Level 1:colcon.colcon_core.package_identification:_identify(src/install) by extensions ['ignore', 'ignore_ament_install']
[0.263s] Level 1:colcon.colcon_core.package_identification:_identify(src/install) by extension 'ignore'
[0.263s] Level 1:colcon.colcon_core.package_identification:_identify(src/install) ignored
[0.264s] Level 1:colcon.colcon_core.package_identification:_identify(src/joystick_controller) by extensions ['ignore', 'ignore_ament_install']
[0.264s] Level 1:colcon.colcon_core.package_identification:_identify(src/joystick_controller) by extension 'ignore'
[0.264s] Level 1:colcon.colcon_core.package_identification:_identify(src/joystick_controller) by extension 'ignore_ament_install'
[0.264s] Level 1:colcon.colcon_core.package_identification:_identify(src/joystick_controller) by extensions ['colcon_pkg']
[0.264s] Level 1:colcon.colcon_core.package_identification:_identify(src/joystick_controller) by extension 'colcon_pkg'
[0.264s] Level 1:colcon.colcon_core.package_identification:_identify(src/joystick_controller) by extensions ['colcon_meta']
[0.264s] Level 1:colcon.colcon_core.package_identification:_identify(src/joystick_controller) by extension 'colcon_meta'
[0.264s] Level 1:colcon.colcon_core.package_identification:_identify(src/joystick_controller) by extensions ['ros']
[0.264s] Level 1:colcon.colcon_core.package_identification:_identify(src/joystick_controller) by extension 'ros'
[0.265s] DEBUG:colcon.colcon_core.package_identification:Package 'src/joystick_controller' with type 'ros.ament_python' and name 'joystick_controller'
[0.265s] Level 1:colcon.colcon_core.package_identification:_identify(src/linear_controller) by extensions ['ignore', 'ignore_ament_install']
[0.265s] Level 1:colcon.colcon_core.package_identification:_identify(src/linear_controller) by extension 'ignore'
[0.265s] Level 1:colcon.colcon_core.package_identification:_identify(src/linear_controller) by extension 'ignore_ament_install'
[0.265s] Level 1:colcon.colcon_core.package_identification:_identify(src/linear_controller) by extensions ['colcon_pkg']
[0.265s] Level 1:colcon.colcon_core.package_identification:_identify(src/linear_controller) by extension 'colcon_pkg'
[0.265s] Level 1:colcon.colcon_core.package_identification:_identify(src/linear_controller) by extensions ['colcon_meta']
[0.265s] Level 1:colcon.colcon_core.package_identification:_identify(src/linear_controller) by extension 'colcon_meta'
[0.265s] Level 1:colcon.colcon_core.package_identification:_identify(src/linear_controller) by extensions ['ros']
[0.265s] Level 1:colcon.colcon_core.package_identification:_identify(src/linear_controller) by extension 'ros'
[0.266s] DEBUG:colcon.colcon_core.package_identification:Package 'src/linear_controller' with type 'ros.ament_python' and name 'linear_controller'
[0.266s] Level 1:colcon.colcon_core.package_identification:_identify(src/log) by extensions ['ignore', 'ignore_ament_install']
[0.266s] Level 1:colcon.colcon_core.package_identification:_identify(src/log) by extension 'ignore'
[0.266s] Level 1:colcon.colcon_core.package_identification:_identify(src/log) ignored
[0.266s] Level 1:colcon.colcon_core.package_identification:_identify(src/robot_bringup) by extensions ['ignore', 'ignore_ament_install']
[0.266s] Level 1:colcon.colcon_core.package_identification:_identify(src/robot_bringup) by extension 'ignore'
[0.266s] Level 1:colcon.colcon_core.package_identification:_identify(src/robot_bringup) by extension 'ignore_ament_install'
[0.266s] Level 1:colcon.colcon_core.package_identification:_identify(src/robot_bringup) by extensions ['colcon_pkg']
[0.266s] Level 1:colcon.colcon_core.package_identification:_identify(src/robot_bringup) by extension 'colcon_pkg'
[0.266s] Level 1:colcon.colcon_core.package_identification:_identify(src/robot_bringup) by extensions ['colcon_meta']
[0.266s] Level 1:colcon.colcon_core.package_identification:_identify(src/robot_bringup) by extension 'colcon_meta'
[0.266s] Level 1:colcon.colcon_core.package_identification:_identify(src/robot_bringup) by extensions ['ros']
[0.266s] Level 1:colcon.colcon_core.package_identification:_identify(src/robot_bringup) by extension 'ros'
[0.267s] DEBUG:colcon.colcon_core.package_identification:Package 'src/robot_bringup' with type 'ros.ament_python' and name 'robot_bringup'
[0.267s] Level 1:colcon.colcon_core.package_identification:_identify(src/servo_dril_controller) by extensions ['ignore', 'ignore_ament_install']
[0.267s] Level 1:colcon.colcon_core.package_identification:_identify(src/servo_dril_controller) by extension 'ignore'
[0.267s] Level 1:colcon.colcon_core.package_identification:_identify(src/servo_dril_controller) by extension 'ignore_ament_install'
[0.267s] Level 1:colcon.colcon_core.package_identification:_identify(src/servo_dril_controller) by extensions ['colcon_pkg']
[0.267s] Level 1:colcon.colcon_core.package_identification:_identify(src/servo_dril_controller) by extension 'colcon_pkg'
[0.267s] Level 1:colcon.colcon_core.package_identification:_identify(src/servo_dril_controller) by extensions ['colcon_meta']
[0.267s] Level 1:colcon.colcon_core.package_identification:_identify(src/servo_dril_controller) by extension 'colcon_meta'
[0.267s] Level 1:colcon.colcon_core.package_identification:_identify(src/servo_dril_controller) by extensions ['ros']
[0.267s] Level 1:colcon.colcon_core.package_identification:_identify(src/servo_dril_controller) by extension 'ros'
[0.268s] DEBUG:colcon.colcon_core.package_identification:Package 'src/servo_dril_controller' with type 'ros.ament_python' and name 'servo_dril_controller'
[0.268s] Level 1:colcon.colcon_core.package_identification:_identify(src/servo_switch180_controller) by extensions ['ignore', 'ignore_ament_install']
[0.268s] Level 1:colcon.colcon_core.package_identification:_identify(src/servo_switch180_controller) by extension 'ignore'
[0.268s] Level 1:colcon.colcon_core.package_identification:_identify(src/servo_switch180_controller) by extension 'ignore_ament_install'
[0.268s] Level 1:colcon.colcon_core.package_identification:_identify(src/servo_switch180_controller) by extensions ['colcon_pkg']
[0.268s] Level 1:colcon.colcon_core.package_identification:_identify(src/servo_switch180_controller) by extension 'colcon_pkg'
[0.269s] Level 1:colcon.colcon_core.package_identification:_identify(src/servo_switch180_controller) by extensions ['colcon_meta']
[0.269s] Level 1:colcon.colcon_core.package_identification:_identify(src/servo_switch180_controller) by extension 'colcon_meta'
[0.269s] Level 1:colcon.colcon_core.package_identification:_identify(src/servo_switch180_controller) by extensions ['ros']
[0.269s] Level 1:colcon.colcon_core.package_identification:_identify(src/servo_switch180_controller) by extension 'ros'
[0.269s] DEBUG:colcon.colcon_core.package_identification:Package 'src/servo_switch180_controller' with type 'ros.ament_python' and name 'servo_switch180_controller'
[0.269s] Level 1:colcon.colcon_core.package_identification:_identify(src/tao_controller) by extensions ['ignore', 'ignore_ament_install']
[0.269s] Level 1:colcon.colcon_core.package_identification:_identify(src/tao_controller) by extension 'ignore'
[0.270s] Level 1:colcon.colcon_core.package_identification:_identify(src/tao_controller) by extension 'ignore_ament_install'
[0.270s] Level 1:colcon.colcon_core.package_identification:_identify(src/tao_controller) by extensions ['colcon_pkg']
[0.270s] Level 1:colcon.colcon_core.package_identification:_identify(src/tao_controller) by extension 'colcon_pkg'
[0.270s] Level 1:colcon.colcon_core.package_identification:_identify(src/tao_controller) by extensions ['colcon_meta']
[0.270s] Level 1:colcon.colcon_core.package_identification:_identify(src/tao_controller) by extension 'colcon_meta'
[0.270s] Level 1:colcon.colcon_core.package_identification:_identify(src/tao_controller) by extensions ['ros']
[0.270s] Level 1:colcon.colcon_core.package_identification:_identify(src/tao_controller) by extension 'ros'
[0.270s] DEBUG:colcon.colcon_core.package_identification:Package 'src/tao_controller' with type 'ros.ament_python' and name 'tao_controller'
[0.270s] Level 1:colcon.colcon_core.package_identification:_identify(web) by extensions ['ignore', 'ignore_ament_install']
[0.270s] Level 1:colcon.colcon_core.package_identification:_identify(web) by extension 'ignore'
[0.270s] Level 1:colcon.colcon_core.package_identification:_identify(web) by extension 'ignore_ament_install'
[0.270s] Level 1:colcon.colcon_core.package_identification:_identify(web) by extensions ['colcon_pkg']
[0.270s] Level 1:colcon.colcon_core.package_identification:_identify(web) by extension 'colcon_pkg'
[0.271s] Level 1:colcon.colcon_core.package_identification:_identify(web) by extensions ['colcon_meta']
[0.271s] Level 1:colcon.colcon_core.package_identification:_identify(web) by extension 'colcon_meta'
[0.271s] Level 1:colcon.colcon_core.package_identification:_identify(web) by extensions ['ros']
[0.271s] Level 1:colcon.colcon_core.package_identification:_identify(web) by extension 'ros'
[0.271s] Level 1:colcon.colcon_core.package_identification:_identify(web) by extensions ['cmake', 'python']
[0.271s] Level 1:colcon.colcon_core.package_identification:_identify(web) by extension 'cmake'
[0.271s] Level 1:colcon.colcon_core.package_identification:_identify(web) by extension 'python'
[0.271s] Level 1:colcon.colcon_core.package_identification:_identify(web) by extensions ['python_setup_py']
[0.271s] Level 1:colcon.colcon_core.package_identification:_identify(web) by extension 'python_setup_py'
[0.271s] Level 1:colcon.colcon_core.package_discovery:discover_packages(recursive) using defaults
[0.271s] Level 1:colcon.colcon_core.package_discovery:discover_packages(ignore) discover
[0.271s] Level 1:colcon.colcon_core.package_discovery:discover_packages(ignore) using defaults
[0.271s] Level 1:colcon.colcon_core.package_discovery:discover_packages(path) discover
[0.271s] Level 1:colcon.colcon_core.package_discovery:discover_packages(path) using defaults
[0.299s] Level 1:colcon.colcon_core.package_discovery:discover_packages(prefix_path) check parameters
[0.299s] Level 1:colcon.colcon_core.package_discovery:discover_packages(prefix_path) discover
[0.303s] DEBUG:colcon.colcon_installed_package_information.package_discovery:Found 10 installed packages in /home/tpi5/391_Project_pi/391_ws/install
[0.304s] DEBUG:colcon.colcon_installed_package_information.package_discovery:Found 10 installed packages in /home/tpi5/391_Project_pi/install
[0.305s] DEBUG:colcon.colcon_installed_package_information.package_discovery:Found 2 installed packages in /home/tpi5/391_Project/391_ws/install
[0.306s] DEBUG:colcon.colcon_installed_package_information.package_discovery:Found 3 installed packages in /home/tpi5/uros_ws/install
[0.307s] DEBUG:colcon.colcon_installed_package_information.package_discovery:Found 200 installed packages in /opt/ros/jazzy
[0.308s] Level 1:colcon.colcon_core.package_discovery:discover_packages(prefix_path) using defaults
[0.352s] Level 5:colcon.colcon_core.verb:set package 'dril_controller' build argument 'cmake_args' from command line to 'None'
[0.352s] Level 5:colcon.colcon_core.verb:set package 'dril_controller' build argument 'cmake_target' from command line to 'None'
[0.352s] Level 5:colcon.colcon_core.verb:set package 'dril_controller' build argument 'cmake_target_skip_unavailable' from command line to 'False'
[0.352s] Level 5:colcon.colcon_core.verb:set package 'dril_controller' build argument 'cmake_clean_cache' from command line to 'False'
[0.352s] Level 5:colcon.colcon_core.verb:set package 'dril_controller' build argument 'cmake_clean_first' from command line to 'False'
[0.352s] Level 5:colcon.colcon_core.verb:set package 'dril_controller' build argument 'cmake_force_configure' from command line to 'False'
[0.352s] Level 5:colcon.colcon_core.verb:set package 'dril_controller' build argument 'ament_cmake_args' from command line to 'None'
[0.352s] Level 5:colcon.colcon_core.verb:set package 'dril_controller' build argument 'catkin_cmake_args' from command line to 'None'
[0.352s] Level 5:colcon.colcon_core.verb:set package 'dril_controller' build argument 'catkin_skip_building_tests' from command line to 'False'
[0.352s] DEBUG:colcon.colcon_core.verb:Building package 'dril_controller' with the following arguments: {'ament_cmake_args': None, 'build_base': '/home/tpi5/391_Project_pi/391_ws/build/dril_controller', 'catkin_cmake_args': None, 'catkin_skip_building_tests': False, 'cmake_args': None, 'cmake_clean_cache': False, 'cmake_clean_first': False, 'cmake_force_configure': False, 'cmake_target': None, 'cmake_target_skip_unavailable': False, 'install_base': '/home/tpi5/391_Project_pi/391_ws/install/dril_controller', 'merge_install': False, 'path': '/home/tpi5/391_Project_pi/391_ws/src/dril_controller', 'symlink_install': False, 'test_result_base': None}
[0.352s] Level 5:colcon.colcon_core.verb:set package 'drive_controller' build argument 'cmake_args' from command line to 'None'
[0.352s] Level 5:colcon.colcon_core.verb:set package 'drive_controller' build argument 'cmake_target' from command line to 'None'
[0.352s] Level 5:colcon.colcon_core.verb:set package 'drive_controller' build argument 'cmake_target_skip_unavailable' from command line to 'False'
[0.352s] Level 5:colcon.colcon_core.verb:set package 'drive_controller' build argument 'cmake_clean_cache' from command line to 'False'
[0.353s] Level 5:colcon.colcon_core.verb:set package 'drive_controller' build argument 'cmake_clean_first' from command line to 'False'
[0.353s] Level 5:colcon.colcon_core.verb:set package 'drive_controller' build argument 'cmake_force_configure' from command line to 'False'
[0.353s] Level 5:colcon.colcon_core.verb:set package 'drive_controller' build argument 'ament_cmake_args' from command line to 'None'
[0.353s] Level 5:colcon.colcon_core.verb:set package 'drive_controller' build argument 'catkin_cmake_args' from command line to 'None'
[0.353s] Level 5:colcon.colcon_core.verb:set package 'drive_controller' build argument 'catkin_skip_building_tests' from command line to 'False'
[0.353s] DEBUG:colcon.colcon_core.verb:Building package 'drive_controller' with the following arguments: {'ament_cmake_args': None, 'build_base': '/home/tpi5/391_Project_pi/391_ws/build/drive_controller', 'catkin_cmake_args': None, 'catkin_skip_building_tests': False, 'cmake_args': None, 'cmake_clean_cache': False, 'cmake_clean_first': False, 'cmake_force_configure': False, 'cmake_target': None, 'cmake_target_skip_unavailable': False, 'install_base': '/home/tpi5/391_Project_pi/391_ws/install/drive_controller', 'merge_install': False, 'path': '/home/tpi5/391_Project_pi/391_ws/src/drive_controller', 'symlink_install': False, 'test_result_base': None}
[0.353s] Level 5:colcon.colcon_core.verb:set package 'dual_cam_mjpeg_server' build argument 'cmake_args' from command line to 'None'
[0.353s] Level 5:colcon.colcon_core.verb:set package 'dual_cam_mjpeg_server' build argument 'cmake_target' from command line to 'None'
[0.353s] Level 5:colcon.colcon_core.verb:set package 'dual_cam_mjpeg_server' build argument 'cmake_target_skip_unavailable' from command line to 'False'
[0.353s] Level 5:colcon.colcon_core.verb:set package 'dual_cam_mjpeg_server' build argument 'cmake_clean_cache' from command line to 'False'
[0.353s] Level 5:colcon.colcon_core.verb:set package 'dual_cam_mjpeg_server' build argument 'cmake_clean_first' from command line to 'False'
[0.353s] Level 5:colcon.colcon_core.verb:set package 'dual_cam_mjpeg_server' build argument 'cmake_force_configure' from command line to 'False'
[0.353s] Level 5:colcon.colcon_core.verb:set package 'dual_cam_mjpeg_server' build argument 'ament_cmake_args' from command line to 'None'
[0.353s] Level 5:colcon.colcon_core.verb:set package 'dual_cam_mjpeg_server' build argument 'catkin_cmake_args' from command line to 'None'
[0.353s] Level 5:colcon.colcon_core.verb:set package 'dual_cam_mjpeg_server' build argument 'catkin_skip_building_tests' from command line to 'False'
[0.353s] DEBUG:colcon.colcon_core.verb:Building package 'dual_cam_mjpeg_server' with the following arguments: {'ament_cmake_args': None, 'build_base': '/home/tpi5/391_Project_pi/391_ws/build/dual_cam_mjpeg_server', 'catkin_cmake_args': None, 'catkin_skip_building_tests': False, 'cmake_args': None, 'cmake_clean_cache': False, 'cmake_clean_first': False, 'cmake_force_configure': False, 'cmake_target': None, 'cmake_target_skip_unavailable': False, 'install_base': '/home/tpi5/391_Project_pi/391_ws/install/dual_cam_mjpeg_server', 'merge_install': False, 'path': '/home/tpi5/391_Project_pi/391_ws/src/dual_cam_mjpeg_server', 'symlink_install': False, 'test_result_base': None}
[0.354s] Level 5:colcon.colcon_core.verb:set package 'gripper_controller' build argument 'cmake_args' from command line to 'None'
[0.354s] Level 5:colcon.colcon_core.verb:set package 'gripper_controller' build argument 'cmake_target' from command line to 'None'
[0.354s] Level 5:colcon.colcon_core.verb:set package 'gripper_controller' build argument 'cmake_target_skip_unavailable' from command line to 'False'
[0.354s] Level 5:colcon.colcon_core.verb:set package 'gripper_controller' build argument 'cmake_clean_cache' from command line to 'False'
[0.354s] Level 5:colcon.colcon_core.verb:set package 'gripper_controller' build argument 'cmake_clean_first' from command line to 'False'
[0.354s] Level 5:colcon.colcon_core.verb:set package 'gripper_controller' build argument 'cmake_force_configure' from command line to 'False'
[0.354s] Level 5:colcon.colcon_core.verb:set package 'gripper_controller' build argument 'ament_cmake_args' from command line to 'None'
[0.354s] Level 5:colcon.colcon_core.verb:set package 'gripper_controller' build argument 'catkin_cmake_args' from command line to 'None'
[0.354s] Level 5:colcon.colcon_core.verb:set package 'gripper_controller' build argument 'catkin_skip_building_tests' from command line to 'False'
[0.354s] DEBUG:colcon.colcon_core.verb:Building package 'gripper_controller' with the following arguments: {'ament_cmake_args': None, 'build_base': '/home/tpi5/391_Project_pi/391_ws/build/gripper_controller', 'catkin_cmake_args': None, 'catkin_skip_building_tests': False, 'cmake_args': None, 'cmake_clean_cache': False, 'cmake_clean_first': False, 'cmake_force_configure': False, 'cmake_target': None, 'cmake_target_skip_unavailable': False, 'install_base': '/home/tpi5/391_Project_pi/391_ws/install/gripper_controller', 'merge_install': False, 'path': '/home/tpi5/391_Project_pi/391_ws/src/gripper_controller', 'symlink_install': False, 'test_result_base': None}
[0.354s] Level 5:colcon.colcon_core.verb:set package 'joystick_controller' build argument 'cmake_args' from command line to 'None'
[0.354s] Level 5:colcon.colcon_core.verb:set package 'joystick_controller' build argument 'cmake_target' from command line to 'None'
[0.354s] Level 5:colcon.colcon_core.verb:set package 'joystick_controller' build argument 'cmake_target_skip_unavailable' from command line to 'False'
[0.354s] Level 5:colcon.colcon_core.verb:set package 'joystick_controller' build argument 'cmake_clean_cache' from command line to 'False'
[0.354s] Level 5:colcon.colcon_core.verb:set package 'joystick_controller' build argument 'cmake_clean_first' from command line to 'False'
[0.354s] Level 5:colcon.colcon_core.verb:set package 'joystick_controller' build argument 'cmake_force_configure' from command line to 'False'
[0.354s] Level 5:colcon.colcon_core.verb:set package 'joystick_controller' build argument 'ament_cmake_args' from command line to 'None'
[0.354s] Level 5:colcon.colcon_core.verb:set package 'joystick_controller' build argument 'catkin_cmake_args' from command line to 'None'
[0.354s] Level 5:colcon.colcon_core.verb:set package 'joystick_controller' build argument 'catkin_skip_building_tests' from command line to 'False'
[0.354s] DEBUG:colcon.colcon_core.verb:Building package 'joystick_controller' with the following arguments: {'ament_cmake_args': None, 'build_base': '/home/tpi5/391_Project_pi/391_ws/build/joystick_controller', 'catkin_cmake_args': None, 'catkin_skip_building_tests': False, 'cmake_args': None, 'cmake_clean_cache': False, 'cmake_clean_first': False, 'cmake_force_configure': False, 'cmake_target': None, 'cmake_target_skip_unavailable': False, 'install_base': '/home/tpi5/391_Project_pi/391_ws/install/joystick_controller', 'merge_install': False, 'path': '/home/tpi5/391_Project_pi/391_ws/src/joystick_controller', 'symlink_install': False, 'test_result_base': None}
[0.355s] Level 5:colcon.colcon_core.verb:set package 'linear_controller' build argument 'cmake_args' from command line to 'None'
[0.355s] Level 5:colcon.colcon_core.verb:set package 'linear_controller' build argument 'cmake_target' from command line to 'None'
[0.355s] Level 5:colcon.colcon_core.verb:set package 'linear_controller' build argument 'cmake_target_skip_unavailable' from command line to 'False'
[0.355s] Level 5:colcon.colcon_core.verb:set package 'linear_controller' build argument 'cmake_clean_cache' from command line to 'False'
[0.355s] Level 5:colcon.colcon_core.verb:set package 'linear_controller' build argument 'cmake_clean_first' from command line to 'False'
[0.355s] Level 5:colcon.colcon_core.verb:set package 'linear_controller' build argument 'cmake_force_configure' from command line to 'False'
[0.355s] Level 5:colcon.colcon_core.verb:set package 'linear_controller' build argument 'ament_cmake_args' from command line to 'None'
[0.355s] Level 5:colcon.colcon_core.verb:set package 'linear_controller' build argument 'catkin_cmake_args' from command line to 'None'
[0.355s] Level 5:colcon.colcon_core.verb:set package 'linear_controller' build argument 'catkin_skip_building_tests' from command line to 'False'
[0.355s] DEBUG:colcon.colcon_core.verb:Building package 'linear_controller' with the following arguments: {'ament_cmake_args': None, 'build_base': '/home/tpi5/391_Project_pi/391_ws/build/linear_controller', 'catkin_cmake_args': None, 'catkin_skip_building_tests': False, 'cmake_args': None, 'cmake_clean_cache': False, 'cmake_clean_first': False, 'cmake_force_configure': False, 'cmake_target': None, 'cmake_target_skip_unavailable': False, 'install_base': '/home/tpi5/391_Project_pi/391_ws/install/linear_controller', 'merge_install': False, 'path': '/home/tpi5/391_Project_pi/391_ws/src/linear_controller', 'symlink_install': False, 'test_result_base': None}
[0.355s] Level 5:colcon.colcon_core.verb:set package 'servo_dril_controller' build argument 'cmake_args' from command line to 'None'
[0.355s] Level 5:colcon.colcon_core.verb:set package 'servo_dril_controller' build argument 'cmake_target' from command line to 'None'
[0.355s] Level 5:colcon.colcon_core.verb:set package 'servo_dril_controller' build argument 'cmake_target_skip_unavailable' from command line to 'False'
[0.355s] Level 5:colcon.colcon_core.verb:set package 'servo_dril_controller' build argument 'cmake_clean_cache' from command line to 'False'
[0.355s] Level 5:colcon.colcon_core.verb:set package 'servo_dril_controller' build argument 'cmake_clean_first' from command line to 'False'
[0.355s] Level 5:colcon.colcon_core.verb:set package 'servo_dril_controller' build argument 'cmake_force_configure' from command line to 'False'
[0.355s] Level 5:colcon.colcon_core.verb:set package 'servo_dril_controller' build argument 'ament_cmake_args' from command line to 'None'
[0.355s] Level 5:colcon.colcon_core.verb:set package 'servo_dril_controller' build argument 'catkin_cmake_args' from command line to 'None'
[0.355s] Level 5:colcon.colcon_core.verb:set package 'servo_dril_controller' build argument 'catkin_skip_building_tests' from command line to 'False'
[0.355s] DEBUG:colcon.colcon_core.verb:Building package 'servo_dril_controller' with the following arguments: {'ament_cmake_args': None, 'build_base': '/home/tpi5/391_Project_pi/391_ws/build/servo_dril_controller', 'catkin_cmake_args': None, 'catkin_skip_building_tests': False, 'cmake_args': None, 'cmake_clean_cache': False, 'cmake_clean_first': False, 'cmake_force_configure': False, 'cmake_target': None, 'cmake_target_skip_unavailable': False, 'install_base': '/home/tpi5/391_Project_pi/391_ws/install/servo_dril_controller', 'merge_install': False, 'path': '/home/tpi5/391_Project_pi/391_ws/src/servo_dril_controller', 'symlink_install': False, 'test_result_base': None}
[0.356s] Level 5:colcon.colcon_core.verb:set package 'servo_switch180_controller' build argument 'cmake_args' from command line to 'None'
[0.356s] Level 5:colcon.colcon_core.verb:set package 'servo_switch180_controller' build argument 'cmake_target' from command line to 'None'
[0.356s] Level 5:colcon.colcon_core.verb:set package 'servo_switch180_controller' build argument 'cmake_target_skip_unavailable' from command line to 'False'
[0.356s] Level 5:colcon.colcon_core.verb:set package 'servo_switch180_controller' build argument 'cmake_clean_cache' from command line to 'False'
[0.356s] Level 5:colcon.colcon_core.verb:set package 'servo_switch180_controller' build argument 'cmake_clean_first' from command line to 'False'
[0.356s] Level 5:colcon.colcon_core.verb:set package 'servo_switch180_controller' build argument 'cmake_force_configure' from command line to 'False'
[0.356s] Level 5:colcon.colcon_core.verb:set package 'servo_switch180_controller' build argument 'ament_cmake_args' from command line to 'None'
[0.356s] Level 5:colcon.colcon_core.verb:set package 'servo_switch180_controller' build argument 'catkin_cmake_args' from command line to 'None'
[0.356s] Level 5:colcon.colcon_core.verb:set package 'servo_switch180_controller' build argument 'catkin_skip_building_tests' from command line to 'False'
[0.356s] DEBUG:colcon.colcon_core.verb:Building package 'servo_switch180_controller' with the following arguments: {'ament_cmake_args': None, 'build_base': '/home/tpi5/391_Project_pi/391_ws/build/servo_switch180_controller', 'catkin_cmake_args': None, 'catkin_skip_building_tests': False, 'cmake_args': None, 'cmake_clean_cache': False, 'cmake_clean_first': False, 'cmake_force_configure': False, 'cmake_target': None, 'cmake_target_skip_unavailable': False, 'install_base': '/home/tpi5/391_Project_pi/391_ws/install/servo_switch180_controller', 'merge_install': False, 'path': '/home/tpi5/391_Project_pi/391_ws/src/servo_switch180_controller', 'symlink_install': False, 'test_result_base': None}
[0.356s] Level 5:colcon.colcon_core.verb:set package 'tao_controller' build argument 'cmake_args' from command line to 'None'
[0.356s] Level 5:colcon.colcon_core.verb:set package 'tao_controller' build argument 'cmake_target' from command line to 'None'
[0.356s] Level 5:colcon.colcon_core.verb:set package 'tao_controller' build argument 'cmake_target_skip_unavailable' from command line to 'False'
[0.356s] Level 5:colcon.colcon_core.verb:set package 'tao_controller' build argument 'cmake_clean_cache' from command line to 'False'
[0.356s] Level 5:colcon.colcon_core.verb:set package 'tao_controller' build argument 'cmake_clean_first' from command line to 'False'
[0.356s] Level 5:colcon.colcon_core.verb:set package 'tao_controller' build argument 'cmake_force_configure' from command line to 'False'
[0.356s] Level 5:colcon.colcon_core.verb:set package 'tao_controller' build argument 'ament_cmake_args' from command line to 'None'
[0.356s] Level 5:colcon.colcon_core.verb:set package 'tao_controller' build argument 'catkin_cmake_args' from command line to 'None'
[0.356s] Level 5:colcon.colcon_core.verb:set package 'tao_controller' build argument 'catkin_skip_building_tests' from command line to 'False'
[0.356s] DEBUG:colcon.colcon_core.verb:Building package 'tao_controller' with the following arguments: {'ament_cmake_args': None, 'build_base': '/home/tpi5/391_Project_pi/391_ws/build/tao_controller', 'catkin_cmake_args': None, 'catkin_skip_building_tests': False, 'cmake_args': None, 'cmake_clean_cache': False, 'cmake_clean_first': False, 'cmake_force_configure': False, 'cmake_target': None, 'cmake_target_skip_unavailable': False, 'install_base': '/home/tpi5/391_Project_pi/391_ws/install/tao_controller', 'merge_install': False, 'path': '/home/tpi5/391_Project_pi/391_ws/src/tao_controller', 'symlink_install': False, 'test_result_base': None}
[0.357s] Level 5:colcon.colcon_core.verb:set package 'robot_bringup' build argument 'cmake_args' from command line to 'None'
[0.357s] Level 5:colcon.colcon_core.verb:set package 'robot_bringup' build argument 'cmake_target' from command line to 'None'
[0.357s] Level 5:colcon.colcon_core.verb:set package 'robot_bringup' build argument 'cmake_target_skip_unavailable' from command line to 'False'
[0.357s] Level 5:colcon.colcon_core.verb:set package 'robot_bringup' build argument 'cmake_clean_cache' from command line to 'False'
[0.357s] Level 5:colcon.colcon_core.verb:set package 'robot_bringup' build argument 'cmake_clean_first' from command line to 'False'
[0.357s] Level 5:colcon.colcon_core.verb:set package 'robot_bringup' build argument 'cmake_force_configure' from command line to 'False'
[0.357s] Level 5:colcon.colcon_core.verb:set package 'robot_bringup' build argument 'ament_cmake_args' from command line to 'None'
[0.357s] Level 5:colcon.colcon_core.verb:set package 'robot_bringup' build argument 'catkin_cmake_args' from command line to 'None'
[0.357s] Level 5:colcon.colcon_core.verb:set package 'robot_bringup' build argument 'catkin_skip_building_tests' from command line to 'False'
[0.357s] DEBUG:colcon.colcon_core.verb:Building package 'robot_bringup' with the following arguments: {'ament_cmake_args': None, 'build_base': '/home/tpi5/391_Project_pi/391_ws/build/robot_bringup', 'catkin_cmake_args': None, 'catkin_skip_building_tests': False, 'cmake_args': None, 'cmake_clean_cache': False, 'cmake_clean_first': False, 'cmake_force_configure': False, 'cmake_target': None, 'cmake_target_skip_unavailable': False, 'install_base': '/home/tpi5/391_Project_pi/391_ws/install/robot_bringup', 'merge_install': False, 'path': '/home/tpi5/391_Project_pi/391_ws/src/robot_bringup', 'symlink_install': False, 'test_result_base': None}
[0.357s] INFO:colcon.colcon_core.executor:Executing jobs using 'parallel' executor
[0.358s] DEBUG:colcon.colcon_parallel_executor.executor.parallel:run_until_complete
[0.358s] INFO:colcon.colcon_ros.task.ament_python.build:Building ROS package in '/home/tpi5/391_Project_pi/391_ws/src/dril_controller' with build type 'ament_python'
[0.359s] Level 1:colcon.colcon_core.shell:create_environment_hook('dril_controller', 'ament_prefix_path')
[0.362s] INFO:colcon.colcon_core.plugin_system:Skipping extension 'colcon_core.shell.bat': Not used on non-Windows systems
[0.362s] INFO:colcon.colcon_core.shell:Creating environment hook '/home/tpi5/391_Project_pi/391_ws/install/dril_controller/share/dril_controller/hook/ament_prefix_path.ps1'
[0.363s] INFO:colcon.colcon_core.shell:Creating environment descriptor '/home/tpi5/391_Project_pi/391_ws/install/dril_controller/share/dril_controller/hook/ament_prefix_path.dsv'
[0.364s] INFO:colcon.colcon_core.shell:Creating environment hook '/home/tpi5/391_Project_pi/391_ws/install/dril_controller/share/dril_controller/hook/ament_prefix_path.sh'
[0.365s] INFO:colcon.colcon_core.shell:Skip shell extension 'powershell' for command environment: Not usable outside of PowerShell
[0.365s] DEBUG:colcon.colcon_core.shell:Skip shell extension 'dsv' for command environment
[0.372s] INFO:colcon.colcon_ros.task.ament_python.build:Building ROS package in '/home/tpi5/391_Project_pi/391_ws/src/drive_controller' with build type 'ament_python'
[0.372s] Level 1:colcon.colcon_core.shell:create_environment_hook('drive_controller', 'ament_prefix_path')
[0.373s] INFO:colcon.colcon_core.shell:Creating environment hook '/home/tpi5/391_Project_pi/391_ws/install/drive_controller/share/drive_controller/hook/ament_prefix_path.ps1'
[0.374s] INFO:colcon.colcon_core.shell:Creating environment descriptor '/home/tpi5/391_Project_pi/391_ws/install/drive_controller/share/drive_controller/hook/ament_prefix_path.dsv'
[0.374s] INFO:colcon.colcon_core.shell:Creating environment hook '/home/tpi5/391_Project_pi/391_ws/install/drive_controller/share/drive_controller/hook/ament_prefix_path.sh'
[0.375s] INFO:colcon.colcon_core.shell:Skip shell extension 'powershell' for command environment: Not usable outside of PowerShell
[0.375s] DEBUG:colcon.colcon_core.shell:Skip shell extension 'dsv' for command environment
[0.382s] INFO:colcon.colcon_ros.task.ament_python.build:Building ROS package in '/home/tpi5/391_Project_pi/391_ws/src/dual_cam_mjpeg_server' with build type 'ament_python'
[0.383s] Level 1:colcon.colcon_core.shell:create_environment_hook('dual_cam_mjpeg_server', 'ament_prefix_path')
[0.383s] INFO:colcon.colcon_core.shell:Creating environment hook '/home/tpi5/391_Project_pi/391_ws/install/dual_cam_mjpeg_server/share/dual_cam_mjpeg_server/hook/ament_prefix_path.ps1'
[0.384s] INFO:colcon.colcon_core.shell:Creating environment descriptor '/home/tpi5/391_Project_pi/391_ws/install/dual_cam_mjpeg_server/share/dual_cam_mjpeg_server/hook/ament_prefix_path.dsv'
[0.385s] INFO:colcon.colcon_core.shell:Creating environment hook '/home/tpi5/391_Project_pi/391_ws/install/dual_cam_mjpeg_server/share/dual_cam_mjpeg_server/hook/ament_prefix_path.sh'
[0.385s] INFO:colcon.colcon_core.shell:Skip shell extension 'powershell' for command environment: Not usable outside of PowerShell
[0.386s] DEBUG:colcon.colcon_core.shell:Skip shell extension 'dsv' for command environment
[0.392s] INFO:colcon.colcon_ros.task.ament_python.build:Building ROS package in '/home/tpi5/391_Project_pi/391_ws/src/gripper_controller' with build type 'ament_python'
[0.392s] Level 1:colcon.colcon_core.shell:create_environment_hook('gripper_controller', 'ament_prefix_path')
[0.393s] INFO:colcon.colcon_core.shell:Creating environment hook '/home/tpi5/391_Project_pi/391_ws/install/gripper_controller/share/gripper_controller/hook/ament_prefix_path.ps1'
[0.394s] INFO:colcon.colcon_core.shell:Creating environment descriptor '/home/tpi5/391_Project_pi/391_ws/install/gripper_controller/share/gripper_controller/hook/ament_prefix_path.dsv'
[0.394s] INFO:colcon.colcon_core.shell:Creating environment hook '/home/tpi5/391_Project_pi/391_ws/install/gripper_controller/share/gripper_controller/hook/ament_prefix_path.sh'
[0.395s] INFO:colcon.colcon_core.shell:Skip shell extension 'powershell' for command environment: Not usable outside of PowerShell
[0.395s] DEBUG:colcon.colcon_core.shell:Skip shell extension 'dsv' for command environment
[0.723s] INFO:colcon.colcon_core.task.python.build:Building Python package in '/home/tpi5/391_Project_pi/391_ws/src/dril_controller'
[0.723s] INFO:colcon.colcon_core.shell:Skip shell extension 'powershell' for command environment: Not usable outside of PowerShell
[0.723s] DEBUG:colcon.colcon_core.shell:Skip shell extension 'dsv' for command environment
[1.051s] INFO:colcon.colcon_core.task.python.build:Building Python package in '/home/tpi5/391_Project_pi/391_ws/src/drive_controller'
[1.052s] INFO:colcon.colcon_core.shell:Skip shell extension 'powershell' for command environment: Not usable outside of PowerShell
[1.052s] DEBUG:colcon.colcon_core.shell:Skip shell extension 'dsv' for command environment
[1.377s] INFO:colcon.colcon_core.task.python.build:Building Python package in '/home/tpi5/391_Project_pi/391_ws/src/dual_cam_mjpeg_server'
[1.378s] INFO:colcon.colcon_core.shell:Skip shell extension 'powershell' for command environment: Not usable outside of PowerShell
[1.378s] DEBUG:colcon.colcon_core.shell:Skip shell extension 'dsv' for command environment
[1.706s] INFO:colcon.colcon_core.task.python.build:Building Python package in '/home/tpi5/391_Project_pi/391_ws/src/gripper_controller'
[1.706s] INFO:colcon.colcon_core.shell:Skip shell extension 'powershell' for command environment: Not usable outside of PowerShell
[1.706s] DEBUG:colcon.colcon_core.shell:Skip shell extension 'dsv' for command environment
[2.807s] DEBUG:colcon.colcon_core.event_handler.log_command:Invoking command in '/home/tpi5/391_Project_pi/391_ws/src/drive_controller': PYTHONPATH=/home/tpi5/391_Project_pi/391_ws/build/drive_controller/prefix_override:/usr/lib/python3/dist-packages/colcon_core/task/python/colcon_distutils_commands:/home/tpi5/391_Project_pi/391_ws/install/drive_controller/lib/python3.12/site-packages:${PYTHONPATH} /usr/bin/python3 -W ignore:setup.py install is deprecated -W ignore:easy_install command is deprecated setup.py egg_info --egg-base ../../build/drive_controller build --build-base /home/tpi5/391_Project_pi/391_ws/build/drive_controller/build install --record /home/tpi5/391_Project_pi/391_ws/build/drive_controller/install.log --single-version-externally-managed install_data
[2.831s] DEBUG:colcon.colcon_core.event_handler.log_command:Invoking command in '/home/tpi5/391_Project_pi/391_ws/src/dual_cam_mjpeg_server': PYTHONPATH=/home/tpi5/391_Project_pi/391_ws/build/dual_cam_mjpeg_server/prefix_override:/usr/lib/python3/dist-packages/colcon_core/task/python/colcon_distutils_commands:/home/tpi5/391_Project_pi/391_ws/install/dual_cam_mjpeg_server/lib/python3.12/site-packages:${PYTHONPATH} /usr/bin/python3 -W ignore:setup.py install is deprecated -W ignore:easy_install command is deprecated setup.py egg_info --egg-base ../../build/dual_cam_mjpeg_server build --build-base /home/tpi5/391_Project_pi/391_ws/build/dual_cam_mjpeg_server/build install --record /home/tpi5/391_Project_pi/391_ws/build/dual_cam_mjpeg_server/install.log --single-version-externally-managed install_data
[2.839s] DEBUG:colcon.colcon_core.event_handler.log_command:Invoking command in '/home/tpi5/391_Project_pi/391_ws/src/gripper_controller': PYTHONPATH=/home/tpi5/391_Project_pi/391_ws/build/gripper_controller/prefix_override:/usr/lib/python3/dist-packages/colcon_core/task/python/colcon_distutils_commands:/home/tpi5/391_Project_pi/391_ws/install/gripper_controller/lib/python3.12/site-packages:${PYTHONPATH} /usr/bin/python3 -W ignore:setup.py install is deprecated -W ignore:easy_install command is deprecated setup.py egg_info --egg-base ../../build/gripper_controller build --build-base /home/tpi5/391_Project_pi/391_ws/build/gripper_controller/build install --record /home/tpi5/391_Project_pi/391_ws/build/gripper_controller/install.log --single-version-externally-managed install_data
[2.844s] DEBUG:colcon.colcon_core.event_handler.log_command:Invoking command in '/home/tpi5/391_Project_pi/391_ws/src/dril_controller': PYTHONPATH=/home/tpi5/391_Project_pi/391_ws/build/dril_controller/prefix_override:/usr/lib/python3/dist-packages/colcon_core/task/python/colcon_distutils_commands:/home/tpi5/391_Project_pi/391_ws/install/dril_controller/lib/python3.12/site-packages:${PYTHONPATH} /usr/bin/python3 -W ignore:setup.py install is deprecated -W ignore:easy_install command is deprecated setup.py egg_info --egg-base ../../build/dril_controller build --build-base /home/tpi5/391_Project_pi/391_ws/build/dril_controller/build install --record /home/tpi5/391_Project_pi/391_ws/build/dril_controller/install.log --single-version-externally-managed install_data
[3.969s] DEBUG:colcon.colcon_core.event_handler.log_command:Invoked command in '/home/tpi5/391_Project_pi/391_ws/src/drive_controller' returned '0': PYTHONPATH=/home/tpi5/391_Project_pi/391_ws/build/drive_controller/prefix_override:/usr/lib/python3/dist-packages/colcon_core/task/python/colcon_distutils_commands:/home/tpi5/391_Project_pi/391_ws/install/drive_controller/lib/python3.12/site-packages:${PYTHONPATH} /usr/bin/python3 -W ignore:setup.py install is deprecated -W ignore:easy_install command is deprecated setup.py egg_info --egg-base ../../build/drive_controller build --build-base /home/tpi5/391_Project_pi/391_ws/build/drive_controller/build install --record /home/tpi5/391_Project_pi/391_ws/build/drive_controller/install.log --single-version-externally-managed install_data
[3.971s] Level 1:colcon.colcon_core.environment:checking '/home/tpi5/391_Project_pi/391_ws/install/drive_controller' for CMake module files
[3.974s] Level 1:colcon.colcon_core.environment:checking '/home/tpi5/391_Project_pi/391_ws/install/drive_controller' for CMake config files
[3.975s] Level 1:colcon.colcon_core.environment:checking '/home/tpi5/391_Project_pi/391_ws/install/drive_controller/lib'
[3.975s] Level 1:colcon.colcon_core.environment:checking '/home/tpi5/391_Project_pi/391_ws/install/drive_controller/bin'
[3.975s] Level 1:colcon.colcon_core.environment:checking '/home/tpi5/391_Project_pi/391_ws/install/drive_controller/lib/pkgconfig/drive_controller.pc'
[3.976s] Level 1:colcon.colcon_core.environment:checking '/home/tpi5/391_Project_pi/391_ws/install/drive_controller/lib/python3.12/site-packages'
[3.976s] Level 1:colcon.colcon_core.shell:create_environment_hook('drive_controller', 'pythonpath')
[3.980s] INFO:colcon.colcon_core.shell:Creating environment hook '/home/tpi5/391_Project_pi/391_ws/install/drive_controller/share/drive_controller/hook/pythonpath.ps1'
[4.068s] INFO:colcon.colcon_core.shell:Creating environment descriptor '/home/tpi5/391_Project_pi/391_ws/install/drive_controller/share/drive_controller/hook/pythonpath.dsv'
[4.070s] INFO:colcon.colcon_core.shell:Creating environment hook '/home/tpi5/391_Project_pi/391_ws/install/drive_controller/share/drive_controller/hook/pythonpath.sh'
[4.071s] Level 1:colcon.colcon_core.environment:checking '/home/tpi5/391_Project_pi/391_ws/install/drive_controller/bin'
[4.071s] Level 1:colcon.colcon_core.environment:create_environment_scripts_only(drive_controller)
[4.072s] INFO:colcon.colcon_core.shell:Creating package script '/home/tpi5/391_Project_pi/391_ws/install/drive_controller/share/drive_controller/package.ps1'
[4.079s] INFO:colcon.colcon_core.shell:Creating package descriptor '/home/tpi5/391_Project_pi/391_ws/install/drive_controller/share/drive_controller/package.dsv'
[4.085s] INFO:colcon.colcon_core.shell:Creating package script '/home/tpi5/391_Project_pi/391_ws/install/drive_controller/share/drive_controller/package.sh'
[4.091s] INFO:colcon.colcon_core.shell:Creating package script '/home/tpi5/391_Project_pi/391_ws/install/drive_controller/share/drive_controller/package.bash'
[4.096s] INFO:colcon.colcon_core.shell:Creating package script '/home/tpi5/391_Project_pi/391_ws/install/drive_controller/share/drive_controller/package.zsh'
[4.097s] Level 1:colcon.colcon_core.environment:create_file_with_runtime_dependencies(/home/tpi5/391_Project_pi/391_ws/install/drive_controller/share/colcon-core/packages/drive_controller)
[4.101s] INFO:colcon.colcon_ros.task.ament_python.build:Building ROS package in '/home/tpi5/391_Project_pi/391_ws/src/joystick_controller' with build type 'ament_python'
[4.101s] Level 1:colcon.colcon_core.shell:create_environment_hook('joystick_controller', 'ament_prefix_path')
[4.102s] INFO:colcon.colcon_core.shell:Creating environment hook '/home/tpi5/391_Project_pi/391_ws/install/joystick_controller/share/joystick_controller/hook/ament_prefix_path.ps1'
[4.107s] INFO:colcon.colcon_core.shell:Creating environment descriptor '/home/tpi5/391_Project_pi/391_ws/install/joystick_controller/share/joystick_controller/hook/ament_prefix_path.dsv'
[4.109s] INFO:colcon.colcon_core.shell:Creating environment hook '/home/tpi5/391_Project_pi/391_ws/install/joystick_controller/share/joystick_controller/hook/ament_prefix_path.sh'
[4.110s] INFO:colcon.colcon_core.shell:Skip shell extension 'powershell' for command environment: Not usable outside of PowerShell
[4.111s] DEBUG:colcon.colcon_core.shell:Skip shell extension 'dsv' for command environment
[4.139s] Level 1:colcon.colcon_core.environment:checking '/home/tpi5/391_Project_pi/391_ws/install/dril_controller' for CMake module files
[4.140s] Level 1:colcon.colcon_core.environment:checking '/home/tpi5/391_Project_pi/391_ws/install/dril_controller' for CMake config files
[4.143s] DEBUG:colcon.colcon_core.event_handler.log_command:Invoked command in '/home/tpi5/391_Project_pi/391_ws/src/dril_controller' returned '0': PYTHONPATH=/home/tpi5/391_Project_pi/391_ws/build/dril_controller/prefix_override:/usr/lib/python3/dist-packages/colcon_core/task/python/colcon_distutils_commands:/home/tpi5/391_Project_pi/391_ws/install/dril_controller/lib/python3.12/site-packages:${PYTHONPATH} /usr/bin/python3 -W ignore:setup.py install is deprecated -W ignore:easy_install command is deprecated setup.py egg_info --egg-base ../../build/dril_controller build --build-base /home/tpi5/391_Project_pi/391_ws/build/dril_controller/build install --record /home/tpi5/391_Project_pi/391_ws/build/dril_controller/install.log --single-version-externally-managed install_data
[4.143s] Level 1:colcon.colcon_core.environment:checking '/home/tpi5/391_Project_pi/391_ws/install/dril_controller/lib'
[4.144s] Level 1:colcon.colcon_core.environment:checking '/home/tpi5/391_Project_pi/391_ws/install/dril_controller/bin'
[4.144s] Level 1:colcon.colcon_core.environment:checking '/home/tpi5/391_Project_pi/391_ws/install/dril_controller/lib/pkgconfig/dril_controller.pc'
[4.144s] Level 1:colcon.colcon_core.environment:checking '/home/tpi5/391_Project_pi/391_ws/install/dril_controller/lib/python3.12/site-packages'
[4.145s] Level 1:colcon.colcon_core.shell:create_environment_hook('dril_controller', 'pythonpath')
[4.145s] INFO:colcon.colcon_core.shell:Creating environment hook '/home/tpi5/391_Project_pi/391_ws/install/dril_controller/share/dril_controller/hook/pythonpath.ps1'
[4.147s] INFO:colcon.colcon_core.shell:Creating environment descriptor '/home/tpi5/391_Project_pi/391_ws/install/dril_controller/share/dril_controller/hook/pythonpath.dsv'
[4.148s] INFO:colcon.colcon_core.shell:Creating environment hook '/home/tpi5/391_Project_pi/391_ws/install/dril_controller/share/dril_controller/hook/pythonpath.sh'
[4.151s] Level 1:colcon.colcon_core.environment:checking '/home/tpi5/391_Project_pi/391_ws/install/dril_controller/bin'
[4.151s] Level 1:colcon.colcon_core.environment:create_environment_scripts_only(dril_controller)
[4.152s] INFO:colcon.colcon_core.shell:Creating package script '/home/tpi5/391_Project_pi/391_ws/install/dril_controller/share/dril_controller/package.ps1'
[4.154s] INFO:colcon.colcon_core.shell:Creating package descriptor '/home/tpi5/391_Project_pi/391_ws/install/dril_controller/share/dril_controller/package.dsv'
[4.155s] INFO:colcon.colcon_core.shell:Creating package script '/home/tpi5/391_Project_pi/391_ws/install/dril_controller/share/dril_controller/package.sh'
[4.157s] INFO:colcon.colcon_core.shell:Creating package script '/home/tpi5/391_Project_pi/391_ws/install/dril_controller/share/dril_controller/package.bash'
[4.158s] INFO:colcon.colcon_core.shell:Creating package script '/home/tpi5/391_Project_pi/391_ws/install/dril_controller/share/dril_controller/package.zsh'
[4.160s] Level 1:colcon.colcon_core.environment:create_file_with_runtime_dependencies(/home/tpi5/391_Project_pi/391_ws/install/dril_controller/share/colcon-core/packages/dril_controller)
[4.163s] INFO:colcon.colcon_ros.task.ament_python.build:Building ROS package in '/home/tpi5/391_Project_pi/391_ws/src/linear_controller' with build type 'ament_python'
[4.164s] Level 1:colcon.colcon_core.shell:create_environment_hook('linear_controller', 'ament_prefix_path')
[4.164s] INFO:colcon.colcon_core.shell:Creating environment hook '/home/tpi5/391_Project_pi/391_ws/install/linear_controller/share/linear_controller/hook/ament_prefix_path.ps1'
[4.165s] INFO:colcon.colcon_core.shell:Creating environment descriptor '/home/tpi5/391_Project_pi/391_ws/install/linear_controller/share/linear_controller/hook/ament_prefix_path.dsv'
[4.168s] INFO:colcon.colcon_core.shell:Creating environment hook '/home/tpi5/391_Project_pi/391_ws/install/linear_controller/share/linear_controller/hook/ament_prefix_path.sh'
[4.170s] INFO:colcon.colcon_core.shell:Skip shell extension 'powershell' for command environment: Not usable outside of PowerShell
[4.170s] DEBUG:colcon.colcon_core.shell:Skip shell extension 'dsv' for command environment
[4.530s] INFO:colcon.colcon_core.task.python.build:Building Python package in '/home/tpi5/391_Project_pi/391_ws/src/joystick_controller'
[4.530s] INFO:colcon.colcon_core.shell:Skip shell extension 'powershell' for command environment: Not usable outside of PowerShell
[4.530s] DEBUG:colcon.colcon_core.shell:Skip shell extension 'dsv' for command environment
[4.538s] Level 1:colcon.colcon_core.environment:checking '/home/tpi5/391_Project_pi/391_ws/install/dual_cam_mjpeg_server' for CMake module files
[4.538s] DEBUG:colcon.colcon_core.event_handler.log_command:Invoked command in '/home/tpi5/391_Project_pi/391_ws/src/dual_cam_mjpeg_server' returned '0': PYTHONPATH=/home/tpi5/391_Project_pi/391_ws/build/dual_cam_mjpeg_server/prefix_override:/usr/lib/python3/dist-packages/colcon_core/task/python/colcon_distutils_commands:/home/tpi5/391_Project_pi/391_ws/install/dual_cam_mjpeg_server/lib/python3.12/site-packages:${PYTHONPATH} /usr/bin/python3 -W ignore:setup.py install is deprecated -W ignore:easy_install command is deprecated setup.py egg_info --egg-base ../../build/dual_cam_mjpeg_server build --build-base /home/tpi5/391_Project_pi/391_ws/build/dual_cam_mjpeg_server/build install --record /home/tpi5/391_Project_pi/391_ws/build/dual_cam_mjpeg_server/install.log --single-version-externally-managed install_data
[4.539s] Level 1:colcon.colcon_core.environment:checking '/home/tpi5/391_Project_pi/391_ws/install/dual_cam_mjpeg_server' for CMake config files
[4.540s] Level 1:colcon.colcon_core.environment:checking '/home/tpi5/391_Project_pi/391_ws/install/dual_cam_mjpeg_server/lib'
[4.540s] Level 1:colcon.colcon_core.environment:checking '/home/tpi5/391_Project_pi/391_ws/install/dual_cam_mjpeg_server/bin'
[4.540s] Level 1:colcon.colcon_core.environment:checking '/home/tpi5/391_Project_pi/391_ws/install/dual_cam_mjpeg_server/lib/pkgconfig/dual_cam_mjpeg_server.pc'
[4.540s] Level 1:colcon.colcon_core.environment:checking '/home/tpi5/391_Project_pi/391_ws/install/dual_cam_mjpeg_server/lib/python3.12/site-packages'
[4.540s] Level 1:colcon.colcon_core.shell:create_environment_hook('dual_cam_mjpeg_server', 'pythonpath')
[4.540s] INFO:colcon.colcon_core.shell:Creating environment hook '/home/tpi5/391_Project_pi/391_ws/install/dual_cam_mjpeg_server/share/dual_cam_mjpeg_server/hook/pythonpath.ps1'
[4.541s] INFO:colcon.colcon_core.shell:Creating environment descriptor '/home/tpi5/391_Project_pi/391_ws/install/dual_cam_mjpeg_server/share/dual_cam_mjpeg_server/hook/pythonpath.dsv'
[4.542s] INFO:colcon.colcon_core.shell:Creating environment hook '/home/tpi5/391_Project_pi/391_ws/install/dual_cam_mjpeg_server/share/dual_cam_mjpeg_server/hook/pythonpath.sh'
[4.544s] Level 1:colcon.colcon_core.environment:checking '/home/tpi5/391_Project_pi/391_ws/install/dual_cam_mjpeg_server/bin'
[4.544s] Level 1:colcon.colcon_core.environment:create_environment_scripts_only(dual_cam_mjpeg_server)
[4.545s] INFO:colcon.colcon_core.shell:Creating package script '/home/tpi5/391_Project_pi/391_ws/install/dual_cam_mjpeg_server/share/dual_cam_mjpeg_server/package.ps1'
[4.545s] INFO:colcon.colcon_core.shell:Creating package descriptor '/home/tpi5/391_Project_pi/391_ws/install/dual_cam_mjpeg_server/share/dual_cam_mjpeg_server/package.dsv'
[4.547s] INFO:colcon.colcon_core.shell:Creating package script '/home/tpi5/391_Project_pi/391_ws/install/dual_cam_mjpeg_server/share/dual_cam_mjpeg_server/package.sh'
[4.548s] INFO:colcon.colcon_core.shell:Creating package script '/home/tpi5/391_Project_pi/391_ws/install/dual_cam_mjpeg_server/share/dual_cam_mjpeg_server/package.bash'
[4.551s] INFO:colcon.colcon_core.shell:Creating package script '/home/tpi5/391_Project_pi/391_ws/install/dual_cam_mjpeg_server/share/dual_cam_mjpeg_server/package.zsh'
[4.552s] Level 1:colcon.colcon_core.environment:create_file_with_runtime_dependencies(/home/tpi5/391_Project_pi/391_ws/install/dual_cam_mjpeg_server/share/colcon-core/packages/dual_cam_mjpeg_server)
[4.555s] INFO:colcon.colcon_ros.task.ament_python.build:Building ROS package in '/home/tpi5/391_Project_pi/391_ws/src/servo_dril_controller' with build type 'ament_python'
[4.555s] Level 1:colcon.colcon_core.shell:create_environment_hook('servo_dril_controller', 'ament_prefix_path')
[4.555s] INFO:colcon.colcon_core.shell:Creating environment hook '/home/tpi5/391_Project_pi/391_ws/install/servo_dril_controller/share/servo_dril_controller/hook/ament_prefix_path.ps1'
[4.556s] INFO:colcon.colcon_core.shell:Creating environment descriptor '/home/tpi5/391_Project_pi/391_ws/install/servo_dril_controller/share/servo_dril_controller/hook/ament_prefix_path.dsv'
[4.559s] INFO:colcon.colcon_core.shell:Creating environment hook '/home/tpi5/391_Project_pi/391_ws/install/servo_dril_controller/share/servo_dril_controller/hook/ament_prefix_path.sh'
[4.560s] INFO:colcon.colcon_core.shell:Skip shell extension 'powershell' for command environment: Not usable outside of PowerShell
[4.560s] DEBUG:colcon.colcon_core.shell:Skip shell extension 'dsv' for command environment
[4.569s] Level 1:colcon.colcon_core.environment:checking '/home/tpi5/391_Project_pi/391_ws/install/gripper_controller' for CMake module files
[4.570s] DEBUG:colcon.colcon_core.event_handler.log_command:Invoked command in '/home/tpi5/391_Project_pi/391_ws/src/gripper_controller' returned '0': PYTHONPATH=/home/tpi5/391_Project_pi/391_ws/build/gripper_controller/prefix_override:/usr/lib/python3/dist-packages/colcon_core/task/python/colcon_distutils_commands:/home/tpi5/391_Project_pi/391_ws/install/gripper_controller/lib/python3.12/site-packages:${PYTHONPATH} /usr/bin/python3 -W ignore:setup.py install is deprecated -W ignore:easy_install command is deprecated setup.py egg_info --egg-base ../../build/gripper_controller build --build-base /home/tpi5/391_Project_pi/391_ws/build/gripper_controller/build install --record /home/tpi5/391_Project_pi/391_ws/build/gripper_controller/install.log --single-version-externally-managed install_data
[4.570s] Level 1:colcon.colcon_core.environment:checking '/home/tpi5/391_Project_pi/391_ws/install/gripper_controller' for CMake config files
[4.571s] Level 1:colcon.colcon_core.environment:checking '/home/tpi5/391_Project_pi/391_ws/install/gripper_controller/lib'
[4.571s] Level 1:colcon.colcon_core.environment:checking '/home/tpi5/391_Project_pi/391_ws/install/gripper_controller/bin'
[4.571s] Level 1:colcon.colcon_core.environment:checking '/home/tpi5/391_Project_pi/391_ws/install/gripper_controller/lib/pkgconfig/gripper_controller.pc'
[4.572s] Level 1:colcon.colcon_core.environment:checking '/home/tpi5/391_Project_pi/391_ws/install/gripper_controller/lib/python3.12/site-packages'
[4.572s] Level 1:colcon.colcon_core.shell:create_environment_hook('gripper_controller', 'pythonpath')
[4.572s] INFO:colcon.colcon_core.shell:Creating environment hook '/home/tpi5/391_Project_pi/391_ws/install/gripper_controller/share/gripper_controller/hook/pythonpath.ps1'
[4.573s] INFO:colcon.colcon_core.shell:Creating environment descriptor '/home/tpi5/391_Project_pi/391_ws/install/gripper_controller/share/gripper_controller/hook/pythonpath.dsv'
[4.573s] INFO:colcon.colcon_core.shell:Creating environment hook '/home/tpi5/391_Project_pi/391_ws/install/gripper_controller/share/gripper_controller/hook/pythonpath.sh'
[4.575s] Level 1:colcon.colcon_core.environment:checking '/home/tpi5/391_Project_pi/391_ws/install/gripper_controller/bin'
[4.575s] Level 1:colcon.colcon_core.environment:create_environment_scripts_only(gripper_controller)
[4.575s] INFO:colcon.colcon_core.shell:Creating package script '/home/tpi5/391_Project_pi/391_ws/install/gripper_controller/share/gripper_controller/package.ps1'
[4.576s] INFO:colcon.colcon_core.shell:Creating package descriptor '/home/tpi5/391_Project_pi/391_ws/install/gripper_controller/share/gripper_controller/package.dsv'
[4.576s] INFO:colcon.colcon_core.shell:Creating package script '/home/tpi5/391_Project_pi/391_ws/install/gripper_controller/share/gripper_controller/package.sh'
[4.577s] INFO:colcon.colcon_core.shell:Creating package script '/home/tpi5/391_Project_pi/391_ws/install/gripper_controller/share/gripper_controller/package.bash'
[4.578s] INFO:colcon.colcon_core.shell:Creating package script '/home/tpi5/391_Project_pi/391_ws/install/gripper_controller/share/gripper_controller/package.zsh'
[4.580s] Level 1:colcon.colcon_core.environment:create_file_with_runtime_dependencies(/home/tpi5/391_Project_pi/391_ws/install/gripper_controller/share/colcon-core/packages/gripper_controller)
[4.909s] INFO:colcon.colcon_core.task.python.build:Building Python package in '/home/tpi5/391_Project_pi/391_ws/src/linear_controller'
[4.909s] INFO:colcon.colcon_core.shell:Skip shell extension 'powershell' for command environment: Not usable outside of PowerShell
[4.910s] DEBUG:colcon.colcon_core.shell:Skip shell extension 'dsv' for command environment
[4.916s] INFO:colcon.colcon_ros.task.ament_python.build:Building ROS package in '/home/tpi5/391_Project_pi/391_ws/src/servo_switch180_controller' with build type 'ament_python'
[4.916s] Level 1:colcon.colcon_core.shell:create_environment_hook('servo_switch180_controller', 'ament_prefix_path')
[4.917s] INFO:colcon.colcon_core.shell:Creating environment hook '/home/tpi5/391_Project_pi/391_ws/install/servo_switch180_controller/share/servo_switch180_controller/hook/ament_prefix_path.ps1'
[4.918s] INFO:colcon.colcon_core.shell:Creating environment descriptor '/home/tpi5/391_Project_pi/391_ws/install/servo_switch180_controller/share/servo_switch180_controller/hook/ament_prefix_path.dsv'
[4.919s] INFO:colcon.colcon_core.shell:Creating environment hook '/home/tpi5/391_Project_pi/391_ws/install/servo_switch180_controller/share/servo_switch180_controller/hook/ament_prefix_path.sh'
[4.920s] INFO:colcon.colcon_core.shell:Skip shell extension 'powershell' for command environment: Not usable outside of PowerShell
[4.920s] DEBUG:colcon.colcon_core.shell:Skip shell extension 'dsv' for command environment
[5.279s] INFO:colcon.colcon_core.task.python.build:Building Python package in '/home/tpi5/391_Project_pi/391_ws/src/servo_dril_controller'
[5.279s] INFO:colcon.colcon_core.shell:Skip shell extension 'powershell' for command environment: Not usable outside of PowerShell
[5.279s] DEBUG:colcon.colcon_core.shell:Skip shell extension 'dsv' for command environment
[5.668s] INFO:colcon.colcon_core.task.python.build:Building Python package in '/home/tpi5/391_Project_pi/391_ws/src/servo_switch180_controller'
[5.668s] INFO:colcon.colcon_core.shell:Skip shell extension 'powershell' for command environment: Not usable outside of PowerShell
[5.668s] DEBUG:colcon.colcon_core.shell:Skip shell extension 'dsv' for command environment
[5.902s] DEBUG:colcon.colcon_core.event_handler.log_command:Invoking command in '/home/tpi5/391_Project_pi/391_ws/src/joystick_controller': PYTHONPATH=/home/tpi5/391_Project_pi/391_ws/build/joystick_controller/prefix_override:/usr/lib/python3/dist-packages/colcon_core/task/python/colcon_distutils_commands:/home/tpi5/391_Project_pi/391_ws/install/joystick_controller/lib/python3.12/site-packages:${PYTHONPATH} /usr/bin/python3 -W ignore:setup.py install is deprecated -W ignore:easy_install command is deprecated setup.py egg_info --egg-base ../../build/joystick_controller build --build-base /home/tpi5/391_Project_pi/391_ws/build/joystick_controller/build install --record /home/tpi5/391_Project_pi/391_ws/build/joystick_controller/install.log --single-version-externally-managed install_data
[6.323s] DEBUG:colcon.colcon_core.event_handler.log_command:Invoking command in '/home/tpi5/391_Project_pi/391_ws/src/linear_controller': PYTHONPATH=/home/tpi5/391_Project_pi/391_ws/build/linear_controller/prefix_override:/usr/lib/python3/dist-packages/colcon_core/task/python/colcon_distutils_commands:/home/tpi5/391_Project_pi/391_ws/install/linear_controller/lib/python3.12/site-packages:${PYTHONPATH} /usr/bin/python3 -W ignore:setup.py install is deprecated -W ignore:easy_install command is deprecated setup.py egg_info --egg-base ../../build/linear_controller build --build-base /home/tpi5/391_Project_pi/391_ws/build/linear_controller/build install --record /home/tpi5/391_Project_pi/391_ws/build/linear_controller/install.log --single-version-externally-managed install_data
[6.758s] DEBUG:colcon.colcon_core.event_handler.log_command:Invoking command in '/home/tpi5/391_Project_pi/391_ws/src/servo_dril_controller': PYTHONPATH=/home/tpi5/391_Project_pi/391_ws/build/servo_dril_controller/prefix_override:/usr/lib/python3/dist-packages/colcon_core/task/python/colcon_distutils_commands:/home/tpi5/391_Project_pi/391_ws/install/servo_dril_controller/lib/python3.12/site-packages:${PYTHONPATH} /usr/bin/python3 -W ignore:setup.py install is deprecated -W ignore:easy_install command is deprecated setup.py egg_info --egg-base ../../build/servo_dril_controller build --build-base /home/tpi5/391_Project_pi/391_ws/build/servo_dril_controller/build install --record /home/tpi5/391_Project_pi/391_ws/build/servo_dril_controller/install.log --single-version-externally-managed install_data
[6.838s] DEBUG:colcon.colcon_core.event_handler.log_command:Invoking command in '/home/tpi5/391_Project_pi/391_ws/src/servo_switch180_controller': PYTHONPATH=/home/tpi5/391_Project_pi/391_ws/build/servo_switch180_controller/prefix_override:/usr/lib/python3/dist-packages/colcon_core/task/python/colcon_distutils_commands:/home/tpi5/391_Project_pi/391_ws/install/servo_switch180_controller/lib/python3.12/site-packages:${PYTHONPATH} /usr/bin/python3 -W ignore:setup.py install is deprecated -W ignore:easy_install command is deprecated setup.py egg_info --egg-base ../../build/servo_switch180_controller build --build-base /home/tpi5/391_Project_pi/391_ws/build/servo_switch180_controller/build install --record /home/tpi5/391_Project_pi/391_ws/build/servo_switch180_controller/install.log --single-version-externally-managed install_data
[6.915s] Level 1:colcon.colcon_core.environment:checking '/home/tpi5/391_Project_pi/391_ws/install/joystick_controller' for CMake module files
[6.916s] DEBUG:colcon.colcon_core.event_handler.log_command:Invoked command in '/home/tpi5/391_Project_pi/391_ws/src/joystick_controller' returned '0': PYTHONPATH=/home/tpi5/391_Project_pi/391_ws/build/joystick_controller/prefix_override:/usr/lib/python3/dist-packages/colcon_core/task/python/colcon_distutils_commands:/home/tpi5/391_Project_pi/391_ws/install/joystick_controller/lib/python3.12/site-packages:${PYTHONPATH} /usr/bin/python3 -W ignore:setup.py install is deprecated -W ignore:easy_install command is deprecated setup.py egg_info --egg-base ../../build/joystick_controller build --build-base /home/tpi5/391_Project_pi/391_ws/build/joystick_controller/build install --record /home/tpi5/391_Project_pi/391_ws/build/joystick_controller/install.log --single-version-externally-managed install_data
[6.917s] Level 1:colcon.colcon_core.environment:checking '/home/tpi5/391_Project_pi/391_ws/install/joystick_controller' for CMake config files
[6.917s] Level 1:colcon.colcon_core.environment:checking '/home/tpi5/391_Project_pi/391_ws/install/joystick_controller/lib'
[6.918s] Level 1:colcon.colcon_core.environment:checking '/home/tpi5/391_Project_pi/391_ws/install/joystick_controller/bin'
[6.918s] Level 1:colcon.colcon_core.environment:checking '/home/tpi5/391_Project_pi/391_ws/install/joystick_controller/lib/pkgconfig/joystick_controller.pc'
[6.918s] Level 1:colcon.colcon_core.environment:checking '/home/tpi5/391_Project_pi/391_ws/install/joystick_controller/lib/python3.12/site-packages'
[6.918s] Level 1:colcon.colcon_core.shell:create_environment_hook('joystick_controller', 'pythonpath')
[6.919s] INFO:colcon.colcon_core.shell:Creating environment hook '/home/tpi5/391_Project_pi/391_ws/install/joystick_controller/share/joystick_controller/hook/pythonpath.ps1'
[6.920s] INFO:colcon.colcon_core.shell:Creating environment descriptor '/home/tpi5/391_Project_pi/391_ws/install/joystick_controller/share/joystick_controller/hook/pythonpath.dsv'
[6.921s] INFO:colcon.colcon_core.shell:Creating environment hook '/home/tpi5/391_Project_pi/391_ws/install/joystick_controller/share/joystick_controller/hook/pythonpath.sh'
[6.922s] Level 1:colcon.colcon_core.environment:checking '/home/tpi5/391_Project_pi/391_ws/install/joystick_controller/bin'
[6.922s] Level 1:colcon.colcon_core.environment:create_environment_scripts_only(joystick_controller)
[6.922s] INFO:colcon.colcon_core.shell:Creating package script '/home/tpi5/391_Project_pi/391_ws/install/joystick_controller/share/joystick_controller/package.ps1'
[6.924s] INFO:colcon.colcon_core.shell:Creating package descriptor '/home/tpi5/391_Project_pi/391_ws/install/joystick_controller/share/joystick_controller/package.dsv'
[6.925s] INFO:colcon.colcon_core.shell:Creating package script '/home/tpi5/391_Project_pi/391_ws/install/joystick_controller/share/joystick_controller/package.sh'
[6.926s] INFO:colcon.colcon_core.shell:Creating package script '/home/tpi5/391_Project_pi/391_ws/install/joystick_controller/share/joystick_controller/package.bash'
[6.927s] INFO:colcon.colcon_core.shell:Creating package script '/home/tpi5/391_Project_pi/391_ws/install/joystick_controller/share/joystick_controller/package.zsh'
[6.928s] Level 1:colcon.colcon_core.environment:create_file_with_runtime_dependencies(/home/tpi5/391_Project_pi/391_ws/install/joystick_controller/share/colcon-core/packages/joystick_controller)
[6.930s] INFO:colcon.colcon_ros.task.ament_python.build:Building ROS package in '/home/tpi5/391_Project_pi/391_ws/src/tao_controller' with build type 'ament_python'
[6.930s] Level 1:colcon.colcon_core.shell:create_environment_hook('tao_controller', 'ament_prefix_path')
[6.931s] INFO:colcon.colcon_core.shell:Creating environment hook '/home/tpi5/391_Project_pi/391_ws/install/tao_controller/share/tao_controller/hook/ament_prefix_path.ps1'
[6.932s] INFO:colcon.colcon_core.shell:Creating environment descriptor '/home/tpi5/391_Project_pi/391_ws/install/tao_controller/share/tao_controller/hook/ament_prefix_path.dsv'
[6.933s] INFO:colcon.colcon_core.shell:Creating environment hook '/home/tpi5/391_Project_pi/391_ws/install/tao_controller/share/tao_controller/hook/ament_prefix_path.sh'
[6.935s] INFO:colcon.colcon_core.shell:Skip shell extension 'powershell' for command environment: Not usable outside of PowerShell
[6.935s] DEBUG:colcon.colcon_core.shell:Skip shell extension 'dsv' for command environment
[7.386s] INFO:colcon.colcon_core.task.python.build:Building Python package in '/home/tpi5/391_Project_pi/391_ws/src/tao_controller'
[7.386s] INFO:colcon.colcon_core.shell:Skip shell extension 'powershell' for command environment: Not usable outside of PowerShell
[7.386s] DEBUG:colcon.colcon_core.shell:Skip shell extension 'dsv' for command environment
[7.394s] Level 1:colcon.colcon_core.environment:checking '/home/tpi5/391_Project_pi/391_ws/install/linear_controller' for CMake module files
[7.395s] Level 1:colcon.colcon_core.environment:checking '/home/tpi5/391_Project_pi/391_ws/install/linear_controller' for CMake config files
[7.396s] Level 1:colcon.colcon_core.environment:checking '/home/tpi5/391_Project_pi/391_ws/install/linear_controller/lib'
[7.396s] Level 1:colcon.colcon_core.environment:checking '/home/tpi5/391_Project_pi/391_ws/install/linear_controller/bin'
[7.396s] Level 1:colcon.colcon_core.environment:checking '/home/tpi5/391_Project_pi/391_ws/install/linear_controller/lib/pkgconfig/linear_controller.pc'
[7.396s] Level 1:colcon.colcon_core.environment:checking '/home/tpi5/391_Project_pi/391_ws/install/linear_controller/lib/python3.12/site-packages'
[7.397s] DEBUG:colcon.colcon_core.event_handler.log_command:Invoked command in '/home/tpi5/391_Project_pi/391_ws/src/linear_controller' returned '0': PYTHONPATH=/home/tpi5/391_Project_pi/391_ws/build/linear_controller/prefix_override:/usr/lib/python3/dist-packages/colcon_core/task/python/colcon_distutils_commands:/home/tpi5/391_Project_pi/391_ws/install/linear_controller/lib/python3.12/site-packages:${PYTHONPATH} /usr/bin/python3 -W ignore:setup.py install is deprecated -W ignore:easy_install command is deprecated setup.py egg_info --egg-base ../../build/linear_controller build --build-base /home/tpi5/391_Project_pi/391_ws/build/linear_controller/build install --record /home/tpi5/391_Project_pi/391_ws/build/linear_controller/install.log --single-version-externally-managed install_data
[7.397s] Level 1:colcon.colcon_core.shell:create_environment_hook('linear_controller', 'pythonpath')
[7.397s] INFO:colcon.colcon_core.shell:Creating environment hook '/home/tpi5/391_Project_pi/391_ws/install/linear_controller/share/linear_controller/hook/pythonpath.ps1'
[7.398s] INFO:colcon.colcon_core.shell:Creating environment descriptor '/home/tpi5/391_Project_pi/391_ws/install/linear_controller/share/linear_controller/hook/pythonpath.dsv'
[7.398s] INFO:colcon.colcon_core.shell:Creating environment hook '/home/tpi5/391_Project_pi/391_ws/install/linear_controller/share/linear_controller/hook/pythonpath.sh'
[7.400s] Level 1:colcon.colcon_core.environment:checking '/home/tpi5/391_Project_pi/391_ws/install/linear_controller/bin'
[7.400s] Level 1:colcon.colcon_core.environment:create_environment_scripts_only(linear_controller)
[7.401s] INFO:colcon.colcon_core.shell:Creating package script '/home/tpi5/391_Project_pi/391_ws/install/linear_controller/share/linear_controller/package.ps1'
[7.402s] INFO:colcon.colcon_core.shell:Creating package descriptor '/home/tpi5/391_Project_pi/391_ws/install/linear_controller/share/linear_controller/package.dsv'
[7.402s] INFO:colcon.colcon_core.shell:Creating package script '/home/tpi5/391_Project_pi/391_ws/install/linear_controller/share/linear_controller/package.sh'
[7.403s] INFO:colcon.colcon_core.shell:Creating package script '/home/tpi5/391_Project_pi/391_ws/install/linear_controller/share/linear_controller/package.bash'
[7.404s] INFO:colcon.colcon_core.shell:Creating package script '/home/tpi5/391_Project_pi/391_ws/install/linear_controller/share/linear_controller/package.zsh'
[7.405s] Level 1:colcon.colcon_core.environment:create_file_with_runtime_dependencies(/home/tpi5/391_Project_pi/391_ws/install/linear_controller/share/colcon-core/packages/linear_controller)
[7.727s] Level 1:colcon.colcon_core.environment:checking '/home/tpi5/391_Project_pi/391_ws/install/servo_dril_controller' for CMake module files
[7.728s] DEBUG:colcon.colcon_core.event_handler.log_command:Invoked command in '/home/tpi5/391_Project_pi/391_ws/src/servo_dril_controller' returned '0': PYTHONPATH=/home/tpi5/391_Project_pi/391_ws/build/servo_dril_controller/prefix_override:/usr/lib/python3/dist-packages/colcon_core/task/python/colcon_distutils_commands:/home/tpi5/391_Project_pi/391_ws/install/servo_dril_controller/lib/python3.12/site-packages:${PYTHONPATH} /usr/bin/python3 -W ignore:setup.py install is deprecated -W ignore:easy_install command is deprecated setup.py egg_info --egg-base ../../build/servo_dril_controller build --build-base /home/tpi5/391_Project_pi/391_ws/build/servo_dril_controller/build install --record /home/tpi5/391_Project_pi/391_ws/build/servo_dril_controller/install.log --single-version-externally-managed install_data
[7.728s] Level 1:colcon.colcon_core.environment:checking '/home/tpi5/391_Project_pi/391_ws/install/servo_dril_controller' for CMake config files
[7.729s] Level 1:colcon.colcon_core.environment:checking '/home/tpi5/391_Project_pi/391_ws/install/servo_dril_controller/lib'
[7.729s] Level 1:colcon.colcon_core.environment:checking '/home/tpi5/391_Project_pi/391_ws/install/servo_dril_controller/bin'
[7.729s] Level 1:colcon.colcon_core.environment:checking '/home/tpi5/391_Project_pi/391_ws/install/servo_dril_controller/lib/pkgconfig/servo_dril_controller.pc'
[7.730s] Level 1:colcon.colcon_core.environment:checking '/home/tpi5/391_Project_pi/391_ws/install/servo_dril_controller/lib/python3.12/site-packages'
[7.730s] Level 1:colcon.colcon_core.shell:create_environment_hook('servo_dril_controller', 'pythonpath')
[7.730s] INFO:colcon.colcon_core.shell:Creating environment hook '/home/tpi5/391_Project_pi/391_ws/install/servo_dril_controller/share/servo_dril_controller/hook/pythonpath.ps1'
[7.731s] INFO:colcon.colcon_core.shell:Creating environment descriptor '/home/tpi5/391_Project_pi/391_ws/install/servo_dril_controller/share/servo_dril_controller/hook/pythonpath.dsv'
[7.732s] INFO:colcon.colcon_core.shell:Creating environment hook '/home/tpi5/391_Project_pi/391_ws/install/servo_dril_controller/share/servo_dril_controller/hook/pythonpath.sh'
[7.734s] Level 1:colcon.colcon_core.environment:checking '/home/tpi5/391_Project_pi/391_ws/install/servo_dril_controller/bin'
[7.734s] Level 1:colcon.colcon_core.environment:create_environment_scripts_only(servo_dril_controller)
[7.734s] INFO:colcon.colcon_core.shell:Creating package script '/home/tpi5/391_Project_pi/391_ws/install/servo_dril_controller/share/servo_dril_controller/package.ps1'
[7.735s] INFO:colcon.colcon_core.shell:Creating package descriptor '/home/tpi5/391_Project_pi/391_ws/install/servo_dril_controller/share/servo_dril_controller/package.dsv'
[7.736s] INFO:colcon.colcon_core.shell:Creating package script '/home/tpi5/391_Project_pi/391_ws/install/servo_dril_controller/share/servo_dril_controller/package.sh'
[7.737s] INFO:colcon.colcon_core.shell:Creating package script '/home/tpi5/391_Project_pi/391_ws/install/servo_dril_controller/share/servo_dril_controller/package.bash'
[7.738s] INFO:colcon.colcon_core.shell:Creating package script '/home/tpi5/391_Project_pi/391_ws/install/servo_dril_controller/share/servo_dril_controller/package.zsh'
[7.739s] Level 1:colcon.colcon_core.environment:create_file_with_runtime_dependencies(/home/tpi5/391_Project_pi/391_ws/install/servo_dril_controller/share/colcon-core/packages/servo_dril_controller)
[7.771s] Level 1:colcon.colcon_core.environment:checking '/home/tpi5/391_Project_pi/391_ws/install/servo_switch180_controller' for CMake module files
[7.772s] DEBUG:colcon.colcon_core.event_handler.log_command:Invoked command in '/home/tpi5/391_Project_pi/391_ws/src/servo_switch180_controller' returned '0': PYTHONPATH=/home/tpi5/391_Project_pi/391_ws/build/servo_switch180_controller/prefix_override:/usr/lib/python3/dist-packages/colcon_core/task/python/colcon_distutils_commands:/home/tpi5/391_Project_pi/391_ws/install/servo_switch180_controller/lib/python3.12/site-packages:${PYTHONPATH} /usr/bin/python3 -W ignore:setup.py install is deprecated -W ignore:easy_install command is deprecated setup.py egg_info --egg-base ../../build/servo_switch180_controller build --build-base /home/tpi5/391_Project_pi/391_ws/build/servo_switch180_controller/build install --record /home/tpi5/391_Project_pi/391_ws/build/servo_switch180_controller/install.log --single-version-externally-managed install_data
[7.772s] Level 1:colcon.colcon_core.environment:checking '/home/tpi5/391_Project_pi/391_ws/install/servo_switch180_controller' for CMake config files
[7.773s] Level 1:colcon.colcon_core.environment:checking '/home/tpi5/391_Project_pi/391_ws/install/servo_switch180_controller/lib'
[7.773s] Level 1:colcon.colcon_core.environment:checking '/home/tpi5/391_Project_pi/391_ws/install/servo_switch180_controller/bin'
[7.773s] Level 1:colcon.colcon_core.environment:checking '/home/tpi5/391_Project_pi/391_ws/install/servo_switch180_controller/lib/pkgconfig/servo_switch180_controller.pc'
[7.773s] Level 1:colcon.colcon_core.environment:checking '/home/tpi5/391_Project_pi/391_ws/install/servo_switch180_controller/lib/python3.12/site-packages'
[7.774s] Level 1:colcon.colcon_core.shell:create_environment_hook('servo_switch180_controller', 'pythonpath')
[7.774s] INFO:colcon.colcon_core.shell:Creating environment hook '/home/tpi5/391_Project_pi/391_ws/install/servo_switch180_controller/share/servo_switch180_controller/hook/pythonpath.ps1'
[7.775s] INFO:colcon.colcon_core.shell:Creating environment descriptor '/home/tpi5/391_Project_pi/391_ws/install/servo_switch180_controller/share/servo_switch180_controller/hook/pythonpath.dsv'
[7.778s] INFO:colcon.colcon_core.shell:Creating environment hook '/home/tpi5/391_Project_pi/391_ws/install/servo_switch180_controller/share/servo_switch180_controller/hook/pythonpath.sh'
[7.780s] Level 1:colcon.colcon_core.environment:checking '/home/tpi5/391_Project_pi/391_ws/install/servo_switch180_controller/bin'
[7.780s] Level 1:colcon.colcon_core.environment:create_environment_scripts_only(servo_switch180_controller)
[7.780s] INFO:colcon.colcon_core.shell:Creating package script '/home/tpi5/391_Project_pi/391_ws/install/servo_switch180_controller/share/servo_switch180_controller/package.ps1'
[7.781s] INFO:colcon.colcon_core.shell:Creating package descriptor '/home/tpi5/391_Project_pi/391_ws/install/servo_switch180_controller/share/servo_switch180_controller/package.dsv'
[7.783s] INFO:colcon.colcon_core.shell:Creating package script '/home/tpi5/391_Project_pi/391_ws/install/servo_switch180_controller/share/servo_switch180_controller/package.sh'
[7.784s] INFO:colcon.colcon_core.shell:Creating package script '/home/tpi5/391_Project_pi/391_ws/install/servo_switch180_controller/share/servo_switch180_controller/package.bash'
[7.785s] INFO:colcon.colcon_core.shell:Creating package script '/home/tpi5/391_Project_pi/391_ws/install/servo_switch180_controller/share/servo_switch180_controller/package.zsh'
[7.789s] Level 1:colcon.colcon_core.environment:create_file_with_runtime_dependencies(/home/tpi5/391_Project_pi/391_ws/install/servo_switch180_controller/share/colcon-core/packages/servo_switch180_controller)
[8.303s] DEBUG:colcon.colcon_core.event_handler.log_command:Invoking command in '/home/tpi5/391_Project_pi/391_ws/src/tao_controller': PYTHONPATH=/home/tpi5/391_Project_pi/391_ws/build/tao_controller/prefix_override:/usr/lib/python3/dist-packages/colcon_core/task/python/colcon_distutils_commands:/home/tpi5/391_Project_pi/391_ws/install/tao_controller/lib/python3.12/site-packages:${PYTHONPATH} /usr/bin/python3 -W ignore:setup.py install is deprecated -W ignore:easy_install command is deprecated setup.py egg_info --egg-base ../../build/tao_controller build --build-base /home/tpi5/391_Project_pi/391_ws/build/tao_controller/build install --record /home/tpi5/391_Project_pi/391_ws/build/tao_controller/install.log --single-version-externally-managed install_data
[9.047s] Level 1:colcon.colcon_core.environment:checking '/home/tpi5/391_Project_pi/391_ws/install/tao_controller' for CMake module files
[9.047s] DEBUG:colcon.colcon_core.event_handler.log_command:Invoked command in '/home/tpi5/391_Project_pi/391_ws/src/tao_controller' returned '0': PYTHONPATH=/home/tpi5/391_Project_pi/391_ws/build/tao_controller/prefix_override:/usr/lib/python3/dist-packages/colcon_core/task/python/colcon_distutils_commands:/home/tpi5/391_Project_pi/391_ws/install/tao_controller/lib/python3.12/site-packages:${PYTHONPATH} /usr/bin/python3 -W ignore:setup.py install is deprecated -W ignore:easy_install command is deprecated setup.py egg_info --egg-base ../../build/tao_controller build --build-base /home/tpi5/391_Project_pi/391_ws/build/tao_controller/build install --record /home/tpi5/391_Project_pi/391_ws/build/tao_controller/install.log --single-version-externally-managed install_data
[9.048s] Level 1:colcon.colcon_core.environment:checking '/home/tpi5/391_Project_pi/391_ws/install/tao_controller' for CMake config files
[9.049s] Level 1:colcon.colcon_core.environment:checking '/home/tpi5/391_Project_pi/391_ws/install/tao_controller/lib'
[9.049s] Level 1:colcon.colcon_core.environment:checking '/home/tpi5/391_Project_pi/391_ws/install/tao_controller/bin'
[9.049s] Level 1:colcon.colcon_core.environment:checking '/home/tpi5/391_Project_pi/391_ws/install/tao_controller/lib/pkgconfig/tao_controller.pc'
[9.049s] Level 1:colcon.colcon_core.environment:checking '/home/tpi5/391_Project_pi/391_ws/install/tao_controller/lib/python3.12/site-packages'
[9.049s] Level 1:colcon.colcon_core.shell:create_environment_hook('tao_controller', 'pythonpath')
[9.049s] INFO:colcon.colcon_core.shell:Creating environment hook '/home/tpi5/391_Project_pi/391_ws/install/tao_controller/share/tao_controller/hook/pythonpath.ps1'
[9.050s] INFO:colcon.colcon_core.shell:Creating environment descriptor '/home/tpi5/391_Project_pi/391_ws/install/tao_controller/share/tao_controller/hook/pythonpath.dsv'
[9.051s] INFO:colcon.colcon_core.shell:Creating environment hook '/home/tpi5/391_Project_pi/391_ws/install/tao_controller/share/tao_controller/hook/pythonpath.sh'
[9.052s] Level 1:colcon.colcon_core.environment:checking '/home/tpi5/391_Project_pi/391_ws/install/tao_controller/bin'
[9.052s] Level 1:colcon.colcon_core.environment:create_environment_scripts_only(tao_controller)
[9.053s] INFO:colcon.colcon_core.shell:Creating package script '/home/tpi5/391_Project_pi/391_ws/install/tao_controller/share/tao_controller/package.ps1'
[9.053s] INFO:colcon.colcon_core.shell:Creating package descriptor '/home/tpi5/391_Project_pi/391_ws/install/tao_controller/share/tao_controller/package.dsv'
[9.054s] INFO:colcon.colcon_core.shell:Creating package script '/home/tpi5/391_Project_pi/391_ws/install/tao_controller/share/tao_controller/package.sh'
[9.055s] INFO:colcon.colcon_core.shell:Creating package script '/home/tpi5/391_Project_pi/391_ws/install/tao_controller/share/tao_controller/package.bash'
[9.055s] INFO:colcon.colcon_core.shell:Creating package script '/home/tpi5/391_Project_pi/391_ws/install/tao_controller/share/tao_controller/package.zsh'
[9.056s] Level 1:colcon.colcon_core.environment:create_file_with_runtime_dependencies(/home/tpi5/391_Project_pi/391_ws/install/tao_controller/share/colcon-core/packages/tao_controller)
[9.057s] INFO:colcon.colcon_ros.task.ament_python.build:Building ROS package in '/home/tpi5/391_Project_pi/391_ws/src/robot_bringup' with build type 'ament_python'
[9.057s] Level 1:colcon.colcon_core.shell:create_environment_hook('robot_bringup', 'ament_prefix_path')
[9.057s] INFO:colcon.colcon_core.shell:Creating environment hook '/home/tpi5/391_Project_pi/391_ws/install/robot_bringup/share/robot_bringup/hook/ament_prefix_path.ps1'
[9.058s] INFO:colcon.colcon_core.shell:Creating environment descriptor '/home/tpi5/391_Project_pi/391_ws/install/robot_bringup/share/robot_bringup/hook/ament_prefix_path.dsv'
[9.060s] INFO:colcon.colcon_core.shell:Creating environment hook '/home/tpi5/391_Project_pi/391_ws/install/robot_bringup/share/robot_bringup/hook/ament_prefix_path.sh'
[9.062s] INFO:colcon.colcon_core.shell:Skip shell extension 'powershell' for command environment: Not usable outside of PowerShell
[9.062s] DEBUG:colcon.colcon_core.shell:Skip shell extension 'dsv' for command environment
[9.405s] INFO:colcon.colcon_core.task.python.build:Building Python package in '/home/tpi5/391_Project_pi/391_ws/src/robot_bringup'
[9.406s] INFO:colcon.colcon_core.shell:Skip shell extension 'powershell' for command environment: Not usable outside of PowerShell
[9.406s] DEBUG:colcon.colcon_core.shell:Skip shell extension 'dsv' for command environment
[10.250s] DEBUG:colcon.colcon_core.event_handler.log_command:Invoking command in '/home/tpi5/391_Project_pi/391_ws/src/robot_bringup': AMENT_PREFIX_PATH=/home/tpi5/391_Project_pi/391_ws/install/tao_controller:/home/tpi5/391_Project_pi/391_ws/install/servo_switch180_controller:/home/tpi5/391_Project_pi/391_ws/install/servo_dril_controller:/home/tpi5/391_Project_pi/391_ws/install/linear_controller:/home/tpi5/391_Project_pi/391_ws/install/joystick_controller:/home/tpi5/391_Project_pi/391_ws/install/gripper_controller:/home/tpi5/391_Project_pi/391_ws/install/dual_cam_mjpeg_server:/home/tpi5/391_Project_pi/391_ws/install/drive_controller:/home/tpi5/391_Project_pi/391_ws/install/dril_controller:/home/tpi5/391_Project_pi/391_ws/install/robot_bringup:/home/tpi5/391_Project_pi/install/tao_controller:/home/tpi5/391_Project_pi/install/servo_switch180_controller:/home/tpi5/391_Project_pi/install/servo_dril_controller:/home/tpi5/391_Project_pi/install/servo_controller:/home/tpi5/391_Project_pi/install/linear_controller:/home/tpi5/391_Project_pi/install/joystick_controller:/home/tpi5/391_Project_pi/install/gripper_controller:/home/tpi5/391_Project_pi/install/dual_cam_mjpeg_server:/home/tpi5/391_Project_pi/install/drive_controller:/home/tpi5/391_Project_pi/install/dril_controller:/home/tpi5/391_Project/391_ws/install/joystick_controller:/home/tpi5/391_Project/391_ws/install/drive_controller:/home/tpi5/uros_ws/install/micro_ros_setup:/home/tpi5/uros_ws/install/micro_ros_agent:/home/tpi5/uros_ws/install/micro_ros_msgs:/opt/ros/jazzy PYTHONPATH=/home/tpi5/391_Project_pi/391_ws/build/robot_bringup/prefix_override:/usr/lib/python3/dist-packages/colcon_core/task/python/colcon_distutils_commands:/home/tpi5/391_Project_pi/391_ws/install/robot_bringup/lib/python3.12/site-packages:/home/tpi5/391_Project_pi/391_ws/install/tao_controller/lib/python3.12/site-packages:/home/tpi5/391_Project_pi/391_ws/install/servo_switch180_controller/lib/python3.12/site-packages:/home/tpi5/391_Project_pi/391_ws/install/servo_dril_controller/lib/python3.12/site-packages:/home/tpi5/391_Project_pi/391_ws/install/linear_controller/lib/python3.12/site-packages:/home/tpi5/391_Project_pi/391_ws/install/joystick_controller/lib/python3.12/site-packages:/home/tpi5/391_Project_pi/391_ws/install/gripper_controller/lib/python3.12/site-packages:/home/tpi5/391_Project_pi/391_ws/install/dual_cam_mjpeg_server/lib/python3.12/site-packages:/home/tpi5/391_Project_pi/391_ws/install/drive_controller/lib/python3.12/site-packages:/home/tpi5/391_Project_pi/391_ws/install/dril_controller/lib/python3.12/site-packages:/home/tpi5/391_Project_pi/391_ws/install/robot_bringup/lib/python3.12/site-packages:/home/tpi5/391_Project_pi/install/tao_controller/lib/python3.12/site-packages:/home/tpi5/391_Project_pi/install/servo_switch180_controller/lib/python3.12/site-packages:/home/tpi5/391_Project_pi/install/servo_dril_controller/lib/python3.12/site-packages:/home/tpi5/391_Project_pi/install/servo_controller/lib/python3.12/site-packages:/home/tpi5/391_Project_pi/install/linear_controller/lib/python3.12/site-packages:/home/tpi5/391_Project_pi/install/joystick_controller/lib/python3.12/site-packages:/home/tpi5/391_Project_pi/install/gripper_controller/lib/python3.12/site-packages:/home/tpi5/391_Project_pi/install/dual_cam_mjpeg_server/lib/python3.12/site-packages:/home/tpi5/391_Project_pi/install/drive_controller/lib/python3.12/site-packages:/home/tpi5/391_Project_pi/install/dril_controller/lib/python3.12/site-packages:/home/tpi5/391_Project/391_ws/install/joystick_controller/lib/python3.12/site-packages:/home/tpi5/391_Project/391_ws/install/drive_controller/lib/python3.12/site-packages:/home/tpi5/uros_ws/install/micro_ros_msgs/lib/python3.12/site-packages:/opt/ros/jazzy/lib/python3.12/site-packages /usr/bin/python3 -W ignore:setup.py install is deprecated -W ignore:easy_install command is deprecated setup.py egg_info --egg-base ../../build/robot_bringup build --build-base /home/tpi5/391_Project_pi/391_ws/build/robot_bringup/build install --record /home/tpi5/391_Project_pi/391_ws/build/robot_bringup/install.log --single-version-externally-managed install_data
[11.003s] Level 1:colcon.colcon_core.environment:checking '/home/tpi5/391_Project_pi/391_ws/install/robot_bringup' for CMake module files
[11.004s] DEBUG:colcon.colcon_core.event_handler.log_command:Invoked command in '/home/tpi5/391_Project_pi/391_ws/src/robot_bringup' returned '0': AMENT_PREFIX_PATH=/home/tpi5/391_Project_pi/391_ws/install/tao_controller:/home/tpi5/391_Project_pi/391_ws/install/servo_switch180_controller:/home/tpi5/391_Project_pi/391_ws/install/servo_dril_controller:/home/tpi5/391_Project_pi/391_ws/install/linear_controller:/home/tpi5/391_Project_pi/391_ws/install/joystick_controller:/home/tpi5/391_Project_pi/391_ws/install/gripper_controller:/home/tpi5/391_Project_pi/391_ws/install/dual_cam_mjpeg_server:/home/tpi5/391_Project_pi/391_ws/install/drive_controller:/home/tpi5/391_Project_pi/391_ws/install/dril_controller:/home/tpi5/391_Project_pi/391_ws/install/robot_bringup:/home/tpi5/391_Project_pi/install/tao_controller:/home/tpi5/391_Project_pi/install/servo_switch180_controller:/home/tpi5/391_Project_pi/install/servo_dril_controller:/home/tpi5/391_Project_pi/install/servo_controller:/home/tpi5/391_Project_pi/install/linear_controller:/home/tpi5/391_Project_pi/install/joystick_controller:/home/tpi5/391_Project_pi/install/gripper_controller:/home/tpi5/391_Project_pi/install/dual_cam_mjpeg_server:/home/tpi5/391_Project_pi/install/drive_controller:/home/tpi5/391_Project_pi/install/dril_controller:/home/tpi5/391_Project/391_ws/install/joystick_controller:/home/tpi5/391_Project/391_ws/install/drive_controller:/home/tpi5/uros_ws/install/micro_ros_setup:/home/tpi5/uros_ws/install/micro_ros_agent:/home/tpi5/uros_ws/install/micro_ros_msgs:/opt/ros/jazzy PYTHONPATH=/home/tpi5/391_Project_pi/391_ws/build/robot_bringup/prefix_override:/usr/lib/python3/dist-packages/colcon_core/task/python/colcon_distutils_commands:/home/tpi5/391_Project_pi/391_ws/install/robot_bringup/lib/python3.12/site-packages:/home/tpi5/391_Project_pi/391_ws/install/tao_controller/lib/python3.12/site-packages:/home/tpi5/391_Project_pi/391_ws/install/servo_switch180_controller/lib/python3.12/site-packages:/home/tpi5/391_Project_pi/391_ws/install/servo_dril_controller/lib/python3.12/site-packages:/home/tpi5/391_Project_pi/391_ws/install/linear_controller/lib/python3.12/site-packages:/home/tpi5/391_Project_pi/391_ws/install/joystick_controller/lib/python3.12/site-packages:/home/tpi5/391_Project_pi/391_ws/install/gripper_controller/lib/python3.12/site-packages:/home/tpi5/391_Project_pi/391_ws/install/dual_cam_mjpeg_server/lib/python3.12/site-packages:/home/tpi5/391_Project_pi/391_ws/install/drive_controller/lib/python3.12/site-packages:/home/tpi5/391_Project_pi/391_ws/install/dril_controller/lib/python3.12/site-packages:/home/tpi5/391_Project_pi/391_ws/install/robot_bringup/lib/python3.12/site-packages:/home/tpi5/391_Project_pi/install/tao_controller/lib/python3.12/site-packages:/home/tpi5/391_Project_pi/install/servo_switch180_controller/lib/python3.12/site-packages:/home/tpi5/391_Project_pi/install/servo_dril_controller/lib/python3.12/site-packages:/home/tpi5/391_Project_pi/install/servo_controller/lib/python3.12/site-packages:/home/tpi5/391_Project_pi/install/linear_controller/lib/python3.12/site-packages:/home/tpi5/391_Project_pi/install/joystick_controller/lib/python3.12/site-packages:/home/tpi5/391_Project_pi/install/gripper_controller/lib/python3.12/site-packages:/home/tpi5/391_Project_pi/install/dual_cam_mjpeg_server/lib/python3.12/site-packages:/home/tpi5/391_Project_pi/install/drive_controller/lib/python3.12/site-packages:/home/tpi5/391_Project_pi/install/dril_controller/lib/python3.12/site-packages:/home/tpi5/391_Project/391_ws/install/joystick_controller/lib/python3.12/site-packages:/home/tpi5/391_Project/391_ws/install/drive_controller/lib/python3.12/site-packages:/home/tpi5/uros_ws/install/micro_ros_msgs/lib/python3.12/site-packages:/opt/ros/jazzy/lib/python3.12/site-packages /usr/bin/python3 -W ignore:setup.py install is deprecated -W ignore:easy_install command is deprecated setup.py egg_info --egg-base ../../build/robot_bringup build --build-base /home/tpi5/391_Project_pi/391_ws/build/robot_bringup/build install --record /home/tpi5/391_Project_pi/391_ws/build/robot_bringup/install.log --single-version-externally-managed install_data
[11.004s] Level 1:colcon.colcon_core.environment:checking '/home/tpi5/391_Project_pi/391_ws/install/robot_bringup' for CMake config files
[11.005s] Level 1:colcon.colcon_core.environment:checking '/home/tpi5/391_Project_pi/391_ws/install/robot_bringup/lib'
[11.005s] Level 1:colcon.colcon_core.environment:checking '/home/tpi5/391_Project_pi/391_ws/install/robot_bringup/bin'
[11.005s] Level 1:colcon.colcon_core.environment:checking '/home/tpi5/391_Project_pi/391_ws/install/robot_bringup/lib/pkgconfig/robot_bringup.pc'
[11.005s] Level 1:colcon.colcon_core.environment:checking '/home/tpi5/391_Project_pi/391_ws/install/robot_bringup/lib/python3.12/site-packages'
[11.006s] Level 1:colcon.colcon_core.shell:create_environment_hook('robot_bringup', 'pythonpath')
[11.006s] INFO:colcon.colcon_core.shell:Creating environment hook '/home/tpi5/391_Project_pi/391_ws/install/robot_bringup/share/robot_bringup/hook/pythonpath.ps1'
[11.006s] INFO:colcon.colcon_core.shell:Creating environment descriptor '/home/tpi5/391_Project_pi/391_ws/install/robot_bringup/share/robot_bringup/hook/pythonpath.dsv'
[11.007s] INFO:colcon.colcon_core.shell:Creating environment hook '/home/tpi5/391_Project_pi/391_ws/install/robot_bringup/share/robot_bringup/hook/pythonpath.sh'
[11.009s] Level 1:colcon.colcon_core.environment:checking '/home/tpi5/391_Project_pi/391_ws/install/robot_bringup/bin'
[11.009s] Level 1:colcon.colcon_core.environment:create_environment_scripts_only(robot_bringup)
[11.009s] INFO:colcon.colcon_core.shell:Creating package script '/home/tpi5/391_Project_pi/391_ws/install/robot_bringup/share/robot_bringup/package.ps1'
[11.010s] INFO:colcon.colcon_core.shell:Creating package descriptor '/home/tpi5/391_Project_pi/391_ws/install/robot_bringup/share/robot_bringup/package.dsv'
[11.011s] INFO:colcon.colcon_core.shell:Creating package script '/home/tpi5/391_Project_pi/391_ws/install/robot_bringup/share/robot_bringup/package.sh'
[11.011s] INFO:colcon.colcon_core.shell:Creating package script '/home/tpi5/391_Project_pi/391_ws/install/robot_bringup/share/robot_bringup/package.bash'
[11.012s] INFO:colcon.colcon_core.shell:Creating package script '/home/tpi5/391_Project_pi/391_ws/install/robot_bringup/share/robot_bringup/package.zsh'
[11.012s] Level 1:colcon.colcon_core.environment:create_file_with_runtime_dependencies(/home/tpi5/391_Project_pi/391_ws/install/robot_bringup/share/colcon-core/packages/robot_bringup)
[11.012s] DEBUG:colcon.colcon_parallel_executor.executor.parallel:closing loop
[11.013s] DEBUG:colcon.colcon_parallel_executor.executor.parallel:loop closed
[11.013s] DEBUG:colcon.colcon_parallel_executor.executor.parallel:run_until_complete finished with '0'
[11.013s] DEBUG:colcon.colcon_core.event_reactor:joining thread
[11.022s] INFO:colcon.colcon_core.plugin_system:Skipping extension 'colcon_notification.desktop_notification.notify_send': Could not find 'notify-send'
[11.022s] INFO:colcon.colcon_core.plugin_system:Skipping extension 'colcon_notification.desktop_notification.terminal_notifier': Not used on non-Darwin systems
[11.022s] INFO:colcon.colcon_core.plugin_system:Skipping extension 'colcon_notification.desktop_notification.win32': Not used on non-Windows systems
[11.022s] INFO:colcon.colcon_notification.desktop_notification:Sending desktop notification using 'notify2'
[11.023s] DEBUG:colcon.colcon_notification.desktop_notification.notify2:Failed to initialize notify2: org.freedesktop.DBus.Error.ServiceUnknown: The name org.freedesktop.Notifications was not provided by any .service files
[11.023s] DEBUG:colcon.colcon_core.event_reactor:joined thread
[11.024s] INFO:colcon.colcon_core.shell:Creating prefix script '/home/tpi5/391_Project_pi/391_ws/install/local_setup.ps1'
[11.025s] INFO:colcon.colcon_core.shell:Creating prefix util module '/home/tpi5/391_Project_pi/391_ws/install/_local_setup_util_ps1.py'
[11.027s] INFO:colcon.colcon_core.shell:Creating prefix chain script '/home/tpi5/391_Project_pi/391_ws/install/setup.ps1'
[11.029s] INFO:colcon.colcon_core.shell:Creating prefix script '/home/tpi5/391_Project_pi/391_ws/install/local_setup.sh'
[11.030s] INFO:colcon.colcon_core.shell:Creating prefix util module '/home/tpi5/391_Project_pi/391_ws/install/_local_setup_util_sh.py'
[11.031s] INFO:colcon.colcon_core.shell:Creating prefix chain script '/home/tpi5/391_Project_pi/391_ws/install/setup.sh'
[11.035s] INFO:colcon.colcon_core.shell:Creating prefix script '/home/tpi5/391_Project_pi/391_ws/install/local_setup.bash'
[11.037s] INFO:colcon.colcon_core.shell:Creating prefix chain script '/home/tpi5/391_Project_pi/391_ws/install/setup.bash'
[11.040s] INFO:colcon.colcon_core.shell:Creating prefix script '/home/tpi5/391_Project_pi/391_ws/install/local_setup.zsh'
[11.040s] INFO:colcon.colcon_core.shell:Creating prefix chain script '/home/tpi5/391_Project_pi/391_ws/install/setup.zsh'
