[0.418s] DEBUG:colcon:Command line arguments: ['/usr/bin/colcon', 'build']
[0.418s] DEBUG:colcon:Parsed command line arguments: Namespace(log_base=None, log_level=None, verb_name='build', build_base='build', install_base='install', merge_install=False, symlink_install=False, test_result_base=None, continue_on_error=False, executor='parallel', parallel_workers=4, event_handlers=None, ignore_user_meta=False, metas=['./colcon.meta'], base_paths=['.'], packages_ignore=None, packages_ignore_regex=None, paths=None, packages_up_to=None, packages_up_to_regex=None, packages_above=None, packages_above_and_dependencies=None, packages_above_depth=None, packages_select_by_dep=None, packages_skip_by_dep=None, packages_skip_up_to=None, packages_select_build_failed=False, packages_skip_build_finished=False, packages_select_test_failures=False, packages_skip_test_passed=False, packages_select=None, packages_skip=None, packages_select_regex=None, packages_skip_regex=None, packages_start=None, packages_end=None, allow_overriding=[], cmake_args=None, cmake_target=None, cmake_target_skip_unavailable=False, cmake_clean_cache=False, cmake_clean_first=False, cmake_force_configure=False, ament_cmake_args=None, catkin_cmake_args=None, catkin_skip_building_tests=False, mixin_files=None, mixin=None, verb_parser=<colcon_mixin.mixin.mixin_argument.MixinArgumentDecorator object at 0xffffa8cdddc0>, verb_extension=<colcon_core.verb.build.BuildVerb object at 0xffffa8e9a570>, main=<bound method BuildVerb.main of <colcon_core.verb.build.BuildVerb object at 0xffffa8e9a570>>, mixin_verb=('build',))
[0.538s] Level 1:colcon.colcon_core.package_discovery:discover_packages(colcon_meta) check parameters
[0.538s] Level 1:colcon.colcon_core.package_discovery:discover_packages(recursive) check parameters
[0.538s] Level 1:colcon.colcon_core.package_discovery:discover_packages(ignore) check parameters
[0.538s] Level 1:colcon.colcon_core.package_discovery:discover_packages(path) check parameters
[0.538s] Level 1:colcon.colcon_core.package_discovery:discover_packages(colcon_meta) discover
[0.538s] Level 1:colcon.colcon_core.package_discovery:discover_packages(recursive) discover
[0.538s] INFO:colcon.colcon_core.package_discovery:Crawling recursively for packages in '/home/tpi5/391_Project_pi/391_ws'
[0.538s] Level 1:colcon.colcon_core.package_identification:_identify(.) by extensions ['ignore', 'ignore_ament_install']
[0.538s] Level 1:colcon.colcon_core.package_identification:_identify(.) by extension 'ignore'
[0.538s] Level 1:colcon.colcon_core.package_identification:_identify(.) by extension 'ignore_ament_install'
[0.539s] Level 1:colcon.colcon_core.package_identification:_identify(.) by extensions ['colcon_pkg']
[0.539s] Level 1:colcon.colcon_core.package_identification:_identify(.) by extension 'colcon_pkg'
[0.539s] Level 1:colcon.colcon_core.package_identification:_identify(.) by extensions ['colcon_meta']
[0.539s] Level 1:colcon.colcon_core.package_identification:_identify(.) by extension 'colcon_meta'
[0.539s] Level 1:colcon.colcon_core.package_identification:_identify(.) by extensions ['ros']
[0.539s] Level 1:colcon.colcon_core.package_identification:_identify(.) by extension 'ros'
[0.596s] Level 1:colcon.colcon_core.package_identification:_identify(.) by extensions ['cmake', 'python']
[0.596s] Level 1:colcon.colcon_core.package_identification:_identify(.) by extension 'cmake'
[0.596s] Level 1:colcon.colcon_core.package_identification:_identify(.) by extension 'python'
[0.596s] Level 1:colcon.colcon_core.package_identification:_identify(.) by extensions ['python_setup_py']
[0.596s] Level 1:colcon.colcon_core.package_identification:_identify(.) by extension 'python_setup_py'
[0.596s] Level 1:colcon.colcon_core.package_identification:_identify(build) by extensions ['ignore', 'ignore_ament_install']
[0.596s] Level 1:colcon.colcon_core.package_identification:_identify(build) by extension 'ignore'
[0.596s] Level 1:colcon.colcon_core.package_identification:_identify(build) ignored
[0.597s] Level 1:colcon.colcon_core.package_identification:_identify(install) by extensions ['ignore', 'ignore_ament_install']
[0.597s] Level 1:colcon.colcon_core.package_identification:_identify(install) by extension 'ignore'
[0.597s] Level 1:colcon.colcon_core.package_identification:_identify(install) ignored
[0.597s] Level 1:colcon.colcon_core.package_identification:_identify(log) by extensions ['ignore', 'ignore_ament_install']
[0.597s] Level 1:colcon.colcon_core.package_identification:_identify(log) by extension 'ignore'
[0.597s] Level 1:colcon.colcon_core.package_identification:_identify(log) ignored
[0.597s] Level 1:colcon.colcon_core.package_identification:_identify(src) by extensions ['ignore', 'ignore_ament_install']
[0.597s] Level 1:colcon.colcon_core.package_identification:_identify(src) by extension 'ignore'
[0.597s] Level 1:colcon.colcon_core.package_identification:_identify(src) by extension 'ignore_ament_install'
[0.597s] Level 1:colcon.colcon_core.package_identification:_identify(src) by extensions ['colcon_pkg']
[0.597s] Level 1:colcon.colcon_core.package_identification:_identify(src) by extension 'colcon_pkg'
[0.598s] Level 1:colcon.colcon_core.package_identification:_identify(src) by extensions ['colcon_meta']
[0.598s] Level 1:colcon.colcon_core.package_identification:_identify(src) by extension 'colcon_meta'
[0.598s] Level 1:colcon.colcon_core.package_identification:_identify(src) by extensions ['ros']
[0.598s] Level 1:colcon.colcon_core.package_identification:_identify(src) by extension 'ros'
[0.598s] Level 1:colcon.colcon_core.package_identification:_identify(src) by extensions ['cmake', 'python']
[0.598s] Level 1:colcon.colcon_core.package_identification:_identify(src) by extension 'cmake'
[0.598s] Level 1:colcon.colcon_core.package_identification:_identify(src) by extension 'python'
[0.598s] Level 1:colcon.colcon_core.package_identification:_identify(src) by extensions ['python_setup_py']
[0.598s] Level 1:colcon.colcon_core.package_identification:_identify(src) by extension 'python_setup_py'
[0.598s] Level 1:colcon.colcon_core.package_identification:_identify(src/build) by extensions ['ignore', 'ignore_ament_install']
[0.598s] Level 1:colcon.colcon_core.package_identification:_identify(src/build) by extension 'ignore'
[0.598s] Level 1:colcon.colcon_core.package_identification:_identify(src/build) ignored
[0.598s] Level 1:colcon.colcon_core.package_identification:_identify(src/dril_controller) by extensions ['ignore', 'ignore_ament_install']
[0.598s] Level 1:colcon.colcon_core.package_identification:_identify(src/dril_controller) by extension 'ignore'
[0.598s] Level 1:colcon.colcon_core.package_identification:_identify(src/dril_controller) by extension 'ignore_ament_install'
[0.599s] Level 1:colcon.colcon_core.package_identification:_identify(src/dril_controller) by extensions ['colcon_pkg']
[0.599s] Level 1:colcon.colcon_core.package_identification:_identify(src/dril_controller) by extension 'colcon_pkg'
[0.599s] Level 1:colcon.colcon_core.package_identification:_identify(src/dril_controller) by extensions ['colcon_meta']
[0.599s] Level 1:colcon.colcon_core.package_identification:_identify(src/dril_controller) by extension 'colcon_meta'
[0.599s] Level 1:colcon.colcon_core.package_identification:_identify(src/dril_controller) by extensions ['ros']
[0.599s] Level 1:colcon.colcon_core.package_identification:_identify(src/dril_controller) by extension 'ros'
[0.604s] DEBUG:colcon.colcon_core.package_identification:Package 'src/dril_controller' with type 'ros.ament_python' and name 'dril_controller'
[0.604s] Level 1:colcon.colcon_core.package_identification:_identify(src/drive_controller) by extensions ['ignore', 'ignore_ament_install']
[0.604s] Level 1:colcon.colcon_core.package_identification:_identify(src/drive_controller) by extension 'ignore'
[0.604s] Level 1:colcon.colcon_core.package_identification:_identify(src/drive_controller) by extension 'ignore_ament_install'
[0.604s] Level 1:colcon.colcon_core.package_identification:_identify(src/drive_controller) by extensions ['colcon_pkg']
[0.604s] Level 1:colcon.colcon_core.package_identification:_identify(src/drive_controller) by extension 'colcon_pkg'
[0.605s] Level 1:colcon.colcon_core.package_identification:_identify(src/drive_controller) by extensions ['colcon_meta']
[0.605s] Level 1:colcon.colcon_core.package_identification:_identify(src/drive_controller) by extension 'colcon_meta'
[0.605s] Level 1:colcon.colcon_core.package_identification:_identify(src/drive_controller) by extensions ['ros']
[0.605s] Level 1:colcon.colcon_core.package_identification:_identify(src/drive_controller) by extension 'ros'
[0.606s] DEBUG:colcon.colcon_core.package_identification:Package 'src/drive_controller' with type 'ros.ament_python' and name 'drive_controller'
[0.606s] Level 1:colcon.colcon_core.package_identification:_identify(src/dual_cam_mjpeg_server) by extensions ['ignore', 'ignore_ament_install']
[0.606s] Level 1:colcon.colcon_core.package_identification:_identify(src/dual_cam_mjpeg_server) by extension 'ignore'
[0.606s] Level 1:colcon.colcon_core.package_identification:_identify(src/dual_cam_mjpeg_server) by extension 'ignore_ament_install'
[0.606s] Level 1:colcon.colcon_core.package_identification:_identify(src/dual_cam_mjpeg_server) by extensions ['colcon_pkg']
[0.606s] Level 1:colcon.colcon_core.package_identification:_identify(src/dual_cam_mjpeg_server) by extension 'colcon_pkg'
[0.606s] Level 1:colcon.colcon_core.package_identification:_identify(src/dual_cam_mjpeg_server) by extensions ['colcon_meta']
[0.606s] Level 1:colcon.colcon_core.package_identification:_identify(src/dual_cam_mjpeg_server) by extension 'colcon_meta'
[0.606s] Level 1:colcon.colcon_core.package_identification:_identify(src/dual_cam_mjpeg_server) by extensions ['ros']
[0.606s] Level 1:colcon.colcon_core.package_identification:_identify(src/dual_cam_mjpeg_server) by extension 'ros'
[0.607s] DEBUG:colcon.colcon_core.package_identification:Package 'src/dual_cam_mjpeg_server' with type 'ros.ament_python' and name 'dual_cam_mjpeg_server'
[0.608s] Level 1:colcon.colcon_core.package_identification:_identify(src/gripper_controller) by extensions ['ignore', 'ignore_ament_install']
[0.608s] Level 1:colcon.colcon_core.package_identification:_identify(src/gripper_controller) by extension 'ignore'
[0.608s] Level 1:colcon.colcon_core.package_identification:_identify(src/gripper_controller) by extension 'ignore_ament_install'
[0.608s] Level 1:colcon.colcon_core.package_identification:_identify(src/gripper_controller) by extensions ['colcon_pkg']
[0.608s] Level 1:colcon.colcon_core.package_identification:_identify(src/gripper_controller) by extension 'colcon_pkg'
[0.608s] Level 1:colcon.colcon_core.package_identification:_identify(src/gripper_controller) by extensions ['colcon_meta']
[0.608s] Level 1:colcon.colcon_core.package_identification:_identify(src/gripper_controller) by extension 'colcon_meta'
[0.608s] Level 1:colcon.colcon_core.package_identification:_identify(src/gripper_controller) by extensions ['ros']
[0.608s] Level 1:colcon.colcon_core.package_identification:_identify(src/gripper_controller) by extension 'ros'
[0.609s] DEBUG:colcon.colcon_core.package_identification:Package 'src/gripper_controller' with type 'ros.ament_python' and name 'gripper_controller'
[0.610s] Level 1:colcon.colcon_core.package_identification:_identify(src/install) by extensions ['ignore', 'ignore_ament_install']
[0.610s] Level 1:colcon.colcon_core.package_identification:_identify(src/install) by extension 'ignore'
[0.610s] Level 1:colcon.colcon_core.package_identification:_identify(src/install) ignored
[0.610s] Level 1:colcon.colcon_core.package_identification:_identify(src/joystick_controller) by extensions ['ignore', 'ignore_ament_install']
[0.610s] Level 1:colcon.colcon_core.package_identification:_identify(src/joystick_controller) by extension 'ignore'
[0.610s] Level 1:colcon.colcon_core.package_identification:_identify(src/joystick_controller) by extension 'ignore_ament_install'
[0.610s] Level 1:colcon.colcon_core.package_identification:_identify(src/joystick_controller) by extensions ['colcon_pkg']
[0.610s] Level 1:colcon.colcon_core.package_identification:_identify(src/joystick_controller) by extension 'colcon_pkg'
[0.610s] Level 1:colcon.colcon_core.package_identification:_identify(src/joystick_controller) by extensions ['colcon_meta']
[0.610s] Level 1:colcon.colcon_core.package_identification:_identify(src/joystick_controller) by extension 'colcon_meta'
[0.610s] Level 1:colcon.colcon_core.package_identification:_identify(src/joystick_controller) by extensions ['ros']
[0.610s] Level 1:colcon.colcon_core.package_identification:_identify(src/joystick_controller) by extension 'ros'
[0.611s] DEBUG:colcon.colcon_core.package_identification:Package 'src/joystick_controller' with type 'ros.ament_python' and name 'joystick_controller'
[0.611s] Level 1:colcon.colcon_core.package_identification:_identify(src/linear_controller) by extensions ['ignore', 'ignore_ament_install']
[0.612s] Level 1:colcon.colcon_core.package_identification:_identify(src/linear_controller) by extension 'ignore'
[0.612s] Level 1:colcon.colcon_core.package_identification:_identify(src/linear_controller) by extension 'ignore_ament_install'
[0.612s] Level 1:colcon.colcon_core.package_identification:_identify(src/linear_controller) by extensions ['colcon_pkg']
[0.612s] Level 1:colcon.colcon_core.package_identification:_identify(src/linear_controller) by extension 'colcon_pkg'
[0.612s] Level 1:colcon.colcon_core.package_identification:_identify(src/linear_controller) by extensions ['colcon_meta']
[0.612s] Level 1:colcon.colcon_core.package_identification:_identify(src/linear_controller) by extension 'colcon_meta'
[0.612s] Level 1:colcon.colcon_core.package_identification:_identify(src/linear_controller) by extensions ['ros']
[0.612s] Level 1:colcon.colcon_core.package_identification:_identify(src/linear_controller) by extension 'ros'
[0.613s] DEBUG:colcon.colcon_core.package_identification:Package 'src/linear_controller' with type 'ros.ament_python' and name 'linear_controller'
[0.613s] Level 1:colcon.colcon_core.package_identification:_identify(src/log) by extensions ['ignore', 'ignore_ament_install']
[0.613s] Level 1:colcon.colcon_core.package_identification:_identify(src/log) by extension 'ignore'
[0.613s] Level 1:colcon.colcon_core.package_identification:_identify(src/log) ignored
[0.613s] Level 1:colcon.colcon_core.package_identification:_identify(src/robot_bringup) by extensions ['ignore', 'ignore_ament_install']
[0.613s] Level 1:colcon.colcon_core.package_identification:_identify(src/robot_bringup) by extension 'ignore'
[0.613s] Level 1:colcon.colcon_core.package_identification:_identify(src/robot_bringup) by extension 'ignore_ament_install'
[0.613s] Level 1:colcon.colcon_core.package_identification:_identify(src/robot_bringup) by extensions ['colcon_pkg']
[0.613s] Level 1:colcon.colcon_core.package_identification:_identify(src/robot_bringup) by extension 'colcon_pkg'
[0.614s] Level 1:colcon.colcon_core.package_identification:_identify(src/robot_bringup) by extensions ['colcon_meta']
[0.614s] Level 1:colcon.colcon_core.package_identification:_identify(src/robot_bringup) by extension 'colcon_meta'
[0.614s] Level 1:colcon.colcon_core.package_identification:_identify(src/robot_bringup) by extensions ['ros']
[0.614s] Level 1:colcon.colcon_core.package_identification:_identify(src/robot_bringup) by extension 'ros'
[0.615s] DEBUG:colcon.colcon_core.package_identification:Package 'src/robot_bringup' with type 'ros.ament_python' and name 'robot_bringup'
[0.615s] Level 1:colcon.colcon_core.package_identification:_identify(src/servo_dril_controller) by extensions ['ignore', 'ignore_ament_install']
[0.615s] Level 1:colcon.colcon_core.package_identification:_identify(src/servo_dril_controller) by extension 'ignore'
[0.615s] Level 1:colcon.colcon_core.package_identification:_identify(src/servo_dril_controller) by extension 'ignore_ament_install'
[0.615s] Level 1:colcon.colcon_core.package_identification:_identify(src/servo_dril_controller) by extensions ['colcon_pkg']
[0.615s] Level 1:colcon.colcon_core.package_identification:_identify(src/servo_dril_controller) by extension 'colcon_pkg'
[0.615s] Level 1:colcon.colcon_core.package_identification:_identify(src/servo_dril_controller) by extensions ['colcon_meta']
[0.615s] Level 1:colcon.colcon_core.package_identification:_identify(src/servo_dril_controller) by extension 'colcon_meta'
[0.615s] Level 1:colcon.colcon_core.package_identification:_identify(src/servo_dril_controller) by extensions ['ros']
[0.615s] Level 1:colcon.colcon_core.package_identification:_identify(src/servo_dril_controller) by extension 'ros'
[0.616s] DEBUG:colcon.colcon_core.package_identification:Package 'src/servo_dril_controller' with type 'ros.ament_python' and name 'servo_dril_controller'
[0.617s] Level 1:colcon.colcon_core.package_identification:_identify(src/servo_switch180_controller) by extensions ['ignore', 'ignore_ament_install']
[0.617s] Level 1:colcon.colcon_core.package_identification:_identify(src/servo_switch180_controller) by extension 'ignore'
[0.617s] Level 1:colcon.colcon_core.package_identification:_identify(src/servo_switch180_controller) by extension 'ignore_ament_install'
[0.617s] Level 1:colcon.colcon_core.package_identification:_identify(src/servo_switch180_controller) by extensions ['colcon_pkg']
[0.617s] Level 1:colcon.colcon_core.package_identification:_identify(src/servo_switch180_controller) by extension 'colcon_pkg'
[0.617s] Level 1:colcon.colcon_core.package_identification:_identify(src/servo_switch180_controller) by extensions ['colcon_meta']
[0.617s] Level 1:colcon.colcon_core.package_identification:_identify(src/servo_switch180_controller) by extension 'colcon_meta'
[0.617s] Level 1:colcon.colcon_core.package_identification:_identify(src/servo_switch180_controller) by extensions ['ros']
[0.617s] Level 1:colcon.colcon_core.package_identification:_identify(src/servo_switch180_controller) by extension 'ros'
[0.618s] DEBUG:colcon.colcon_core.package_identification:Package 'src/servo_switch180_controller' with type 'ros.ament_python' and name 'servo_switch180_controller'
[0.618s] Level 1:colcon.colcon_core.package_identification:_identify(src/tao_controller) by extensions ['ignore', 'ignore_ament_install']
[0.618s] Level 1:colcon.colcon_core.package_identification:_identify(src/tao_controller) by extension 'ignore'
[0.618s] Level 1:colcon.colcon_core.package_identification:_identify(src/tao_controller) by extension 'ignore_ament_install'
[0.618s] Level 1:colcon.colcon_core.package_identification:_identify(src/tao_controller) by extensions ['colcon_pkg']
[0.619s] Level 1:colcon.colcon_core.package_identification:_identify(src/tao_controller) by extension 'colcon_pkg'
[0.619s] Level 1:colcon.colcon_core.package_identification:_identify(src/tao_controller) by extensions ['colcon_meta']
[0.619s] Level 1:colcon.colcon_core.package_identification:_identify(src/tao_controller) by extension 'colcon_meta'
[0.619s] Level 1:colcon.colcon_core.package_identification:_identify(src/tao_controller) by extensions ['ros']
[0.619s] Level 1:colcon.colcon_core.package_identification:_identify(src/tao_controller) by extension 'ros'
[0.620s] DEBUG:colcon.colcon_core.package_identification:Package 'src/tao_controller' with type 'ros.ament_python' and name 'tao_controller'
[0.620s] Level 1:colcon.colcon_core.package_identification:_identify(web) by extensions ['ignore', 'ignore_ament_install']
[0.620s] Level 1:colcon.colcon_core.package_identification:_identify(web) by extension 'ignore'
[0.620s] Level 1:colcon.colcon_core.package_identification:_identify(web) by extension 'ignore_ament_install'
[0.620s] Level 1:colcon.colcon_core.package_identification:_identify(web) by extensions ['colcon_pkg']
[0.620s] Level 1:colcon.colcon_core.package_identification:_identify(web) by extension 'colcon_pkg'
[0.620s] Level 1:colcon.colcon_core.package_identification:_identify(web) by extensions ['colcon_meta']
[0.620s] Level 1:colcon.colcon_core.package_identification:_identify(web) by extension 'colcon_meta'
[0.620s] Level 1:colcon.colcon_core.package_identification:_identify(web) by extensions ['ros']
[0.620s] Level 1:colcon.colcon_core.package_identification:_identify(web) by extension 'ros'
[0.620s] Level 1:colcon.colcon_core.package_identification:_identify(web) by extensions ['cmake', 'python']
[0.620s] Level 1:colcon.colcon_core.package_identification:_identify(web) by extension 'cmake'
[0.620s] Level 1:colcon.colcon_core.package_identification:_identify(web) by extension 'python'
[0.620s] Level 1:colcon.colcon_core.package_identification:_identify(web) by extensions ['python_setup_py']
[0.620s] Level 1:colcon.colcon_core.package_identification:_identify(web) by extension 'python_setup_py'
[0.621s] Level 1:colcon.colcon_core.package_discovery:discover_packages(recursive) using defaults
[0.621s] Level 1:colcon.colcon_core.package_discovery:discover_packages(ignore) discover
[0.621s] Level 1:colcon.colcon_core.package_discovery:discover_packages(ignore) using defaults
[0.621s] Level 1:colcon.colcon_core.package_discovery:discover_packages(path) discover
[0.621s] Level 1:colcon.colcon_core.package_discovery:discover_packages(path) using defaults
[0.666s] Level 1:colcon.colcon_core.package_discovery:discover_packages(prefix_path) check parameters
[0.666s] Level 1:colcon.colcon_core.package_discovery:discover_packages(prefix_path) discover
[0.675s] DEBUG:colcon.colcon_installed_package_information.package_discovery:Found 10 installed packages in /home/tpi5/391_Project_pi/391_ws/install
[0.676s] DEBUG:colcon.colcon_installed_package_information.package_discovery:Found 10 installed packages in /home/tpi5/391_Project_pi/install
[0.678s] DEBUG:colcon.colcon_installed_package_information.package_discovery:Found 2 installed packages in /home/tpi5/391_Project/391_ws/install
[0.679s] DEBUG:colcon.colcon_installed_package_information.package_discovery:Found 3 installed packages in /home/tpi5/uros_ws/install
[0.680s] DEBUG:colcon.colcon_installed_package_information.package_discovery:Found 200 installed packages in /opt/ros/jazzy
[0.681s] Level 1:colcon.colcon_core.package_discovery:discover_packages(prefix_path) using defaults
[0.729s] Level 5:colcon.colcon_core.verb:set package 'dril_controller' build argument 'cmake_args' from command line to 'None'
[0.729s] Level 5:colcon.colcon_core.verb:set package 'dril_controller' build argument 'cmake_target' from command line to 'None'
[0.729s] Level 5:colcon.colcon_core.verb:set package 'dril_controller' build argument 'cmake_target_skip_unavailable' from command line to 'False'
[0.729s] Level 5:colcon.colcon_core.verb:set package 'dril_controller' build argument 'cmake_clean_cache' from command line to 'False'
[0.729s] Level 5:colcon.colcon_core.verb:set package 'dril_controller' build argument 'cmake_clean_first' from command line to 'False'
[0.729s] Level 5:colcon.colcon_core.verb:set package 'dril_controller' build argument 'cmake_force_configure' from command line to 'False'
[0.729s] Level 5:colcon.colcon_core.verb:set package 'dril_controller' build argument 'ament_cmake_args' from command line to 'None'
[0.729s] Level 5:colcon.colcon_core.verb:set package 'dril_controller' build argument 'catkin_cmake_args' from command line to 'None'
[0.729s] Level 5:colcon.colcon_core.verb:set package 'dril_controller' build argument 'catkin_skip_building_tests' from command line to 'False'
[0.729s] DEBUG:colcon.colcon_core.verb:Building package 'dril_controller' with the following arguments: {'ament_cmake_args': None, 'build_base': '/home/tpi5/391_Project_pi/391_ws/build/dril_controller', 'catkin_cmake_args': None, 'catkin_skip_building_tests': False, 'cmake_args': None, 'cmake_clean_cache': False, 'cmake_clean_first': False, 'cmake_force_configure': False, 'cmake_target': None, 'cmake_target_skip_unavailable': False, 'install_base': '/home/tpi5/391_Project_pi/391_ws/install/dril_controller', 'merge_install': False, 'path': '/home/tpi5/391_Project_pi/391_ws/src/dril_controller', 'symlink_install': False, 'test_result_base': None}
[0.730s] Level 5:colcon.colcon_core.verb:set package 'drive_controller' build argument 'cmake_args' from command line to 'None'
[0.730s] Level 5:colcon.colcon_core.verb:set package 'drive_controller' build argument 'cmake_target' from command line to 'None'
[0.730s] Level 5:colcon.colcon_core.verb:set package 'drive_controller' build argument 'cmake_target_skip_unavailable' from command line to 'False'
[0.730s] Level 5:colcon.colcon_core.verb:set package 'drive_controller' build argument 'cmake_clean_cache' from command line to 'False'
[0.730s] Level 5:colcon.colcon_core.verb:set package 'drive_controller' build argument 'cmake_clean_first' from command line to 'False'
[0.730s] Level 5:colcon.colcon_core.verb:set package 'drive_controller' build argument 'cmake_force_configure' from command line to 'False'
[0.730s] Level 5:colcon.colcon_core.verb:set package 'drive_controller' build argument 'ament_cmake_args' from command line to 'None'
[0.730s] Level 5:colcon.colcon_core.verb:set package 'drive_controller' build argument 'catkin_cmake_args' from command line to 'None'
[0.730s] Level 5:colcon.colcon_core.verb:set package 'drive_controller' build argument 'catkin_skip_building_tests' from command line to 'False'
[0.730s] DEBUG:colcon.colcon_core.verb:Building package 'drive_controller' with the following arguments: {'ament_cmake_args': None, 'build_base': '/home/tpi5/391_Project_pi/391_ws/build/drive_controller', 'catkin_cmake_args': None, 'catkin_skip_building_tests': False, 'cmake_args': None, 'cmake_clean_cache': False, 'cmake_clean_first': False, 'cmake_force_configure': False, 'cmake_target': None, 'cmake_target_skip_unavailable': False, 'install_base': '/home/tpi5/391_Project_pi/391_ws/install/drive_controller', 'merge_install': False, 'path': '/home/tpi5/391_Project_pi/391_ws/src/drive_controller', 'symlink_install': False, 'test_result_base': None}
[0.730s] Level 5:colcon.colcon_core.verb:set package 'dual_cam_mjpeg_server' build argument 'cmake_args' from command line to 'None'
[0.730s] Level 5:colcon.colcon_core.verb:set package 'dual_cam_mjpeg_server' build argument 'cmake_target' from command line to 'None'
[0.730s] Level 5:colcon.colcon_core.verb:set package 'dual_cam_mjpeg_server' build argument 'cmake_target_skip_unavailable' from command line to 'False'
[0.730s] Level 5:colcon.colcon_core.verb:set package 'dual_cam_mjpeg_server' build argument 'cmake_clean_cache' from command line to 'False'
[0.730s] Level 5:colcon.colcon_core.verb:set package 'dual_cam_mjpeg_server' build argument 'cmake_clean_first' from command line to 'False'
[0.730s] Level 5:colcon.colcon_core.verb:set package 'dual_cam_mjpeg_server' build argument 'cmake_force_configure' from command line to 'False'
[0.730s] Level 5:colcon.colcon_core.verb:set package 'dual_cam_mjpeg_server' build argument 'ament_cmake_args' from command line to 'None'
[0.730s] Level 5:colcon.colcon_core.verb:set package 'dual_cam_mjpeg_server' build argument 'catkin_cmake_args' from command line to 'None'
[0.730s] Level 5:colcon.colcon_core.verb:set package 'dual_cam_mjpeg_server' build argument 'catkin_skip_building_tests' from command line to 'False'
[0.730s] DEBUG:colcon.colcon_core.verb:Building package 'dual_cam_mjpeg_server' with the following arguments: {'ament_cmake_args': None, 'build_base': '/home/tpi5/391_Project_pi/391_ws/build/dual_cam_mjpeg_server', 'catkin_cmake_args': None, 'catkin_skip_building_tests': False, 'cmake_args': None, 'cmake_clean_cache': False, 'cmake_clean_first': False, 'cmake_force_configure': False, 'cmake_target': None, 'cmake_target_skip_unavailable': False, 'install_base': '/home/tpi5/391_Project_pi/391_ws/install/dual_cam_mjpeg_server', 'merge_install': False, 'path': '/home/tpi5/391_Project_pi/391_ws/src/dual_cam_mjpeg_server', 'symlink_install': False, 'test_result_base': None}
[0.731s] Level 5:colcon.colcon_core.verb:set package 'gripper_controller' build argument 'cmake_args' from command line to 'None'
[0.731s] Level 5:colcon.colcon_core.verb:set package 'gripper_controller' build argument 'cmake_target' from command line to 'None'
[0.731s] Level 5:colcon.colcon_core.verb:set package 'gripper_controller' build argument 'cmake_target_skip_unavailable' from command line to 'False'
[0.731s] Level 5:colcon.colcon_core.verb:set package 'gripper_controller' build argument 'cmake_clean_cache' from command line to 'False'
[0.731s] Level 5:colcon.colcon_core.verb:set package 'gripper_controller' build argument 'cmake_clean_first' from command line to 'False'
[0.731s] Level 5:colcon.colcon_core.verb:set package 'gripper_controller' build argument 'cmake_force_configure' from command line to 'False'
[0.731s] Level 5:colcon.colcon_core.verb:set package 'gripper_controller' build argument 'ament_cmake_args' from command line to 'None'
[0.731s] Level 5:colcon.colcon_core.verb:set package 'gripper_controller' build argument 'catkin_cmake_args' from command line to 'None'
[0.731s] Level 5:colcon.colcon_core.verb:set package 'gripper_controller' build argument 'catkin_skip_building_tests' from command line to 'False'
[0.731s] DEBUG:colcon.colcon_core.verb:Building package 'gripper_controller' with the following arguments: {'ament_cmake_args': None, 'build_base': '/home/tpi5/391_Project_pi/391_ws/build/gripper_controller', 'catkin_cmake_args': None, 'catkin_skip_building_tests': False, 'cmake_args': None, 'cmake_clean_cache': False, 'cmake_clean_first': False, 'cmake_force_configure': False, 'cmake_target': None, 'cmake_target_skip_unavailable': False, 'install_base': '/home/tpi5/391_Project_pi/391_ws/install/gripper_controller', 'merge_install': False, 'path': '/home/tpi5/391_Project_pi/391_ws/src/gripper_controller', 'symlink_install': False, 'test_result_base': None}
[0.731s] Level 5:colcon.colcon_core.verb:set package 'joystick_controller' build argument 'cmake_args' from command line to 'None'
[0.731s] Level 5:colcon.colcon_core.verb:set package 'joystick_controller' build argument 'cmake_target' from command line to 'None'
[0.731s] Level 5:colcon.colcon_core.verb:set package 'joystick_controller' build argument 'cmake_target_skip_unavailable' from command line to 'False'
[0.731s] Level 5:colcon.colcon_core.verb:set package 'joystick_controller' build argument 'cmake_clean_cache' from command line to 'False'
[0.731s] Level 5:colcon.colcon_core.verb:set package 'joystick_controller' build argument 'cmake_clean_first' from command line to 'False'
[0.731s] Level 5:colcon.colcon_core.verb:set package 'joystick_controller' build argument 'cmake_force_configure' from command line to 'False'
[0.731s] Level 5:colcon.colcon_core.verb:set package 'joystick_controller' build argument 'ament_cmake_args' from command line to 'None'
[0.731s] Level 5:colcon.colcon_core.verb:set package 'joystick_controller' build argument 'catkin_cmake_args' from command line to 'None'
[0.731s] Level 5:colcon.colcon_core.verb:set package 'joystick_controller' build argument 'catkin_skip_building_tests' from command line to 'False'
[0.731s] DEBUG:colcon.colcon_core.verb:Building package 'joystick_controller' with the following arguments: {'ament_cmake_args': None, 'build_base': '/home/tpi5/391_Project_pi/391_ws/build/joystick_controller', 'catkin_cmake_args': None, 'catkin_skip_building_tests': False, 'cmake_args': None, 'cmake_clean_cache': False, 'cmake_clean_first': False, 'cmake_force_configure': False, 'cmake_target': None, 'cmake_target_skip_unavailable': False, 'install_base': '/home/tpi5/391_Project_pi/391_ws/install/joystick_controller', 'merge_install': False, 'path': '/home/tpi5/391_Project_pi/391_ws/src/joystick_controller', 'symlink_install': False, 'test_result_base': None}
[0.732s] Level 5:colcon.colcon_core.verb:set package 'linear_controller' build argument 'cmake_args' from command line to 'None'
[0.732s] Level 5:colcon.colcon_core.verb:set package 'linear_controller' build argument 'cmake_target' from command line to 'None'
[0.732s] Level 5:colcon.colcon_core.verb:set package 'linear_controller' build argument 'cmake_target_skip_unavailable' from command line to 'False'
[0.732s] Level 5:colcon.colcon_core.verb:set package 'linear_controller' build argument 'cmake_clean_cache' from command line to 'False'
[0.732s] Level 5:colcon.colcon_core.verb:set package 'linear_controller' build argument 'cmake_clean_first' from command line to 'False'
[0.732s] Level 5:colcon.colcon_core.verb:set package 'linear_controller' build argument 'cmake_force_configure' from command line to 'False'
[0.732s] Level 5:colcon.colcon_core.verb:set package 'linear_controller' build argument 'ament_cmake_args' from command line to 'None'
[0.732s] Level 5:colcon.colcon_core.verb:set package 'linear_controller' build argument 'catkin_cmake_args' from command line to 'None'
[0.732s] Level 5:colcon.colcon_core.verb:set package 'linear_controller' build argument 'catkin_skip_building_tests' from command line to 'False'
[0.732s] DEBUG:colcon.colcon_core.verb:Building package 'linear_controller' with the following arguments: {'ament_cmake_args': None, 'build_base': '/home/tpi5/391_Project_pi/391_ws/build/linear_controller', 'catkin_cmake_args': None, 'catkin_skip_building_tests': False, 'cmake_args': None, 'cmake_clean_cache': False, 'cmake_clean_first': False, 'cmake_force_configure': False, 'cmake_target': None, 'cmake_target_skip_unavailable': False, 'install_base': '/home/tpi5/391_Project_pi/391_ws/install/linear_controller', 'merge_install': False, 'path': '/home/tpi5/391_Project_pi/391_ws/src/linear_controller', 'symlink_install': False, 'test_result_base': None}
[0.732s] Level 5:colcon.colcon_core.verb:set package 'servo_dril_controller' build argument 'cmake_args' from command line to 'None'
[0.732s] Level 5:colcon.colcon_core.verb:set package 'servo_dril_controller' build argument 'cmake_target' from command line to 'None'
[0.732s] Level 5:colcon.colcon_core.verb:set package 'servo_dril_controller' build argument 'cmake_target_skip_unavailable' from command line to 'False'
[0.732s] Level 5:colcon.colcon_core.verb:set package 'servo_dril_controller' build argument 'cmake_clean_cache' from command line to 'False'
[0.732s] Level 5:colcon.colcon_core.verb:set package 'servo_dril_controller' build argument 'cmake_clean_first' from command line to 'False'
[0.732s] Level 5:colcon.colcon_core.verb:set package 'servo_dril_controller' build argument 'cmake_force_configure' from command line to 'False'
[0.732s] Level 5:colcon.colcon_core.verb:set package 'servo_dril_controller' build argument 'ament_cmake_args' from command line to 'None'
[0.732s] Level 5:colcon.colcon_core.verb:set package 'servo_dril_controller' build argument 'catkin_cmake_args' from command line to 'None'
[0.732s] Level 5:colcon.colcon_core.verb:set package 'servo_dril_controller' build argument 'catkin_skip_building_tests' from command line to 'False'
[0.732s] DEBUG:colcon.colcon_core.verb:Building package 'servo_dril_controller' with the following arguments: {'ament_cmake_args': None, 'build_base': '/home/tpi5/391_Project_pi/391_ws/build/servo_dril_controller', 'catkin_cmake_args': None, 'catkin_skip_building_tests': False, 'cmake_args': None, 'cmake_clean_cache': False, 'cmake_clean_first': False, 'cmake_force_configure': False, 'cmake_target': None, 'cmake_target_skip_unavailable': False, 'install_base': '/home/tpi5/391_Project_pi/391_ws/install/servo_dril_controller', 'merge_install': False, 'path': '/home/tpi5/391_Project_pi/391_ws/src/servo_dril_controller', 'symlink_install': False, 'test_result_base': None}
[0.733s] Level 5:colcon.colcon_core.verb:set package 'servo_switch180_controller' build argument 'cmake_args' from command line to 'None'
[0.733s] Level 5:colcon.colcon_core.verb:set package 'servo_switch180_controller' build argument 'cmake_target' from command line to 'None'
[0.733s] Level 5:colcon.colcon_core.verb:set package 'servo_switch180_controller' build argument 'cmake_target_skip_unavailable' from command line to 'False'
[0.733s] Level 5:colcon.colcon_core.verb:set package 'servo_switch180_controller' build argument 'cmake_clean_cache' from command line to 'False'
[0.733s] Level 5:colcon.colcon_core.verb:set package 'servo_switch180_controller' build argument 'cmake_clean_first' from command line to 'False'
[0.733s] Level 5:colcon.colcon_core.verb:set package 'servo_switch180_controller' build argument 'cmake_force_configure' from command line to 'False'
[0.733s] Level 5:colcon.colcon_core.verb:set package 'servo_switch180_controller' build argument 'ament_cmake_args' from command line to 'None'
[0.733s] Level 5:colcon.colcon_core.verb:set package 'servo_switch180_controller' build argument 'catkin_cmake_args' from command line to 'None'
[0.733s] Level 5:colcon.colcon_core.verb:set package 'servo_switch180_controller' build argument 'catkin_skip_building_tests' from command line to 'False'
[0.733s] DEBUG:colcon.colcon_core.verb:Building package 'servo_switch180_controller' with the following arguments: {'ament_cmake_args': None, 'build_base': '/home/tpi5/391_Project_pi/391_ws/build/servo_switch180_controller', 'catkin_cmake_args': None, 'catkin_skip_building_tests': False, 'cmake_args': None, 'cmake_clean_cache': False, 'cmake_clean_first': False, 'cmake_force_configure': False, 'cmake_target': None, 'cmake_target_skip_unavailable': False, 'install_base': '/home/tpi5/391_Project_pi/391_ws/install/servo_switch180_controller', 'merge_install': False, 'path': '/home/tpi5/391_Project_pi/391_ws/src/servo_switch180_controller', 'symlink_install': False, 'test_result_base': None}
[0.733s] Level 5:colcon.colcon_core.verb:set package 'tao_controller' build argument 'cmake_args' from command line to 'None'
[0.733s] Level 5:colcon.colcon_core.verb:set package 'tao_controller' build argument 'cmake_target' from command line to 'None'
[0.733s] Level 5:colcon.colcon_core.verb:set package 'tao_controller' build argument 'cmake_target_skip_unavailable' from command line to 'False'
[0.733s] Level 5:colcon.colcon_core.verb:set package 'tao_controller' build argument 'cmake_clean_cache' from command line to 'False'
[0.733s] Level 5:colcon.colcon_core.verb:set package 'tao_controller' build argument 'cmake_clean_first' from command line to 'False'
[0.733s] Level 5:colcon.colcon_core.verb:set package 'tao_controller' build argument 'cmake_force_configure' from command line to 'False'
[0.733s] Level 5:colcon.colcon_core.verb:set package 'tao_controller' build argument 'ament_cmake_args' from command line to 'None'
[0.733s] Level 5:colcon.colcon_core.verb:set package 'tao_controller' build argument 'catkin_cmake_args' from command line to 'None'
[0.733s] Level 5:colcon.colcon_core.verb:set package 'tao_controller' build argument 'catkin_skip_building_tests' from command line to 'False'
[0.733s] DEBUG:colcon.colcon_core.verb:Building package 'tao_controller' with the following arguments: {'ament_cmake_args': None, 'build_base': '/home/tpi5/391_Project_pi/391_ws/build/tao_controller', 'catkin_cmake_args': None, 'catkin_skip_building_tests': False, 'cmake_args': None, 'cmake_clean_cache': False, 'cmake_clean_first': False, 'cmake_force_configure': False, 'cmake_target': None, 'cmake_target_skip_unavailable': False, 'install_base': '/home/tpi5/391_Project_pi/391_ws/install/tao_controller', 'merge_install': False, 'path': '/home/tpi5/391_Project_pi/391_ws/src/tao_controller', 'symlink_install': False, 'test_result_base': None}
[0.734s] Level 5:colcon.colcon_core.verb:set package 'robot_bringup' build argument 'cmake_args' from command line to 'None'
[0.734s] Level 5:colcon.colcon_core.verb:set package 'robot_bringup' build argument 'cmake_target' from command line to 'None'
[0.734s] Level 5:colcon.colcon_core.verb:set package 'robot_bringup' build argument 'cmake_target_skip_unavailable' from command line to 'False'
[0.734s] Level 5:colcon.colcon_core.verb:set package 'robot_bringup' build argument 'cmake_clean_cache' from command line to 'False'
[0.734s] Level 5:colcon.colcon_core.verb:set package 'robot_bringup' build argument 'cmake_clean_first' from command line to 'False'
[0.734s] Level 5:colcon.colcon_core.verb:set package 'robot_bringup' build argument 'cmake_force_configure' from command line to 'False'
[0.734s] Level 5:colcon.colcon_core.verb:set package 'robot_bringup' build argument 'ament_cmake_args' from command line to 'None'
[0.734s] Level 5:colcon.colcon_core.verb:set package 'robot_bringup' build argument 'catkin_cmake_args' from command line to 'None'
[0.734s] Level 5:colcon.colcon_core.verb:set package 'robot_bringup' build argument 'catkin_skip_building_tests' from command line to 'False'
[0.734s] DEBUG:colcon.colcon_core.verb:Building package 'robot_bringup' with the following arguments: {'ament_cmake_args': None, 'build_base': '/home/tpi5/391_Project_pi/391_ws/build/robot_bringup', 'catkin_cmake_args': None, 'catkin_skip_building_tests': False, 'cmake_args': None, 'cmake_clean_cache': False, 'cmake_clean_first': False, 'cmake_force_configure': False, 'cmake_target': None, 'cmake_target_skip_unavailable': False, 'install_base': '/home/tpi5/391_Project_pi/391_ws/install/robot_bringup', 'merge_install': False, 'path': '/home/tpi5/391_Project_pi/391_ws/src/robot_bringup', 'symlink_install': False, 'test_result_base': None}
[0.734s] INFO:colcon.colcon_core.executor:Executing jobs using 'parallel' executor
[0.735s] DEBUG:colcon.colcon_parallel_executor.executor.parallel:run_until_complete
[0.736s] INFO:colcon.colcon_ros.task.ament_python.build:Building ROS package in '/home/tpi5/391_Project_pi/391_ws/src/dril_controller' with build type 'ament_python'
[0.736s] Level 1:colcon.colcon_core.shell:create_environment_hook('dril_controller', 'ament_prefix_path')
[0.745s] INFO:colcon.colcon_core.plugin_system:Skipping extension 'colcon_core.shell.bat': Not used on non-Windows systems
[0.746s] INFO:colcon.colcon_core.shell:Creating environment hook '/home/tpi5/391_Project_pi/391_ws/install/dril_controller/share/dril_controller/hook/ament_prefix_path.ps1'
[0.748s] INFO:colcon.colcon_core.shell:Creating environment descriptor '/home/tpi5/391_Project_pi/391_ws/install/dril_controller/share/dril_controller/hook/ament_prefix_path.dsv'
[0.749s] INFO:colcon.colcon_core.shell:Creating environment hook '/home/tpi5/391_Project_pi/391_ws/install/dril_controller/share/dril_controller/hook/ament_prefix_path.sh'
[0.751s] INFO:colcon.colcon_core.shell:Skip shell extension 'powershell' for command environment: Not usable outside of PowerShell
[0.751s] DEBUG:colcon.colcon_core.shell:Skip shell extension 'dsv' for command environment
[0.759s] INFO:colcon.colcon_ros.task.ament_python.build:Building ROS package in '/home/tpi5/391_Project_pi/391_ws/src/drive_controller' with build type 'ament_python'
[0.759s] Level 1:colcon.colcon_core.shell:create_environment_hook('drive_controller', 'ament_prefix_path')
[0.760s] INFO:colcon.colcon_core.shell:Creating environment hook '/home/tpi5/391_Project_pi/391_ws/install/drive_controller/share/drive_controller/hook/ament_prefix_path.ps1'
[0.761s] INFO:colcon.colcon_core.shell:Creating environment descriptor '/home/tpi5/391_Project_pi/391_ws/install/drive_controller/share/drive_controller/hook/ament_prefix_path.dsv'
[0.762s] INFO:colcon.colcon_core.shell:Creating environment hook '/home/tpi5/391_Project_pi/391_ws/install/drive_controller/share/drive_controller/hook/ament_prefix_path.sh'
[0.763s] INFO:colcon.colcon_core.shell:Skip shell extension 'powershell' for command environment: Not usable outside of PowerShell
[0.763s] DEBUG:colcon.colcon_core.shell:Skip shell extension 'dsv' for command environment
[0.770s] INFO:colcon.colcon_ros.task.ament_python.build:Building ROS package in '/home/tpi5/391_Project_pi/391_ws/src/dual_cam_mjpeg_server' with build type 'ament_python'
[0.770s] Level 1:colcon.colcon_core.shell:create_environment_hook('dual_cam_mjpeg_server', 'ament_prefix_path')
[0.771s] INFO:colcon.colcon_core.shell:Creating environment hook '/home/tpi5/391_Project_pi/391_ws/install/dual_cam_mjpeg_server/share/dual_cam_mjpeg_server/hook/ament_prefix_path.ps1'
[0.771s] INFO:colcon.colcon_core.shell:Creating environment descriptor '/home/tpi5/391_Project_pi/391_ws/install/dual_cam_mjpeg_server/share/dual_cam_mjpeg_server/hook/ament_prefix_path.dsv'
[0.773s] INFO:colcon.colcon_core.shell:Creating environment hook '/home/tpi5/391_Project_pi/391_ws/install/dual_cam_mjpeg_server/share/dual_cam_mjpeg_server/hook/ament_prefix_path.sh'
[0.774s] INFO:colcon.colcon_core.shell:Skip shell extension 'powershell' for command environment: Not usable outside of PowerShell
[0.774s] DEBUG:colcon.colcon_core.shell:Skip shell extension 'dsv' for command environment
[0.781s] INFO:colcon.colcon_ros.task.ament_python.build:Building ROS package in '/home/tpi5/391_Project_pi/391_ws/src/gripper_controller' with build type 'ament_python'
[0.781s] Level 1:colcon.colcon_core.shell:create_environment_hook('gripper_controller', 'ament_prefix_path')
[0.782s] INFO:colcon.colcon_core.shell:Creating environment hook '/home/tpi5/391_Project_pi/391_ws/install/gripper_controller/share/gripper_controller/hook/ament_prefix_path.ps1'
[0.783s] INFO:colcon.colcon_core.shell:Creating environment descriptor '/home/tpi5/391_Project_pi/391_ws/install/gripper_controller/share/gripper_controller/hook/ament_prefix_path.dsv'
[0.784s] INFO:colcon.colcon_core.shell:Creating environment hook '/home/tpi5/391_Project_pi/391_ws/install/gripper_controller/share/gripper_controller/hook/ament_prefix_path.sh'
[0.785s] INFO:colcon.colcon_core.shell:Skip shell extension 'powershell' for command environment: Not usable outside of PowerShell
[0.786s] DEBUG:colcon.colcon_core.shell:Skip shell extension 'dsv' for command environment
[1.136s] INFO:colcon.colcon_core.task.python.build:Building Python package in '/home/tpi5/391_Project_pi/391_ws/src/dril_controller'
[1.137s] INFO:colcon.colcon_core.shell:Skip shell extension 'powershell' for command environment: Not usable outside of PowerShell
[1.137s] DEBUG:colcon.colcon_core.shell:Skip shell extension 'dsv' for command environment
[1.469s] INFO:colcon.colcon_core.task.python.build:Building Python package in '/home/tpi5/391_Project_pi/391_ws/src/drive_controller'
[1.470s] INFO:colcon.colcon_core.shell:Skip shell extension 'powershell' for command environment: Not usable outside of PowerShell
[1.470s] DEBUG:colcon.colcon_core.shell:Skip shell extension 'dsv' for command environment
[1.801s] INFO:colcon.colcon_core.task.python.build:Building Python package in '/home/tpi5/391_Project_pi/391_ws/src/dual_cam_mjpeg_server'
[1.802s] INFO:colcon.colcon_core.shell:Skip shell extension 'powershell' for command environment: Not usable outside of PowerShell
[1.802s] DEBUG:colcon.colcon_core.shell:Skip shell extension 'dsv' for command environment
[2.143s] INFO:colcon.colcon_core.task.python.build:Building Python package in '/home/tpi5/391_Project_pi/391_ws/src/gripper_controller'
[2.144s] INFO:colcon.colcon_core.shell:Skip shell extension 'powershell' for command environment: Not usable outside of PowerShell
[2.144s] DEBUG:colcon.colcon_core.shell:Skip shell extension 'dsv' for command environment
[3.636s] DEBUG:colcon.colcon_core.event_handler.log_command:Invoking command in '/home/tpi5/391_Project_pi/391_ws/src/gripper_controller': PYTHONPATH=/home/tpi5/391_Project_pi/391_ws/build/gripper_controller/prefix_override:/usr/lib/python3/dist-packages/colcon_core/task/python/colcon_distutils_commands:/home/tpi5/391_Project_pi/391_ws/install/gripper_controller/lib/python3.12/site-packages:${PYTHONPATH} /usr/bin/python3 -W ignore:setup.py install is deprecated -W ignore:easy_install command is deprecated setup.py egg_info --egg-base ../../build/gripper_controller build --build-base /home/tpi5/391_Project_pi/391_ws/build/gripper_controller/build install --record /home/tpi5/391_Project_pi/391_ws/build/gripper_controller/install.log --single-version-externally-managed install_data
[3.649s] DEBUG:colcon.colcon_core.event_handler.log_command:Invoking command in '/home/tpi5/391_Project_pi/391_ws/src/dril_controller': PYTHONPATH=/home/tpi5/391_Project_pi/391_ws/build/dril_controller/prefix_override:/usr/lib/python3/dist-packages/colcon_core/task/python/colcon_distutils_commands:/home/tpi5/391_Project_pi/391_ws/install/dril_controller/lib/python3.12/site-packages:${PYTHONPATH} /usr/bin/python3 -W ignore:setup.py install is deprecated -W ignore:easy_install command is deprecated setup.py egg_info --egg-base ../../build/dril_controller build --build-base /home/tpi5/391_Project_pi/391_ws/build/dril_controller/build install --record /home/tpi5/391_Project_pi/391_ws/build/dril_controller/install.log --single-version-externally-managed install_data
[3.652s] DEBUG:colcon.colcon_core.event_handler.log_command:Invoking command in '/home/tpi5/391_Project_pi/391_ws/src/dual_cam_mjpeg_server': PYTHONPATH=/home/tpi5/391_Project_pi/391_ws/build/dual_cam_mjpeg_server/prefix_override:/usr/lib/python3/dist-packages/colcon_core/task/python/colcon_distutils_commands:/home/tpi5/391_Project_pi/391_ws/install/dual_cam_mjpeg_server/lib/python3.12/site-packages:${PYTHONPATH} /usr/bin/python3 -W ignore:setup.py install is deprecated -W ignore:easy_install command is deprecated setup.py egg_info --egg-base ../../build/dual_cam_mjpeg_server build --build-base /home/tpi5/391_Project_pi/391_ws/build/dual_cam_mjpeg_server/build install --record /home/tpi5/391_Project_pi/391_ws/build/dual_cam_mjpeg_server/install.log --single-version-externally-managed install_data
[3.660s] DEBUG:colcon.colcon_core.event_handler.log_command:Invoking command in '/home/tpi5/391_Project_pi/391_ws/src/drive_controller': PYTHONPATH=/home/tpi5/391_Project_pi/391_ws/build/drive_controller/prefix_override:/usr/lib/python3/dist-packages/colcon_core/task/python/colcon_distutils_commands:/home/tpi5/391_Project_pi/391_ws/install/drive_controller/lib/python3.12/site-packages:${PYTHONPATH} /usr/bin/python3 -W ignore:setup.py install is deprecated -W ignore:easy_install command is deprecated setup.py egg_info --egg-base ../../build/drive_controller build --build-base /home/tpi5/391_Project_pi/391_ws/build/drive_controller/build install --record /home/tpi5/391_Project_pi/391_ws/build/drive_controller/install.log --single-version-externally-managed install_data
[4.601s] DEBUG:colcon.colcon_core.event_handler.log_command:Invoked command in '/home/tpi5/391_Project_pi/391_ws/src/dril_controller' returned '0': PYTHONPATH=/home/tpi5/391_Project_pi/391_ws/build/dril_controller/prefix_override:/usr/lib/python3/dist-packages/colcon_core/task/python/colcon_distutils_commands:/home/tpi5/391_Project_pi/391_ws/install/dril_controller/lib/python3.12/site-packages:${PYTHONPATH} /usr/bin/python3 -W ignore:setup.py install is deprecated -W ignore:easy_install command is deprecated setup.py egg_info --egg-base ../../build/dril_controller build --build-base /home/tpi5/391_Project_pi/391_ws/build/dril_controller/build install --record /home/tpi5/391_Project_pi/391_ws/build/dril_controller/install.log --single-version-externally-managed install_data
[4.617s] Level 1:colcon.colcon_core.environment:checking '/home/tpi5/391_Project_pi/391_ws/install/dril_controller' for CMake module files
[4.618s] Level 1:colcon.colcon_core.environment:checking '/home/tpi5/391_Project_pi/391_ws/install/dril_controller' for CMake config files
[4.619s] Level 1:colcon.colcon_core.environment:checking '/home/tpi5/391_Project_pi/391_ws/install/dril_controller/lib'
[4.620s] Level 1:colcon.colcon_core.environment:checking '/home/tpi5/391_Project_pi/391_ws/install/dril_controller/bin'
[4.620s] Level 1:colcon.colcon_core.environment:checking '/home/tpi5/391_Project_pi/391_ws/install/dril_controller/lib/pkgconfig/dril_controller.pc'
[4.620s] Level 1:colcon.colcon_core.environment:checking '/home/tpi5/391_Project_pi/391_ws/install/dril_controller/lib/python3.12/site-packages'
[4.621s] Level 1:colcon.colcon_core.shell:create_environment_hook('dril_controller', 'pythonpath')
[4.621s] INFO:colcon.colcon_core.shell:Creating environment hook '/home/tpi5/391_Project_pi/391_ws/install/dril_controller/share/dril_controller/hook/pythonpath.ps1'
[4.622s] INFO:colcon.colcon_core.shell:Creating environment descriptor '/home/tpi5/391_Project_pi/391_ws/install/dril_controller/share/dril_controller/hook/pythonpath.dsv'
[4.623s] INFO:colcon.colcon_core.shell:Creating environment hook '/home/tpi5/391_Project_pi/391_ws/install/dril_controller/share/dril_controller/hook/pythonpath.sh'
[4.624s] Level 1:colcon.colcon_core.environment:checking '/home/tpi5/391_Project_pi/391_ws/install/dril_controller/bin'
[4.625s] Level 1:colcon.colcon_core.environment:create_environment_scripts_only(dril_controller)
[4.625s] INFO:colcon.colcon_core.shell:Creating package script '/home/tpi5/391_Project_pi/391_ws/install/dril_controller/share/dril_controller/package.ps1'
[4.627s] INFO:colcon.colcon_core.shell:Creating package descriptor '/home/tpi5/391_Project_pi/391_ws/install/dril_controller/share/dril_controller/package.dsv'
[4.630s] INFO:colcon.colcon_core.shell:Creating package script '/home/tpi5/391_Project_pi/391_ws/install/dril_controller/share/dril_controller/package.sh'
[4.633s] INFO:colcon.colcon_core.shell:Creating package script '/home/tpi5/391_Project_pi/391_ws/install/dril_controller/share/dril_controller/package.bash'
[4.636s] INFO:colcon.colcon_core.shell:Creating package script '/home/tpi5/391_Project_pi/391_ws/install/dril_controller/share/dril_controller/package.zsh'
[4.638s] Level 1:colcon.colcon_core.environment:create_file_with_runtime_dependencies(/home/tpi5/391_Project_pi/391_ws/install/dril_controller/share/colcon-core/packages/dril_controller)
[4.639s] Level 1:colcon.colcon_core.environment:checking '/home/tpi5/391_Project_pi/391_ws/install/gripper_controller' for CMake module files
[4.641s] Level 1:colcon.colcon_core.environment:checking '/home/tpi5/391_Project_pi/391_ws/install/gripper_controller' for CMake config files
[4.643s] DEBUG:colcon.colcon_core.event_handler.log_command:Invoked command in '/home/tpi5/391_Project_pi/391_ws/src/gripper_controller' returned '0': PYTHONPATH=/home/tpi5/391_Project_pi/391_ws/build/gripper_controller/prefix_override:/usr/lib/python3/dist-packages/colcon_core/task/python/colcon_distutils_commands:/home/tpi5/391_Project_pi/391_ws/install/gripper_controller/lib/python3.12/site-packages:${PYTHONPATH} /usr/bin/python3 -W ignore:setup.py install is deprecated -W ignore:easy_install command is deprecated setup.py egg_info --egg-base ../../build/gripper_controller build --build-base /home/tpi5/391_Project_pi/391_ws/build/gripper_controller/build install --record /home/tpi5/391_Project_pi/391_ws/build/gripper_controller/install.log --single-version-externally-managed install_data
[4.644s] Level 1:colcon.colcon_core.environment:checking '/home/tpi5/391_Project_pi/391_ws/install/gripper_controller/lib'
[4.644s] Level 1:colcon.colcon_core.environment:checking '/home/tpi5/391_Project_pi/391_ws/install/gripper_controller/bin'
[4.644s] Level 1:colcon.colcon_core.environment:checking '/home/tpi5/391_Project_pi/391_ws/install/gripper_controller/lib/pkgconfig/gripper_controller.pc'
[4.645s] Level 1:colcon.colcon_core.environment:checking '/home/tpi5/391_Project_pi/391_ws/install/gripper_controller/lib/python3.12/site-packages'
[4.646s] Level 1:colcon.colcon_core.shell:create_environment_hook('gripper_controller', 'pythonpath')
[4.646s] INFO:colcon.colcon_core.shell:Creating environment hook '/home/tpi5/391_Project_pi/391_ws/install/gripper_controller/share/gripper_controller/hook/pythonpath.ps1'
[4.647s] INFO:colcon.colcon_core.shell:Creating environment descriptor '/home/tpi5/391_Project_pi/391_ws/install/gripper_controller/share/gripper_controller/hook/pythonpath.dsv'
[4.650s] INFO:colcon.colcon_core.shell:Creating environment hook '/home/tpi5/391_Project_pi/391_ws/install/gripper_controller/share/gripper_controller/hook/pythonpath.sh'
[4.652s] Level 1:colcon.colcon_core.environment:checking '/home/tpi5/391_Project_pi/391_ws/install/gripper_controller/bin'
[4.652s] Level 1:colcon.colcon_core.environment:create_environment_scripts_only(gripper_controller)
[4.652s] INFO:colcon.colcon_core.shell:Creating package script '/home/tpi5/391_Project_pi/391_ws/install/gripper_controller/share/gripper_controller/package.ps1'
[4.653s] INFO:colcon.colcon_core.shell:Creating package descriptor '/home/tpi5/391_Project_pi/391_ws/install/gripper_controller/share/gripper_controller/package.dsv'
[4.654s] INFO:colcon.colcon_core.shell:Creating package script '/home/tpi5/391_Project_pi/391_ws/install/gripper_controller/share/gripper_controller/package.sh'
[4.657s] INFO:colcon.colcon_core.shell:Creating package script '/home/tpi5/391_Project_pi/391_ws/install/gripper_controller/share/gripper_controller/package.bash'
[4.658s] INFO:colcon.colcon_core.shell:Creating package script '/home/tpi5/391_Project_pi/391_ws/install/gripper_controller/share/gripper_controller/package.zsh'
[4.660s] Level 1:colcon.colcon_core.environment:create_file_with_runtime_dependencies(/home/tpi5/391_Project_pi/391_ws/install/gripper_controller/share/colcon-core/packages/gripper_controller)
[4.662s] INFO:colcon.colcon_ros.task.ament_python.build:Building ROS package in '/home/tpi5/391_Project_pi/391_ws/src/joystick_controller' with build type 'ament_python'
[4.662s] Level 1:colcon.colcon_core.shell:create_environment_hook('joystick_controller', 'ament_prefix_path')
[4.662s] INFO:colcon.colcon_core.shell:Creating environment hook '/home/tpi5/391_Project_pi/391_ws/install/joystick_controller/share/joystick_controller/hook/ament_prefix_path.ps1'
[4.663s] INFO:colcon.colcon_core.shell:Creating environment descriptor '/home/tpi5/391_Project_pi/391_ws/install/joystick_controller/share/joystick_controller/hook/ament_prefix_path.dsv'
[4.665s] INFO:colcon.colcon_core.shell:Creating environment hook '/home/tpi5/391_Project_pi/391_ws/install/joystick_controller/share/joystick_controller/hook/ament_prefix_path.sh'
[4.666s] INFO:colcon.colcon_core.shell:Skip shell extension 'powershell' for command environment: Not usable outside of PowerShell
[4.666s] DEBUG:colcon.colcon_core.shell:Skip shell extension 'dsv' for command environment
[4.673s] INFO:colcon.colcon_ros.task.ament_python.build:Building ROS package in '/home/tpi5/391_Project_pi/391_ws/src/linear_controller' with build type 'ament_python'
[4.673s] Level 1:colcon.colcon_core.shell:create_environment_hook('linear_controller', 'ament_prefix_path')
[4.673s] INFO:colcon.colcon_core.shell:Creating environment hook '/home/tpi5/391_Project_pi/391_ws/install/linear_controller/share/linear_controller/hook/ament_prefix_path.ps1'
[4.674s] INFO:colcon.colcon_core.shell:Creating environment descriptor '/home/tpi5/391_Project_pi/391_ws/install/linear_controller/share/linear_controller/hook/ament_prefix_path.dsv'
[4.675s] INFO:colcon.colcon_core.shell:Creating environment hook '/home/tpi5/391_Project_pi/391_ws/install/linear_controller/share/linear_controller/hook/ament_prefix_path.sh'
[4.676s] INFO:colcon.colcon_core.shell:Skip shell extension 'powershell' for command environment: Not usable outside of PowerShell
[4.676s] DEBUG:colcon.colcon_core.shell:Skip shell extension 'dsv' for command environment
[4.685s] Level 1:colcon.colcon_core.environment:checking '/home/tpi5/391_Project_pi/391_ws/install/dual_cam_mjpeg_server' for CMake module files
[4.685s] DEBUG:colcon.colcon_core.event_handler.log_command:Invoked command in '/home/tpi5/391_Project_pi/391_ws/src/dual_cam_mjpeg_server' returned '0': PYTHONPATH=/home/tpi5/391_Project_pi/391_ws/build/dual_cam_mjpeg_server/prefix_override:/usr/lib/python3/dist-packages/colcon_core/task/python/colcon_distutils_commands:/home/tpi5/391_Project_pi/391_ws/install/dual_cam_mjpeg_server/lib/python3.12/site-packages:${PYTHONPATH} /usr/bin/python3 -W ignore:setup.py install is deprecated -W ignore:easy_install command is deprecated setup.py egg_info --egg-base ../../build/dual_cam_mjpeg_server build --build-base /home/tpi5/391_Project_pi/391_ws/build/dual_cam_mjpeg_server/build install --record /home/tpi5/391_Project_pi/391_ws/build/dual_cam_mjpeg_server/install.log --single-version-externally-managed install_data
[4.686s] Level 1:colcon.colcon_core.environment:checking '/home/tpi5/391_Project_pi/391_ws/install/dual_cam_mjpeg_server' for CMake config files
[4.687s] Level 1:colcon.colcon_core.environment:checking '/home/tpi5/391_Project_pi/391_ws/install/dual_cam_mjpeg_server/lib'
[4.687s] Level 1:colcon.colcon_core.environment:checking '/home/tpi5/391_Project_pi/391_ws/install/dual_cam_mjpeg_server/bin'
[4.687s] Level 1:colcon.colcon_core.environment:checking '/home/tpi5/391_Project_pi/391_ws/install/dual_cam_mjpeg_server/lib/pkgconfig/dual_cam_mjpeg_server.pc'
[4.687s] Level 1:colcon.colcon_core.environment:checking '/home/tpi5/391_Project_pi/391_ws/install/dual_cam_mjpeg_server/lib/python3.12/site-packages'
[4.687s] Level 1:colcon.colcon_core.shell:create_environment_hook('dual_cam_mjpeg_server', 'pythonpath')
[4.687s] INFO:colcon.colcon_core.shell:Creating environment hook '/home/tpi5/391_Project_pi/391_ws/install/dual_cam_mjpeg_server/share/dual_cam_mjpeg_server/hook/pythonpath.ps1'
[4.688s] INFO:colcon.colcon_core.shell:Creating environment descriptor '/home/tpi5/391_Project_pi/391_ws/install/dual_cam_mjpeg_server/share/dual_cam_mjpeg_server/hook/pythonpath.dsv'
[4.690s] INFO:colcon.colcon_core.shell:Creating environment hook '/home/tpi5/391_Project_pi/391_ws/install/dual_cam_mjpeg_server/share/dual_cam_mjpeg_server/hook/pythonpath.sh'
[4.691s] Level 1:colcon.colcon_core.environment:checking '/home/tpi5/391_Project_pi/391_ws/install/dual_cam_mjpeg_server/bin'
[4.691s] Level 1:colcon.colcon_core.environment:create_environment_scripts_only(dual_cam_mjpeg_server)
[4.691s] INFO:colcon.colcon_core.shell:Creating package script '/home/tpi5/391_Project_pi/391_ws/install/dual_cam_mjpeg_server/share/dual_cam_mjpeg_server/package.ps1'
[4.692s] INFO:colcon.colcon_core.shell:Creating package descriptor '/home/tpi5/391_Project_pi/391_ws/install/dual_cam_mjpeg_server/share/dual_cam_mjpeg_server/package.dsv'
[4.694s] INFO:colcon.colcon_core.shell:Creating package script '/home/tpi5/391_Project_pi/391_ws/install/dual_cam_mjpeg_server/share/dual_cam_mjpeg_server/package.sh'
[4.695s] INFO:colcon.colcon_core.shell:Creating package script '/home/tpi5/391_Project_pi/391_ws/install/dual_cam_mjpeg_server/share/dual_cam_mjpeg_server/package.bash'
[4.696s] INFO:colcon.colcon_core.shell:Creating package script '/home/tpi5/391_Project_pi/391_ws/install/dual_cam_mjpeg_server/share/dual_cam_mjpeg_server/package.zsh'
[4.697s] Level 1:colcon.colcon_core.environment:create_file_with_runtime_dependencies(/home/tpi5/391_Project_pi/391_ws/install/dual_cam_mjpeg_server/share/colcon-core/packages/dual_cam_mjpeg_server)
[4.699s] Level 1:colcon.colcon_core.environment:checking '/home/tpi5/391_Project_pi/391_ws/install/drive_controller' for CMake module files
[4.700s] Level 1:colcon.colcon_core.environment:checking '/home/tpi5/391_Project_pi/391_ws/install/drive_controller' for CMake config files
[4.701s] DEBUG:colcon.colcon_core.event_handler.log_command:Invoked command in '/home/tpi5/391_Project_pi/391_ws/src/drive_controller' returned '0': PYTHONPATH=/home/tpi5/391_Project_pi/391_ws/build/drive_controller/prefix_override:/usr/lib/python3/dist-packages/colcon_core/task/python/colcon_distutils_commands:/home/tpi5/391_Project_pi/391_ws/install/drive_controller/lib/python3.12/site-packages:${PYTHONPATH} /usr/bin/python3 -W ignore:setup.py install is deprecated -W ignore:easy_install command is deprecated setup.py egg_info --egg-base ../../build/drive_controller build --build-base /home/tpi5/391_Project_pi/391_ws/build/drive_controller/build install --record /home/tpi5/391_Project_pi/391_ws/build/drive_controller/install.log --single-version-externally-managed install_data
[4.702s] Level 1:colcon.colcon_core.environment:checking '/home/tpi5/391_Project_pi/391_ws/install/drive_controller/lib'
[4.702s] Level 1:colcon.colcon_core.environment:checking '/home/tpi5/391_Project_pi/391_ws/install/drive_controller/bin'
[4.702s] Level 1:colcon.colcon_core.environment:checking '/home/tpi5/391_Project_pi/391_ws/install/drive_controller/lib/pkgconfig/drive_controller.pc'
[4.702s] Level 1:colcon.colcon_core.environment:checking '/home/tpi5/391_Project_pi/391_ws/install/drive_controller/lib/python3.12/site-packages'
[4.702s] Level 1:colcon.colcon_core.shell:create_environment_hook('drive_controller', 'pythonpath')
[4.703s] INFO:colcon.colcon_core.shell:Creating environment hook '/home/tpi5/391_Project_pi/391_ws/install/drive_controller/share/drive_controller/hook/pythonpath.ps1'
[4.703s] INFO:colcon.colcon_core.shell:Creating environment descriptor '/home/tpi5/391_Project_pi/391_ws/install/drive_controller/share/drive_controller/hook/pythonpath.dsv'
[4.705s] INFO:colcon.colcon_core.shell:Creating environment hook '/home/tpi5/391_Project_pi/391_ws/install/drive_controller/share/drive_controller/hook/pythonpath.sh'
[4.706s] Level 1:colcon.colcon_core.environment:checking '/home/tpi5/391_Project_pi/391_ws/install/drive_controller/bin'
[4.706s] Level 1:colcon.colcon_core.environment:create_environment_scripts_only(drive_controller)
[4.707s] INFO:colcon.colcon_core.shell:Creating package script '/home/tpi5/391_Project_pi/391_ws/install/drive_controller/share/drive_controller/package.ps1'
[4.708s] INFO:colcon.colcon_core.shell:Creating package descriptor '/home/tpi5/391_Project_pi/391_ws/install/drive_controller/share/drive_controller/package.dsv'
[4.709s] INFO:colcon.colcon_core.shell:Creating package script '/home/tpi5/391_Project_pi/391_ws/install/drive_controller/share/drive_controller/package.sh'
[4.710s] INFO:colcon.colcon_core.shell:Creating package script '/home/tpi5/391_Project_pi/391_ws/install/drive_controller/share/drive_controller/package.bash'
[4.712s] INFO:colcon.colcon_core.shell:Creating package script '/home/tpi5/391_Project_pi/391_ws/install/drive_controller/share/drive_controller/package.zsh'
[4.713s] Level 1:colcon.colcon_core.environment:create_file_with_runtime_dependencies(/home/tpi5/391_Project_pi/391_ws/install/drive_controller/share/colcon-core/packages/drive_controller)
[4.714s] INFO:colcon.colcon_ros.task.ament_python.build:Building ROS package in '/home/tpi5/391_Project_pi/391_ws/src/servo_dril_controller' with build type 'ament_python'
[4.715s] Level 1:colcon.colcon_core.shell:create_environment_hook('servo_dril_controller', 'ament_prefix_path')
[4.715s] INFO:colcon.colcon_core.shell:Creating environment hook '/home/tpi5/391_Project_pi/391_ws/install/servo_dril_controller/share/servo_dril_controller/hook/ament_prefix_path.ps1'
[4.716s] INFO:colcon.colcon_core.shell:Creating environment descriptor '/home/tpi5/391_Project_pi/391_ws/install/servo_dril_controller/share/servo_dril_controller/hook/ament_prefix_path.dsv'
[4.717s] INFO:colcon.colcon_core.shell:Creating environment hook '/home/tpi5/391_Project_pi/391_ws/install/servo_dril_controller/share/servo_dril_controller/hook/ament_prefix_path.sh'
[4.718s] INFO:colcon.colcon_core.shell:Skip shell extension 'powershell' for command environment: Not usable outside of PowerShell
[4.718s] DEBUG:colcon.colcon_core.shell:Skip shell extension 'dsv' for command environment
[4.726s] INFO:colcon.colcon_ros.task.ament_python.build:Building ROS package in '/home/tpi5/391_Project_pi/391_ws/src/servo_switch180_controller' with build type 'ament_python'
[4.726s] Level 1:colcon.colcon_core.shell:create_environment_hook('servo_switch180_controller', 'ament_prefix_path')
[4.726s] INFO:colcon.colcon_core.shell:Creating environment hook '/home/tpi5/391_Project_pi/391_ws/install/servo_switch180_controller/share/servo_switch180_controller/hook/ament_prefix_path.ps1'
[4.727s] INFO:colcon.colcon_core.shell:Creating environment descriptor '/home/tpi5/391_Project_pi/391_ws/install/servo_switch180_controller/share/servo_switch180_controller/hook/ament_prefix_path.dsv'
[4.728s] INFO:colcon.colcon_core.shell:Creating environment hook '/home/tpi5/391_Project_pi/391_ws/install/servo_switch180_controller/share/servo_switch180_controller/hook/ament_prefix_path.sh'
[4.729s] INFO:colcon.colcon_core.shell:Skip shell extension 'powershell' for command environment: Not usable outside of PowerShell
[4.729s] DEBUG:colcon.colcon_core.shell:Skip shell extension 'dsv' for command environment
[5.061s] INFO:colcon.colcon_core.task.python.build:Building Python package in '/home/tpi5/391_Project_pi/391_ws/src/joystick_controller'
[5.061s] INFO:colcon.colcon_core.shell:Skip shell extension 'powershell' for command environment: Not usable outside of PowerShell
[5.062s] DEBUG:colcon.colcon_core.shell:Skip shell extension 'dsv' for command environment
[5.390s] INFO:colcon.colcon_core.task.python.build:Building Python package in '/home/tpi5/391_Project_pi/391_ws/src/linear_controller'
[5.390s] INFO:colcon.colcon_core.shell:Skip shell extension 'powershell' for command environment: Not usable outside of PowerShell
[5.390s] DEBUG:colcon.colcon_core.shell:Skip shell extension 'dsv' for command environment
[5.723s] INFO:colcon.colcon_core.task.python.build:Building Python package in '/home/tpi5/391_Project_pi/391_ws/src/servo_dril_controller'
[5.723s] INFO:colcon.colcon_core.shell:Skip shell extension 'powershell' for command environment: Not usable outside of PowerShell
[5.723s] DEBUG:colcon.colcon_core.shell:Skip shell extension 'dsv' for command environment
[6.054s] INFO:colcon.colcon_core.task.python.build:Building Python package in '/home/tpi5/391_Project_pi/391_ws/src/servo_switch180_controller'
[6.054s] INFO:colcon.colcon_core.shell:Skip shell extension 'powershell' for command environment: Not usable outside of PowerShell
[6.054s] DEBUG:colcon.colcon_core.shell:Skip shell extension 'dsv' for command environment
[7.162s] DEBUG:colcon.colcon_core.event_handler.log_command:Invoking command in '/home/tpi5/391_Project_pi/391_ws/src/linear_controller': PYTHONPATH=/home/tpi5/391_Project_pi/391_ws/build/linear_controller/prefix_override:/usr/lib/python3/dist-packages/colcon_core/task/python/colcon_distutils_commands:/home/tpi5/391_Project_pi/391_ws/install/linear_controller/lib/python3.12/site-packages:${PYTHONPATH} /usr/bin/python3 -W ignore:setup.py install is deprecated -W ignore:easy_install command is deprecated setup.py egg_info --egg-base ../../build/linear_controller build --build-base /home/tpi5/391_Project_pi/391_ws/build/linear_controller/build install --record /home/tpi5/391_Project_pi/391_ws/build/linear_controller/install.log --single-version-externally-managed install_data
[7.173s] DEBUG:colcon.colcon_core.event_handler.log_command:Invoking command in '/home/tpi5/391_Project_pi/391_ws/src/servo_switch180_controller': PYTHONPATH=/home/tpi5/391_Project_pi/391_ws/build/servo_switch180_controller/prefix_override:/usr/lib/python3/dist-packages/colcon_core/task/python/colcon_distutils_commands:/home/tpi5/391_Project_pi/391_ws/install/servo_switch180_controller/lib/python3.12/site-packages:${PYTHONPATH} /usr/bin/python3 -W ignore:setup.py install is deprecated -W ignore:easy_install command is deprecated setup.py egg_info --egg-base ../../build/servo_switch180_controller build --build-base /home/tpi5/391_Project_pi/391_ws/build/servo_switch180_controller/build install --record /home/tpi5/391_Project_pi/391_ws/build/servo_switch180_controller/install.log --single-version-externally-managed install_data
[7.195s] DEBUG:colcon.colcon_core.event_handler.log_command:Invoking command in '/home/tpi5/391_Project_pi/391_ws/src/servo_dril_controller': PYTHONPATH=/home/tpi5/391_Project_pi/391_ws/build/servo_dril_controller/prefix_override:/usr/lib/python3/dist-packages/colcon_core/task/python/colcon_distutils_commands:/home/tpi5/391_Project_pi/391_ws/install/servo_dril_controller/lib/python3.12/site-packages:${PYTHONPATH} /usr/bin/python3 -W ignore:setup.py install is deprecated -W ignore:easy_install command is deprecated setup.py egg_info --egg-base ../../build/servo_dril_controller build --build-base /home/tpi5/391_Project_pi/391_ws/build/servo_dril_controller/build install --record /home/tpi5/391_Project_pi/391_ws/build/servo_dril_controller/install.log --single-version-externally-managed install_data
[7.206s] DEBUG:colcon.colcon_core.event_handler.log_command:Invoking command in '/home/tpi5/391_Project_pi/391_ws/src/joystick_controller': PYTHONPATH=/home/tpi5/391_Project_pi/391_ws/build/joystick_controller/prefix_override:/usr/lib/python3/dist-packages/colcon_core/task/python/colcon_distutils_commands:/home/tpi5/391_Project_pi/391_ws/install/joystick_controller/lib/python3.12/site-packages:${PYTHONPATH} /usr/bin/python3 -W ignore:setup.py install is deprecated -W ignore:easy_install command is deprecated setup.py egg_info --egg-base ../../build/joystick_controller build --build-base /home/tpi5/391_Project_pi/391_ws/build/joystick_controller/build install --record /home/tpi5/391_Project_pi/391_ws/build/joystick_controller/install.log --single-version-externally-managed install_data
[8.107s] Level 1:colcon.colcon_core.environment:checking '/home/tpi5/391_Project_pi/391_ws/install/servo_switch180_controller' for CMake module files
[8.108s] DEBUG:colcon.colcon_core.event_handler.log_command:Invoked command in '/home/tpi5/391_Project_pi/391_ws/src/servo_switch180_controller' returned '0': PYTHONPATH=/home/tpi5/391_Project_pi/391_ws/build/servo_switch180_controller/prefix_override:/usr/lib/python3/dist-packages/colcon_core/task/python/colcon_distutils_commands:/home/tpi5/391_Project_pi/391_ws/install/servo_switch180_controller/lib/python3.12/site-packages:${PYTHONPATH} /usr/bin/python3 -W ignore:setup.py install is deprecated -W ignore:easy_install command is deprecated setup.py egg_info --egg-base ../../build/servo_switch180_controller build --build-base /home/tpi5/391_Project_pi/391_ws/build/servo_switch180_controller/build install --record /home/tpi5/391_Project_pi/391_ws/build/servo_switch180_controller/install.log --single-version-externally-managed install_data
[8.109s] Level 1:colcon.colcon_core.environment:checking '/home/tpi5/391_Project_pi/391_ws/install/servo_switch180_controller' for CMake config files
[8.110s] Level 1:colcon.colcon_core.environment:checking '/home/tpi5/391_Project_pi/391_ws/install/servo_switch180_controller/lib'
[8.110s] Level 1:colcon.colcon_core.environment:checking '/home/tpi5/391_Project_pi/391_ws/install/servo_switch180_controller/bin'
[8.110s] Level 1:colcon.colcon_core.environment:checking '/home/tpi5/391_Project_pi/391_ws/install/servo_switch180_controller/lib/pkgconfig/servo_switch180_controller.pc'
[8.111s] Level 1:colcon.colcon_core.environment:checking '/home/tpi5/391_Project_pi/391_ws/install/servo_switch180_controller/lib/python3.12/site-packages'
[8.112s] Level 1:colcon.colcon_core.shell:create_environment_hook('servo_switch180_controller', 'pythonpath')
[8.113s] INFO:colcon.colcon_core.shell:Creating environment hook '/home/tpi5/391_Project_pi/391_ws/install/servo_switch180_controller/share/servo_switch180_controller/hook/pythonpath.ps1'
[8.116s] INFO:colcon.colcon_core.shell:Creating environment descriptor '/home/tpi5/391_Project_pi/391_ws/install/servo_switch180_controller/share/servo_switch180_controller/hook/pythonpath.dsv'
[8.119s] INFO:colcon.colcon_core.shell:Creating environment hook '/home/tpi5/391_Project_pi/391_ws/install/servo_switch180_controller/share/servo_switch180_controller/hook/pythonpath.sh'
[8.122s] Level 1:colcon.colcon_core.environment:checking '/home/tpi5/391_Project_pi/391_ws/install/servo_switch180_controller/bin'
[8.123s] Level 1:colcon.colcon_core.environment:create_environment_scripts_only(servo_switch180_controller)
[8.123s] INFO:colcon.colcon_core.shell:Creating package script '/home/tpi5/391_Project_pi/391_ws/install/servo_switch180_controller/share/servo_switch180_controller/package.ps1'
[8.126s] INFO:colcon.colcon_core.shell:Creating package descriptor '/home/tpi5/391_Project_pi/391_ws/install/servo_switch180_controller/share/servo_switch180_controller/package.dsv'
[8.128s] INFO:colcon.colcon_core.shell:Creating package script '/home/tpi5/391_Project_pi/391_ws/install/servo_switch180_controller/share/servo_switch180_controller/package.sh'
[8.131s] INFO:colcon.colcon_core.shell:Creating package script '/home/tpi5/391_Project_pi/391_ws/install/servo_switch180_controller/share/servo_switch180_controller/package.bash'
[8.133s] INFO:colcon.colcon_core.shell:Creating package script '/home/tpi5/391_Project_pi/391_ws/install/servo_switch180_controller/share/servo_switch180_controller/package.zsh'
[8.136s] Level 1:colcon.colcon_core.environment:create_file_with_runtime_dependencies(/home/tpi5/391_Project_pi/391_ws/install/servo_switch180_controller/share/colcon-core/packages/servo_switch180_controller)
[8.138s] INFO:colcon.colcon_ros.task.ament_python.build:Building ROS package in '/home/tpi5/391_Project_pi/391_ws/src/tao_controller' with build type 'ament_python'
[8.138s] Level 1:colcon.colcon_core.shell:create_environment_hook('tao_controller', 'ament_prefix_path')
[8.139s] INFO:colcon.colcon_core.shell:Creating environment hook '/home/tpi5/391_Project_pi/391_ws/install/tao_controller/share/tao_controller/hook/ament_prefix_path.ps1'
[8.140s] INFO:colcon.colcon_core.shell:Creating environment descriptor '/home/tpi5/391_Project_pi/391_ws/install/tao_controller/share/tao_controller/hook/ament_prefix_path.dsv'
[8.142s] INFO:colcon.colcon_core.shell:Creating environment hook '/home/tpi5/391_Project_pi/391_ws/install/tao_controller/share/tao_controller/hook/ament_prefix_path.sh'
[8.146s] INFO:colcon.colcon_core.shell:Skip shell extension 'powershell' for command environment: Not usable outside of PowerShell
[8.146s] DEBUG:colcon.colcon_core.shell:Skip shell extension 'dsv' for command environment
[8.165s] Level 1:colcon.colcon_core.environment:checking '/home/tpi5/391_Project_pi/391_ws/install/linear_controller' for CMake module files
[8.166s] Level 1:colcon.colcon_core.environment:checking '/home/tpi5/391_Project_pi/391_ws/install/linear_controller' for CMake config files
[8.167s] DEBUG:colcon.colcon_core.event_handler.log_command:Invoked command in '/home/tpi5/391_Project_pi/391_ws/src/linear_controller' returned '0': PYTHONPATH=/home/tpi5/391_Project_pi/391_ws/build/linear_controller/prefix_override:/usr/lib/python3/dist-packages/colcon_core/task/python/colcon_distutils_commands:/home/tpi5/391_Project_pi/391_ws/install/linear_controller/lib/python3.12/site-packages:${PYTHONPATH} /usr/bin/python3 -W ignore:setup.py install is deprecated -W ignore:easy_install command is deprecated setup.py egg_info --egg-base ../../build/linear_controller build --build-base /home/tpi5/391_Project_pi/391_ws/build/linear_controller/build install --record /home/tpi5/391_Project_pi/391_ws/build/linear_controller/install.log --single-version-externally-managed install_data
[8.169s] Level 1:colcon.colcon_core.environment:checking '/home/tpi5/391_Project_pi/391_ws/install/linear_controller/lib'
[8.169s] Level 1:colcon.colcon_core.environment:checking '/home/tpi5/391_Project_pi/391_ws/install/linear_controller/bin'
[8.169s] Level 1:colcon.colcon_core.environment:checking '/home/tpi5/391_Project_pi/391_ws/install/linear_controller/lib/pkgconfig/linear_controller.pc'
[8.169s] Level 1:colcon.colcon_core.environment:checking '/home/tpi5/391_Project_pi/391_ws/install/linear_controller/lib/python3.12/site-packages'
[8.170s] Level 1:colcon.colcon_core.shell:create_environment_hook('linear_controller', 'pythonpath')
[8.170s] INFO:colcon.colcon_core.shell:Creating environment hook '/home/tpi5/391_Project_pi/391_ws/install/linear_controller/share/linear_controller/hook/pythonpath.ps1'
[8.171s] INFO:colcon.colcon_core.shell:Creating environment descriptor '/home/tpi5/391_Project_pi/391_ws/install/linear_controller/share/linear_controller/hook/pythonpath.dsv'
[8.174s] INFO:colcon.colcon_core.shell:Creating environment hook '/home/tpi5/391_Project_pi/391_ws/install/linear_controller/share/linear_controller/hook/pythonpath.sh'
[8.176s] Level 1:colcon.colcon_core.environment:checking '/home/tpi5/391_Project_pi/391_ws/install/linear_controller/bin'
[8.176s] Level 1:colcon.colcon_core.environment:create_environment_scripts_only(linear_controller)
[8.176s] INFO:colcon.colcon_core.shell:Creating package script '/home/tpi5/391_Project_pi/391_ws/install/linear_controller/share/linear_controller/package.ps1'
[8.177s] INFO:colcon.colcon_core.shell:Creating package descriptor '/home/tpi5/391_Project_pi/391_ws/install/linear_controller/share/linear_controller/package.dsv'
[8.179s] INFO:colcon.colcon_core.shell:Creating package script '/home/tpi5/391_Project_pi/391_ws/install/linear_controller/share/linear_controller/package.sh'
[8.180s] INFO:colcon.colcon_core.shell:Creating package script '/home/tpi5/391_Project_pi/391_ws/install/linear_controller/share/linear_controller/package.bash'
[8.182s] INFO:colcon.colcon_core.shell:Creating package script '/home/tpi5/391_Project_pi/391_ws/install/linear_controller/share/linear_controller/package.zsh'
[8.183s] Level 1:colcon.colcon_core.environment:create_file_with_runtime_dependencies(/home/tpi5/391_Project_pi/391_ws/install/linear_controller/share/colcon-core/packages/linear_controller)
[8.537s] INFO:colcon.colcon_core.task.python.build:Building Python package in '/home/tpi5/391_Project_pi/391_ws/src/tao_controller'
[8.537s] INFO:colcon.colcon_core.shell:Skip shell extension 'powershell' for command environment: Not usable outside of PowerShell
[8.537s] DEBUG:colcon.colcon_core.shell:Skip shell extension 'dsv' for command environment
[8.545s] Level 1:colcon.colcon_core.environment:checking '/home/tpi5/391_Project_pi/391_ws/install/servo_dril_controller' for CMake module files
[8.545s] DEBUG:colcon.colcon_core.event_handler.log_command:Invoked command in '/home/tpi5/391_Project_pi/391_ws/src/servo_dril_controller' returned '0': PYTHONPATH=/home/tpi5/391_Project_pi/391_ws/build/servo_dril_controller/prefix_override:/usr/lib/python3/dist-packages/colcon_core/task/python/colcon_distutils_commands:/home/tpi5/391_Project_pi/391_ws/install/servo_dril_controller/lib/python3.12/site-packages:${PYTHONPATH} /usr/bin/python3 -W ignore:setup.py install is deprecated -W ignore:easy_install command is deprecated setup.py egg_info --egg-base ../../build/servo_dril_controller build --build-base /home/tpi5/391_Project_pi/391_ws/build/servo_dril_controller/build install --record /home/tpi5/391_Project_pi/391_ws/build/servo_dril_controller/install.log --single-version-externally-managed install_data
[8.546s] Level 1:colcon.colcon_core.environment:checking '/home/tpi5/391_Project_pi/391_ws/install/servo_dril_controller' for CMake config files
[8.547s] Level 1:colcon.colcon_core.environment:checking '/home/tpi5/391_Project_pi/391_ws/install/servo_dril_controller/lib'
[8.547s] Level 1:colcon.colcon_core.environment:checking '/home/tpi5/391_Project_pi/391_ws/install/servo_dril_controller/bin'
[8.547s] Level 1:colcon.colcon_core.environment:checking '/home/tpi5/391_Project_pi/391_ws/install/servo_dril_controller/lib/pkgconfig/servo_dril_controller.pc'
[8.548s] Level 1:colcon.colcon_core.environment:checking '/home/tpi5/391_Project_pi/391_ws/install/servo_dril_controller/lib/python3.12/site-packages'
[8.548s] Level 1:colcon.colcon_core.shell:create_environment_hook('servo_dril_controller', 'pythonpath')
[8.548s] INFO:colcon.colcon_core.shell:Creating environment hook '/home/tpi5/391_Project_pi/391_ws/install/servo_dril_controller/share/servo_dril_controller/hook/pythonpath.ps1'
[8.549s] INFO:colcon.colcon_core.shell:Creating environment descriptor '/home/tpi5/391_Project_pi/391_ws/install/servo_dril_controller/share/servo_dril_controller/hook/pythonpath.dsv'
[8.550s] INFO:colcon.colcon_core.shell:Creating environment hook '/home/tpi5/391_Project_pi/391_ws/install/servo_dril_controller/share/servo_dril_controller/hook/pythonpath.sh'
[8.552s] Level 1:colcon.colcon_core.environment:checking '/home/tpi5/391_Project_pi/391_ws/install/servo_dril_controller/bin'
[8.552s] Level 1:colcon.colcon_core.environment:create_environment_scripts_only(servo_dril_controller)
[8.552s] INFO:colcon.colcon_core.shell:Creating package script '/home/tpi5/391_Project_pi/391_ws/install/servo_dril_controller/share/servo_dril_controller/package.ps1'
[8.553s] INFO:colcon.colcon_core.shell:Creating package descriptor '/home/tpi5/391_Project_pi/391_ws/install/servo_dril_controller/share/servo_dril_controller/package.dsv'
[8.554s] INFO:colcon.colcon_core.shell:Creating package script '/home/tpi5/391_Project_pi/391_ws/install/servo_dril_controller/share/servo_dril_controller/package.sh'
[8.555s] INFO:colcon.colcon_core.shell:Creating package script '/home/tpi5/391_Project_pi/391_ws/install/servo_dril_controller/share/servo_dril_controller/package.bash'
[8.555s] INFO:colcon.colcon_core.shell:Creating package script '/home/tpi5/391_Project_pi/391_ws/install/servo_dril_controller/share/servo_dril_controller/package.zsh'
[8.556s] Level 1:colcon.colcon_core.environment:create_file_with_runtime_dependencies(/home/tpi5/391_Project_pi/391_ws/install/servo_dril_controller/share/colcon-core/packages/servo_dril_controller)
[8.557s] Level 1:colcon.colcon_core.environment:checking '/home/tpi5/391_Project_pi/391_ws/install/joystick_controller' for CMake module files
[8.558s] DEBUG:colcon.colcon_core.event_handler.log_command:Invoked command in '/home/tpi5/391_Project_pi/391_ws/src/joystick_controller' returned '0': PYTHONPATH=/home/tpi5/391_Project_pi/391_ws/build/joystick_controller/prefix_override:/usr/lib/python3/dist-packages/colcon_core/task/python/colcon_distutils_commands:/home/tpi5/391_Project_pi/391_ws/install/joystick_controller/lib/python3.12/site-packages:${PYTHONPATH} /usr/bin/python3 -W ignore:setup.py install is deprecated -W ignore:easy_install command is deprecated setup.py egg_info --egg-base ../../build/joystick_controller build --build-base /home/tpi5/391_Project_pi/391_ws/build/joystick_controller/build install --record /home/tpi5/391_Project_pi/391_ws/build/joystick_controller/install.log --single-version-externally-managed install_data
[8.559s] Level 1:colcon.colcon_core.environment:checking '/home/tpi5/391_Project_pi/391_ws/install/joystick_controller' for CMake config files
[8.560s] Level 1:colcon.colcon_core.environment:checking '/home/tpi5/391_Project_pi/391_ws/install/joystick_controller/lib'
[8.560s] Level 1:colcon.colcon_core.environment:checking '/home/tpi5/391_Project_pi/391_ws/install/joystick_controller/bin'
[8.560s] Level 1:colcon.colcon_core.environment:checking '/home/tpi5/391_Project_pi/391_ws/install/joystick_controller/lib/pkgconfig/joystick_controller.pc'
[8.560s] Level 1:colcon.colcon_core.environment:checking '/home/tpi5/391_Project_pi/391_ws/install/joystick_controller/lib/python3.12/site-packages'
[8.560s] Level 1:colcon.colcon_core.shell:create_environment_hook('joystick_controller', 'pythonpath')
[8.561s] INFO:colcon.colcon_core.shell:Creating environment hook '/home/tpi5/391_Project_pi/391_ws/install/joystick_controller/share/joystick_controller/hook/pythonpath.ps1'
[8.561s] INFO:colcon.colcon_core.shell:Creating environment descriptor '/home/tpi5/391_Project_pi/391_ws/install/joystick_controller/share/joystick_controller/hook/pythonpath.dsv'
[8.562s] INFO:colcon.colcon_core.shell:Creating environment hook '/home/tpi5/391_Project_pi/391_ws/install/joystick_controller/share/joystick_controller/hook/pythonpath.sh'
[8.563s] Level 1:colcon.colcon_core.environment:checking '/home/tpi5/391_Project_pi/391_ws/install/joystick_controller/bin'
[8.563s] Level 1:colcon.colcon_core.environment:create_environment_scripts_only(joystick_controller)
[8.564s] INFO:colcon.colcon_core.shell:Creating package script '/home/tpi5/391_Project_pi/391_ws/install/joystick_controller/share/joystick_controller/package.ps1'
[8.565s] INFO:colcon.colcon_core.shell:Creating package descriptor '/home/tpi5/391_Project_pi/391_ws/install/joystick_controller/share/joystick_controller/package.dsv'
[8.566s] INFO:colcon.colcon_core.shell:Creating package script '/home/tpi5/391_Project_pi/391_ws/install/joystick_controller/share/joystick_controller/package.sh'
[8.567s] INFO:colcon.colcon_core.shell:Creating package script '/home/tpi5/391_Project_pi/391_ws/install/joystick_controller/share/joystick_controller/package.bash'
[8.569s] INFO:colcon.colcon_core.shell:Creating package script '/home/tpi5/391_Project_pi/391_ws/install/joystick_controller/share/joystick_controller/package.zsh'
[8.570s] Level 1:colcon.colcon_core.environment:create_file_with_runtime_dependencies(/home/tpi5/391_Project_pi/391_ws/install/joystick_controller/share/colcon-core/packages/joystick_controller)
[9.395s] DEBUG:colcon.colcon_core.event_handler.log_command:Invoking command in '/home/tpi5/391_Project_pi/391_ws/src/tao_controller': PYTHONPATH=/home/tpi5/391_Project_pi/391_ws/build/tao_controller/prefix_override:/usr/lib/python3/dist-packages/colcon_core/task/python/colcon_distutils_commands:/home/tpi5/391_Project_pi/391_ws/install/tao_controller/lib/python3.12/site-packages:${PYTHONPATH} /usr/bin/python3 -W ignore:setup.py install is deprecated -W ignore:easy_install command is deprecated setup.py egg_info --egg-base ../../build/tao_controller build --build-base /home/tpi5/391_Project_pi/391_ws/build/tao_controller/build install --record /home/tpi5/391_Project_pi/391_ws/build/tao_controller/install.log --single-version-externally-managed install_data
[10.130s] Level 1:colcon.colcon_core.environment:checking '/home/tpi5/391_Project_pi/391_ws/install/tao_controller' for CMake module files
[10.130s] DEBUG:colcon.colcon_core.event_handler.log_command:Invoked command in '/home/tpi5/391_Project_pi/391_ws/src/tao_controller' returned '0': PYTHONPATH=/home/tpi5/391_Project_pi/391_ws/build/tao_controller/prefix_override:/usr/lib/python3/dist-packages/colcon_core/task/python/colcon_distutils_commands:/home/tpi5/391_Project_pi/391_ws/install/tao_controller/lib/python3.12/site-packages:${PYTHONPATH} /usr/bin/python3 -W ignore:setup.py install is deprecated -W ignore:easy_install command is deprecated setup.py egg_info --egg-base ../../build/tao_controller build --build-base /home/tpi5/391_Project_pi/391_ws/build/tao_controller/build install --record /home/tpi5/391_Project_pi/391_ws/build/tao_controller/install.log --single-version-externally-managed install_data
[10.131s] Level 1:colcon.colcon_core.environment:checking '/home/tpi5/391_Project_pi/391_ws/install/tao_controller' for CMake config files
[10.131s] Level 1:colcon.colcon_core.environment:checking '/home/tpi5/391_Project_pi/391_ws/install/tao_controller/lib'
[10.131s] Level 1:colcon.colcon_core.environment:checking '/home/tpi5/391_Project_pi/391_ws/install/tao_controller/bin'
[10.132s] Level 1:colcon.colcon_core.environment:checking '/home/tpi5/391_Project_pi/391_ws/install/tao_controller/lib/pkgconfig/tao_controller.pc'
[10.132s] Level 1:colcon.colcon_core.environment:checking '/home/tpi5/391_Project_pi/391_ws/install/tao_controller/lib/python3.12/site-packages'
[10.132s] Level 1:colcon.colcon_core.shell:create_environment_hook('tao_controller', 'pythonpath')
[10.132s] INFO:colcon.colcon_core.shell:Creating environment hook '/home/tpi5/391_Project_pi/391_ws/install/tao_controller/share/tao_controller/hook/pythonpath.ps1'
[10.133s] INFO:colcon.colcon_core.shell:Creating environment descriptor '/home/tpi5/391_Project_pi/391_ws/install/tao_controller/share/tao_controller/hook/pythonpath.dsv'
[10.134s] INFO:colcon.colcon_core.shell:Creating environment hook '/home/tpi5/391_Project_pi/391_ws/install/tao_controller/share/tao_controller/hook/pythonpath.sh'
[10.135s] Level 1:colcon.colcon_core.environment:checking '/home/tpi5/391_Project_pi/391_ws/install/tao_controller/bin'
[10.135s] Level 1:colcon.colcon_core.environment:create_environment_scripts_only(tao_controller)
[10.135s] INFO:colcon.colcon_core.shell:Creating package script '/home/tpi5/391_Project_pi/391_ws/install/tao_controller/share/tao_controller/package.ps1'
[10.136s] INFO:colcon.colcon_core.shell:Creating package descriptor '/home/tpi5/391_Project_pi/391_ws/install/tao_controller/share/tao_controller/package.dsv'
[10.137s] INFO:colcon.colcon_core.shell:Creating package script '/home/tpi5/391_Project_pi/391_ws/install/tao_controller/share/tao_controller/package.sh'
[10.137s] INFO:colcon.colcon_core.shell:Creating package script '/home/tpi5/391_Project_pi/391_ws/install/tao_controller/share/tao_controller/package.bash'
[10.138s] INFO:colcon.colcon_core.shell:Creating package script '/home/tpi5/391_Project_pi/391_ws/install/tao_controller/share/tao_controller/package.zsh'
[10.139s] Level 1:colcon.colcon_core.environment:create_file_with_runtime_dependencies(/home/tpi5/391_Project_pi/391_ws/install/tao_controller/share/colcon-core/packages/tao_controller)
[10.139s] INFO:colcon.colcon_ros.task.ament_python.build:Building ROS package in '/home/tpi5/391_Project_pi/391_ws/src/robot_bringup' with build type 'ament_python'
[10.139s] Level 1:colcon.colcon_core.shell:create_environment_hook('robot_bringup', 'ament_prefix_path')
[10.140s] INFO:colcon.colcon_core.shell:Creating environment hook '/home/tpi5/391_Project_pi/391_ws/install/robot_bringup/share/robot_bringup/hook/ament_prefix_path.ps1'
[10.140s] INFO:colcon.colcon_core.shell:Creating environment descriptor '/home/tpi5/391_Project_pi/391_ws/install/robot_bringup/share/robot_bringup/hook/ament_prefix_path.dsv'
[10.142s] INFO:colcon.colcon_core.shell:Creating environment hook '/home/tpi5/391_Project_pi/391_ws/install/robot_bringup/share/robot_bringup/hook/ament_prefix_path.sh'
[10.143s] INFO:colcon.colcon_core.shell:Skip shell extension 'powershell' for command environment: Not usable outside of PowerShell
[10.143s] DEBUG:colcon.colcon_core.shell:Skip shell extension 'dsv' for command environment
[10.489s] INFO:colcon.colcon_core.task.python.build:Building Python package in '/home/tpi5/391_Project_pi/391_ws/src/robot_bringup'
[10.490s] INFO:colcon.colcon_core.shell:Skip shell extension 'powershell' for command environment: Not usable outside of PowerShell
[10.490s] DEBUG:colcon.colcon_core.shell:Skip shell extension 'dsv' for command environment
[11.338s] DEBUG:colcon.colcon_core.event_handler.log_command:Invoking command in '/home/tpi5/391_Project_pi/391_ws/src/robot_bringup': AMENT_PREFIX_PATH=/home/tpi5/391_Project_pi/391_ws/install/tao_controller:/home/tpi5/391_Project_pi/391_ws/install/servo_switch180_controller:/home/tpi5/391_Project_pi/391_ws/install/servo_dril_controller:/home/tpi5/391_Project_pi/391_ws/install/linear_controller:/home/tpi5/391_Project_pi/391_ws/install/joystick_controller:/home/tpi5/391_Project_pi/391_ws/install/gripper_controller:/home/tpi5/391_Project_pi/391_ws/install/dual_cam_mjpeg_server:/home/tpi5/391_Project_pi/391_ws/install/drive_controller:/home/tpi5/391_Project_pi/391_ws/install/dril_controller:/home/tpi5/391_Project_pi/391_ws/install/robot_bringup:/home/tpi5/391_Project_pi/install/tao_controller:/home/tpi5/391_Project_pi/install/servo_switch180_controller:/home/tpi5/391_Project_pi/install/servo_dril_controller:/home/tpi5/391_Project_pi/install/servo_controller:/home/tpi5/391_Project_pi/install/linear_controller:/home/tpi5/391_Project_pi/install/joystick_controller:/home/tpi5/391_Project_pi/install/gripper_controller:/home/tpi5/391_Project_pi/install/dual_cam_mjpeg_server:/home/tpi5/391_Project_pi/install/drive_controller:/home/tpi5/391_Project_pi/install/dril_controller:/home/tpi5/391_Project/391_ws/install/joystick_controller:/home/tpi5/391_Project/391_ws/install/drive_controller:/home/tpi5/uros_ws/install/micro_ros_setup:/home/tpi5/uros_ws/install/micro_ros_agent:/home/tpi5/uros_ws/install/micro_ros_msgs:/opt/ros/jazzy PYTHONPATH=/home/tpi5/391_Project_pi/391_ws/build/robot_bringup/prefix_override:/usr/lib/python3/dist-packages/colcon_core/task/python/colcon_distutils_commands:/home/tpi5/391_Project_pi/391_ws/install/robot_bringup/lib/python3.12/site-packages:/home/tpi5/391_Project_pi/391_ws/install/tao_controller/lib/python3.12/site-packages:/home/tpi5/391_Project_pi/391_ws/install/servo_switch180_controller/lib/python3.12/site-packages:/home/tpi5/391_Project_pi/391_ws/install/servo_dril_controller/lib/python3.12/site-packages:/home/tpi5/391_Project_pi/391_ws/install/linear_controller/lib/python3.12/site-packages:/home/tpi5/391_Project_pi/391_ws/install/joystick_controller/lib/python3.12/site-packages:/home/tpi5/391_Project_pi/391_ws/install/gripper_controller/lib/python3.12/site-packages:/home/tpi5/391_Project_pi/391_ws/install/dual_cam_mjpeg_server/lib/python3.12/site-packages:/home/tpi5/391_Project_pi/391_ws/install/drive_controller/lib/python3.12/site-packages:/home/tpi5/391_Project_pi/391_ws/install/dril_controller/lib/python3.12/site-packages:/home/tpi5/391_Project_pi/391_ws/install/robot_bringup/lib/python3.12/site-packages:/home/tpi5/391_Project_pi/install/tao_controller/lib/python3.12/site-packages:/home/tpi5/391_Project_pi/install/servo_switch180_controller/lib/python3.12/site-packages:/home/tpi5/391_Project_pi/install/servo_dril_controller/lib/python3.12/site-packages:/home/tpi5/391_Project_pi/install/servo_controller/lib/python3.12/site-packages:/home/tpi5/391_Project_pi/install/linear_controller/lib/python3.12/site-packages:/home/tpi5/391_Project_pi/install/joystick_controller/lib/python3.12/site-packages:/home/tpi5/391_Project_pi/install/gripper_controller/lib/python3.12/site-packages:/home/tpi5/391_Project_pi/install/dual_cam_mjpeg_server/lib/python3.12/site-packages:/home/tpi5/391_Project_pi/install/drive_controller/lib/python3.12/site-packages:/home/tpi5/391_Project_pi/install/dril_controller/lib/python3.12/site-packages:/home/tpi5/391_Project/391_ws/install/joystick_controller/lib/python3.12/site-packages:/home/tpi5/391_Project/391_ws/install/drive_controller/lib/python3.12/site-packages:/home/tpi5/uros_ws/install/micro_ros_msgs/lib/python3.12/site-packages:/opt/ros/jazzy/lib/python3.12/site-packages /usr/bin/python3 -W ignore:setup.py install is deprecated -W ignore:easy_install command is deprecated setup.py egg_info --egg-base ../../build/robot_bringup build --build-base /home/tpi5/391_Project_pi/391_ws/build/robot_bringup/build install --record /home/tpi5/391_Project_pi/391_ws/build/robot_bringup/install.log --single-version-externally-managed install_data
[12.076s] Level 1:colcon.colcon_core.environment:checking '/home/tpi5/391_Project_pi/391_ws/install/robot_bringup' for CMake module files
[12.077s] DEBUG:colcon.colcon_core.event_handler.log_command:Invoked command in '/home/tpi5/391_Project_pi/391_ws/src/robot_bringup' returned '0': AMENT_PREFIX_PATH=/home/tpi5/391_Project_pi/391_ws/install/tao_controller:/home/tpi5/391_Project_pi/391_ws/install/servo_switch180_controller:/home/tpi5/391_Project_pi/391_ws/install/servo_dril_controller:/home/tpi5/391_Project_pi/391_ws/install/linear_controller:/home/tpi5/391_Project_pi/391_ws/install/joystick_controller:/home/tpi5/391_Project_pi/391_ws/install/gripper_controller:/home/tpi5/391_Project_pi/391_ws/install/dual_cam_mjpeg_server:/home/tpi5/391_Project_pi/391_ws/install/drive_controller:/home/tpi5/391_Project_pi/391_ws/install/dril_controller:/home/tpi5/391_Project_pi/391_ws/install/robot_bringup:/home/tpi5/391_Project_pi/install/tao_controller:/home/tpi5/391_Project_pi/install/servo_switch180_controller:/home/tpi5/391_Project_pi/install/servo_dril_controller:/home/tpi5/391_Project_pi/install/servo_controller:/home/tpi5/391_Project_pi/install/linear_controller:/home/tpi5/391_Project_pi/install/joystick_controller:/home/tpi5/391_Project_pi/install/gripper_controller:/home/tpi5/391_Project_pi/install/dual_cam_mjpeg_server:/home/tpi5/391_Project_pi/install/drive_controller:/home/tpi5/391_Project_pi/install/dril_controller:/home/tpi5/391_Project/391_ws/install/joystick_controller:/home/tpi5/391_Project/391_ws/install/drive_controller:/home/tpi5/uros_ws/install/micro_ros_setup:/home/tpi5/uros_ws/install/micro_ros_agent:/home/tpi5/uros_ws/install/micro_ros_msgs:/opt/ros/jazzy PYTHONPATH=/home/tpi5/391_Project_pi/391_ws/build/robot_bringup/prefix_override:/usr/lib/python3/dist-packages/colcon_core/task/python/colcon_distutils_commands:/home/tpi5/391_Project_pi/391_ws/install/robot_bringup/lib/python3.12/site-packages:/home/tpi5/391_Project_pi/391_ws/install/tao_controller/lib/python3.12/site-packages:/home/tpi5/391_Project_pi/391_ws/install/servo_switch180_controller/lib/python3.12/site-packages:/home/tpi5/391_Project_pi/391_ws/install/servo_dril_controller/lib/python3.12/site-packages:/home/tpi5/391_Project_pi/391_ws/install/linear_controller/lib/python3.12/site-packages:/home/tpi5/391_Project_pi/391_ws/install/joystick_controller/lib/python3.12/site-packages:/home/tpi5/391_Project_pi/391_ws/install/gripper_controller/lib/python3.12/site-packages:/home/tpi5/391_Project_pi/391_ws/install/dual_cam_mjpeg_server/lib/python3.12/site-packages:/home/tpi5/391_Project_pi/391_ws/install/drive_controller/lib/python3.12/site-packages:/home/tpi5/391_Project_pi/391_ws/install/dril_controller/lib/python3.12/site-packages:/home/tpi5/391_Project_pi/391_ws/install/robot_bringup/lib/python3.12/site-packages:/home/tpi5/391_Project_pi/install/tao_controller/lib/python3.12/site-packages:/home/tpi5/391_Project_pi/install/servo_switch180_controller/lib/python3.12/site-packages:/home/tpi5/391_Project_pi/install/servo_dril_controller/lib/python3.12/site-packages:/home/tpi5/391_Project_pi/install/servo_controller/lib/python3.12/site-packages:/home/tpi5/391_Project_pi/install/linear_controller/lib/python3.12/site-packages:/home/tpi5/391_Project_pi/install/joystick_controller/lib/python3.12/site-packages:/home/tpi5/391_Project_pi/install/gripper_controller/lib/python3.12/site-packages:/home/tpi5/391_Project_pi/install/dual_cam_mjpeg_server/lib/python3.12/site-packages:/home/tpi5/391_Project_pi/install/drive_controller/lib/python3.12/site-packages:/home/tpi5/391_Project_pi/install/dril_controller/lib/python3.12/site-packages:/home/tpi5/391_Project/391_ws/install/joystick_controller/lib/python3.12/site-packages:/home/tpi5/391_Project/391_ws/install/drive_controller/lib/python3.12/site-packages:/home/tpi5/uros_ws/install/micro_ros_msgs/lib/python3.12/site-packages:/opt/ros/jazzy/lib/python3.12/site-packages /usr/bin/python3 -W ignore:setup.py install is deprecated -W ignore:easy_install command is deprecated setup.py egg_info --egg-base ../../build/robot_bringup build --build-base /home/tpi5/391_Project_pi/391_ws/build/robot_bringup/build install --record /home/tpi5/391_Project_pi/391_ws/build/robot_bringup/install.log --single-version-externally-managed install_data
[12.078s] Level 1:colcon.colcon_core.environment:checking '/home/tpi5/391_Project_pi/391_ws/install/robot_bringup' for CMake config files
[12.078s] Level 1:colcon.colcon_core.environment:checking '/home/tpi5/391_Project_pi/391_ws/install/robot_bringup/lib'
[12.078s] Level 1:colcon.colcon_core.environment:checking '/home/tpi5/391_Project_pi/391_ws/install/robot_bringup/bin'
[12.078s] Level 1:colcon.colcon_core.environment:checking '/home/tpi5/391_Project_pi/391_ws/install/robot_bringup/lib/pkgconfig/robot_bringup.pc'
[12.079s] Level 1:colcon.colcon_core.environment:checking '/home/tpi5/391_Project_pi/391_ws/install/robot_bringup/lib/python3.12/site-packages'
[12.079s] Level 1:colcon.colcon_core.shell:create_environment_hook('robot_bringup', 'pythonpath')
[12.079s] INFO:colcon.colcon_core.shell:Creating environment hook '/home/tpi5/391_Project_pi/391_ws/install/robot_bringup/share/robot_bringup/hook/pythonpath.ps1'
[12.080s] INFO:colcon.colcon_core.shell:Creating environment descriptor '/home/tpi5/391_Project_pi/391_ws/install/robot_bringup/share/robot_bringup/hook/pythonpath.dsv'
[12.081s] INFO:colcon.colcon_core.shell:Creating environment hook '/home/tpi5/391_Project_pi/391_ws/install/robot_bringup/share/robot_bringup/hook/pythonpath.sh'
[12.082s] Level 1:colcon.colcon_core.environment:checking '/home/tpi5/391_Project_pi/391_ws/install/robot_bringup/bin'
[12.082s] Level 1:colcon.colcon_core.environment:create_environment_scripts_only(robot_bringup)
[12.083s] INFO:colcon.colcon_core.shell:Creating package script '/home/tpi5/391_Project_pi/391_ws/install/robot_bringup/share/robot_bringup/package.ps1'
[12.083s] INFO:colcon.colcon_core.shell:Creating package descriptor '/home/tpi5/391_Project_pi/391_ws/install/robot_bringup/share/robot_bringup/package.dsv'
[12.085s] INFO:colcon.colcon_core.shell:Creating package script '/home/tpi5/391_Project_pi/391_ws/install/robot_bringup/share/robot_bringup/package.sh'
[12.086s] INFO:colcon.colcon_core.shell:Creating package script '/home/tpi5/391_Project_pi/391_ws/install/robot_bringup/share/robot_bringup/package.bash'
[12.088s] INFO:colcon.colcon_core.shell:Creating package script '/home/tpi5/391_Project_pi/391_ws/install/robot_bringup/share/robot_bringup/package.zsh'
[12.089s] Level 1:colcon.colcon_core.environment:create_file_with_runtime_dependencies(/home/tpi5/391_Project_pi/391_ws/install/robot_bringup/share/colcon-core/packages/robot_bringup)
[12.090s] DEBUG:colcon.colcon_parallel_executor.executor.parallel:closing loop
[12.090s] DEBUG:colcon.colcon_parallel_executor.executor.parallel:loop closed
[12.091s] DEBUG:colcon.colcon_parallel_executor.executor.parallel:run_until_complete finished with '0'
[12.091s] DEBUG:colcon.colcon_core.event_reactor:joining thread
[12.103s] INFO:colcon.colcon_core.plugin_system:Skipping extension 'colcon_notification.desktop_notification.notify_send': Could not find 'notify-send'
[12.103s] INFO:colcon.colcon_core.plugin_system:Skipping extension 'colcon_notification.desktop_notification.terminal_notifier': Not used on non-Darwin systems
[12.103s] INFO:colcon.colcon_core.plugin_system:Skipping extension 'colcon_notification.desktop_notification.win32': Not used on non-Windows systems
[12.103s] INFO:colcon.colcon_notification.desktop_notification:Sending desktop notification using 'notify2'
[12.127s] DEBUG:colcon.colcon_notification.desktop_notification.notify2:Failed to initialize notify2: org.freedesktop.DBus.Error.ServiceUnknown: The name org.freedesktop.Notifications was not provided by any .service files
[12.127s] DEBUG:colcon.colcon_core.event_reactor:joined thread
[12.128s] INFO:colcon.colcon_core.shell:Creating prefix script '/home/tpi5/391_Project_pi/391_ws/install/local_setup.ps1'
[12.130s] INFO:colcon.colcon_core.shell:Creating prefix util module '/home/tpi5/391_Project_pi/391_ws/install/_local_setup_util_ps1.py'
[12.133s] INFO:colcon.colcon_core.shell:Creating prefix chain script '/home/tpi5/391_Project_pi/391_ws/install/setup.ps1'
[12.136s] INFO:colcon.colcon_core.shell:Creating prefix script '/home/tpi5/391_Project_pi/391_ws/install/local_setup.sh'
[12.138s] INFO:colcon.colcon_core.shell:Creating prefix util module '/home/tpi5/391_Project_pi/391_ws/install/_local_setup_util_sh.py'
[12.139s] INFO:colcon.colcon_core.shell:Creating prefix chain script '/home/tpi5/391_Project_pi/391_ws/install/setup.sh'
[12.142s] INFO:colcon.colcon_core.shell:Creating prefix script '/home/tpi5/391_Project_pi/391_ws/install/local_setup.bash'
[12.144s] INFO:colcon.colcon_core.shell:Creating prefix chain script '/home/tpi5/391_Project_pi/391_ws/install/setup.bash'
[12.146s] INFO:colcon.colcon_core.shell:Creating prefix script '/home/tpi5/391_Project_pi/391_ws/install/local_setup.zsh'
[12.149s] INFO:colcon.colcon_core.shell:Creating prefix chain script '/home/tpi5/391_Project_pi/391_ws/install/setup.zsh'
