[0.277s] DEBUG:colcon:Command line arguments: ['/usr/bin/colcon', 'build']
[0.277s] DEBUG:colcon:Parsed command line arguments: Namespace(log_base=None, log_level=None, verb_name='build', build_base='build', install_base='install', merge_install=False, symlink_install=False, test_result_base=None, continue_on_error=False, executor='parallel', parallel_workers=4, event_handlers=None, ignore_user_meta=False, metas=['./colcon.meta'], base_paths=['.'], packages_ignore=None, packages_ignore_regex=None, paths=None, packages_up_to=None, packages_up_to_regex=None, packages_above=None, packages_above_and_dependencies=None, packages_above_depth=None, packages_select_by_dep=None, packages_skip_by_dep=None, packages_skip_up_to=None, packages_select_build_failed=False, packages_skip_build_finished=False, packages_select_test_failures=False, packages_skip_test_passed=False, packages_select=None, packages_skip=None, packages_select_regex=None, packages_skip_regex=None, packages_start=None, packages_end=None, allow_overriding=[], cmake_args=None, cmake_target=None, cmake_target_skip_unavailable=False, cmake_clean_cache=False, cmake_clean_first=False, cmake_force_configure=False, ament_cmake_args=None, catkin_cmake_args=None, catkin_skip_building_tests=False, mixin_files=None, mixin=None, verb_parser=<colcon_mixin.mixin.mixin_argument.MixinArgumentDecorator object at 0xffffa8aee2a0>, verb_extension=<colcon_core.verb.build.BuildVerb object at 0xffffa8ca6750>, main=<bound method BuildVerb.main of <colcon_core.verb.build.BuildVerb object at 0xffffa8ca6750>>, mixin_verb=('build',))
[0.397s] Level 1:colcon.colcon_core.package_discovery:discover_packages(colcon_meta) check parameters
[0.398s] Level 1:colcon.colcon_core.package_discovery:discover_packages(recursive) check parameters
[0.398s] Level 1:colcon.colcon_core.package_discovery:discover_packages(ignore) check parameters
[0.398s] Level 1:colcon.colcon_core.package_discovery:discover_packages(path) check parameters
[0.398s] Level 1:colcon.colcon_core.package_discovery:discover_packages(colcon_meta) discover
[0.398s] Level 1:colcon.colcon_core.package_discovery:discover_packages(recursive) discover
[0.398s] INFO:colcon.colcon_core.package_discovery:Crawling recursively for packages in '/home/tpi5/391_Project_pi/391_ws'
[0.398s] Level 1:colcon.colcon_core.package_identification:_identify(.) by extensions ['ignore', 'ignore_ament_install']
[0.398s] Level 1:colcon.colcon_core.package_identification:_identify(.) by extension 'ignore'
[0.398s] Level 1:colcon.colcon_core.package_identification:_identify(.) by extension 'ignore_ament_install'
[0.398s] Level 1:colcon.colcon_core.package_identification:_identify(.) by extensions ['colcon_pkg']
[0.398s] Level 1:colcon.colcon_core.package_identification:_identify(.) by extension 'colcon_pkg'
[0.398s] Level 1:colcon.colcon_core.package_identification:_identify(.) by extensions ['colcon_meta']
[0.399s] Level 1:colcon.colcon_core.package_identification:_identify(.) by extension 'colcon_meta'
[0.399s] Level 1:colcon.colcon_core.package_identification:_identify(.) by extensions ['ros']
[0.399s] Level 1:colcon.colcon_core.package_identification:_identify(.) by extension 'ros'
[0.460s] Level 1:colcon.colcon_core.package_identification:_identify(.) by extensions ['cmake', 'python']
[0.460s] Level 1:colcon.colcon_core.package_identification:_identify(.) by extension 'cmake'
[0.460s] Level 1:colcon.colcon_core.package_identification:_identify(.) by extension 'python'
[0.460s] Level 1:colcon.colcon_core.package_identification:_identify(.) by extensions ['python_setup_py']
[0.460s] Level 1:colcon.colcon_core.package_identification:_identify(.) by extension 'python_setup_py'
[0.461s] Level 1:colcon.colcon_core.package_identification:_identify(build) by extensions ['ignore', 'ignore_ament_install']
[0.461s] Level 1:colcon.colcon_core.package_identification:_identify(build) by extension 'ignore'
[0.461s] Level 1:colcon.colcon_core.package_identification:_identify(build) ignored
[0.461s] Level 1:colcon.colcon_core.package_identification:_identify(install) by extensions ['ignore', 'ignore_ament_install']
[0.461s] Level 1:colcon.colcon_core.package_identification:_identify(install) by extension 'ignore'
[0.461s] Level 1:colcon.colcon_core.package_identification:_identify(install) ignored
[0.461s] Level 1:colcon.colcon_core.package_identification:_identify(log) by extensions ['ignore', 'ignore_ament_install']
[0.461s] Level 1:colcon.colcon_core.package_identification:_identify(log) by extension 'ignore'
[0.462s] Level 1:colcon.colcon_core.package_identification:_identify(log) ignored
[0.462s] Level 1:colcon.colcon_core.package_identification:_identify(src) by extensions ['ignore', 'ignore_ament_install']
[0.462s] Level 1:colcon.colcon_core.package_identification:_identify(src) by extension 'ignore'
[0.462s] Level 1:colcon.colcon_core.package_identification:_identify(src) by extension 'ignore_ament_install'
[0.462s] Level 1:colcon.colcon_core.package_identification:_identify(src) by extensions ['colcon_pkg']
[0.462s] Level 1:colcon.colcon_core.package_identification:_identify(src) by extension 'colcon_pkg'
[0.462s] Level 1:colcon.colcon_core.package_identification:_identify(src) by extensions ['colcon_meta']
[0.462s] Level 1:colcon.colcon_core.package_identification:_identify(src) by extension 'colcon_meta'
[0.462s] Level 1:colcon.colcon_core.package_identification:_identify(src) by extensions ['ros']
[0.462s] Level 1:colcon.colcon_core.package_identification:_identify(src) by extension 'ros'
[0.462s] Level 1:colcon.colcon_core.package_identification:_identify(src) by extensions ['cmake', 'python']
[0.462s] Level 1:colcon.colcon_core.package_identification:_identify(src) by extension 'cmake'
[0.462s] Level 1:colcon.colcon_core.package_identification:_identify(src) by extension 'python'
[0.462s] Level 1:colcon.colcon_core.package_identification:_identify(src) by extensions ['python_setup_py']
[0.462s] Level 1:colcon.colcon_core.package_identification:_identify(src) by extension 'python_setup_py'
[0.463s] Level 1:colcon.colcon_core.package_identification:_identify(src/build) by extensions ['ignore', 'ignore_ament_install']
[0.463s] Level 1:colcon.colcon_core.package_identification:_identify(src/build) by extension 'ignore'
[0.463s] Level 1:colcon.colcon_core.package_identification:_identify(src/build) ignored
[0.463s] Level 1:colcon.colcon_core.package_identification:_identify(src/dril_controller) by extensions ['ignore', 'ignore_ament_install']
[0.463s] Level 1:colcon.colcon_core.package_identification:_identify(src/dril_controller) by extension 'ignore'
[0.463s] Level 1:colcon.colcon_core.package_identification:_identify(src/dril_controller) by extension 'ignore_ament_install'
[0.463s] Level 1:colcon.colcon_core.package_identification:_identify(src/dril_controller) by extensions ['colcon_pkg']
[0.463s] Level 1:colcon.colcon_core.package_identification:_identify(src/dril_controller) by extension 'colcon_pkg'
[0.463s] Level 1:colcon.colcon_core.package_identification:_identify(src/dril_controller) by extensions ['colcon_meta']
[0.463s] Level 1:colcon.colcon_core.package_identification:_identify(src/dril_controller) by extension 'colcon_meta'
[0.463s] Level 1:colcon.colcon_core.package_identification:_identify(src/dril_controller) by extensions ['ros']
[0.463s] Level 1:colcon.colcon_core.package_identification:_identify(src/dril_controller) by extension 'ros'
[0.469s] DEBUG:colcon.colcon_core.package_identification:Package 'src/dril_controller' with type 'ros.ament_python' and name 'dril_controller'
[0.469s] Level 1:colcon.colcon_core.package_identification:_identify(src/drive_controller) by extensions ['ignore', 'ignore_ament_install']
[0.469s] Level 1:colcon.colcon_core.package_identification:_identify(src/drive_controller) by extension 'ignore'
[0.469s] Level 1:colcon.colcon_core.package_identification:_identify(src/drive_controller) by extension 'ignore_ament_install'
[0.469s] Level 1:colcon.colcon_core.package_identification:_identify(src/drive_controller) by extensions ['colcon_pkg']
[0.469s] Level 1:colcon.colcon_core.package_identification:_identify(src/drive_controller) by extension 'colcon_pkg'
[0.469s] Level 1:colcon.colcon_core.package_identification:_identify(src/drive_controller) by extensions ['colcon_meta']
[0.469s] Level 1:colcon.colcon_core.package_identification:_identify(src/drive_controller) by extension 'colcon_meta'
[0.469s] Level 1:colcon.colcon_core.package_identification:_identify(src/drive_controller) by extensions ['ros']
[0.469s] Level 1:colcon.colcon_core.package_identification:_identify(src/drive_controller) by extension 'ros'
[0.471s] DEBUG:colcon.colcon_core.package_identification:Package 'src/drive_controller' with type 'ros.ament_python' and name 'drive_controller'
[0.471s] Level 1:colcon.colcon_core.package_identification:_identify(src/dual_cam_mjpeg_server) by extensions ['ignore', 'ignore_ament_install']
[0.471s] Level 1:colcon.colcon_core.package_identification:_identify(src/dual_cam_mjpeg_server) by extension 'ignore'
[0.471s] Level 1:colcon.colcon_core.package_identification:_identify(src/dual_cam_mjpeg_server) by extension 'ignore_ament_install'
[0.471s] Level 1:colcon.colcon_core.package_identification:_identify(src/dual_cam_mjpeg_server) by extensions ['colcon_pkg']
[0.471s] Level 1:colcon.colcon_core.package_identification:_identify(src/dual_cam_mjpeg_server) by extension 'colcon_pkg'
[0.471s] Level 1:colcon.colcon_core.package_identification:_identify(src/dual_cam_mjpeg_server) by extensions ['colcon_meta']
[0.471s] Level 1:colcon.colcon_core.package_identification:_identify(src/dual_cam_mjpeg_server) by extension 'colcon_meta'
[0.471s] Level 1:colcon.colcon_core.package_identification:_identify(src/dual_cam_mjpeg_server) by extensions ['ros']
[0.471s] Level 1:colcon.colcon_core.package_identification:_identify(src/dual_cam_mjpeg_server) by extension 'ros'
[0.472s] DEBUG:colcon.colcon_core.package_identification:Package 'src/dual_cam_mjpeg_server' with type 'ros.ament_python' and name 'dual_cam_mjpeg_server'
[0.472s] Level 1:colcon.colcon_core.package_identification:_identify(src/gripper_controller) by extensions ['ignore', 'ignore_ament_install']
[0.472s] Level 1:colcon.colcon_core.package_identification:_identify(src/gripper_controller) by extension 'ignore'
[0.473s] Level 1:colcon.colcon_core.package_identification:_identify(src/gripper_controller) by extension 'ignore_ament_install'
[0.473s] Level 1:colcon.colcon_core.package_identification:_identify(src/gripper_controller) by extensions ['colcon_pkg']
[0.473s] Level 1:colcon.colcon_core.package_identification:_identify(src/gripper_controller) by extension 'colcon_pkg'
[0.473s] Level 1:colcon.colcon_core.package_identification:_identify(src/gripper_controller) by extensions ['colcon_meta']
[0.473s] Level 1:colcon.colcon_core.package_identification:_identify(src/gripper_controller) by extension 'colcon_meta'
[0.473s] Level 1:colcon.colcon_core.package_identification:_identify(src/gripper_controller) by extensions ['ros']
[0.473s] Level 1:colcon.colcon_core.package_identification:_identify(src/gripper_controller) by extension 'ros'
[0.474s] DEBUG:colcon.colcon_core.package_identification:Package 'src/gripper_controller' with type 'ros.ament_python' and name 'gripper_controller'
[0.474s] Level 1:colcon.colcon_core.package_identification:_identify(src/install) by extensions ['ignore', 'ignore_ament_install']
[0.474s] Level 1:colcon.colcon_core.package_identification:_identify(src/install) by extension 'ignore'
[0.475s] Level 1:colcon.colcon_core.package_identification:_identify(src/install) ignored
[0.475s] Level 1:colcon.colcon_core.package_identification:_identify(src/joystick_controller) by extensions ['ignore', 'ignore_ament_install']
[0.475s] Level 1:colcon.colcon_core.package_identification:_identify(src/joystick_controller) by extension 'ignore'
[0.475s] Level 1:colcon.colcon_core.package_identification:_identify(src/joystick_controller) by extension 'ignore_ament_install'
[0.475s] Level 1:colcon.colcon_core.package_identification:_identify(src/joystick_controller) by extensions ['colcon_pkg']
[0.475s] Level 1:colcon.colcon_core.package_identification:_identify(src/joystick_controller) by extension 'colcon_pkg'
[0.475s] Level 1:colcon.colcon_core.package_identification:_identify(src/joystick_controller) by extensions ['colcon_meta']
[0.475s] Level 1:colcon.colcon_core.package_identification:_identify(src/joystick_controller) by extension 'colcon_meta'
[0.475s] Level 1:colcon.colcon_core.package_identification:_identify(src/joystick_controller) by extensions ['ros']
[0.475s] Level 1:colcon.colcon_core.package_identification:_identify(src/joystick_controller) by extension 'ros'
[0.476s] DEBUG:colcon.colcon_core.package_identification:Package 'src/joystick_controller' with type 'ros.ament_python' and name 'joystick_controller'
[0.476s] Level 1:colcon.colcon_core.package_identification:_identify(src/linear_controller) by extensions ['ignore', 'ignore_ament_install']
[0.477s] Level 1:colcon.colcon_core.package_identification:_identify(src/linear_controller) by extension 'ignore'
[0.477s] Level 1:colcon.colcon_core.package_identification:_identify(src/linear_controller) by extension 'ignore_ament_install'
[0.477s] Level 1:colcon.colcon_core.package_identification:_identify(src/linear_controller) by extensions ['colcon_pkg']
[0.477s] Level 1:colcon.colcon_core.package_identification:_identify(src/linear_controller) by extension 'colcon_pkg'
[0.477s] Level 1:colcon.colcon_core.package_identification:_identify(src/linear_controller) by extensions ['colcon_meta']
[0.477s] Level 1:colcon.colcon_core.package_identification:_identify(src/linear_controller) by extension 'colcon_meta'
[0.477s] Level 1:colcon.colcon_core.package_identification:_identify(src/linear_controller) by extensions ['ros']
[0.477s] Level 1:colcon.colcon_core.package_identification:_identify(src/linear_controller) by extension 'ros'
[0.478s] DEBUG:colcon.colcon_core.package_identification:Package 'src/linear_controller' with type 'ros.ament_python' and name 'linear_controller'
[0.478s] Level 1:colcon.colcon_core.package_identification:_identify(src/log) by extensions ['ignore', 'ignore_ament_install']
[0.478s] Level 1:colcon.colcon_core.package_identification:_identify(src/log) by extension 'ignore'
[0.478s] Level 1:colcon.colcon_core.package_identification:_identify(src/log) ignored
[0.478s] Level 1:colcon.colcon_core.package_identification:_identify(src/robot_bringup) by extensions ['ignore', 'ignore_ament_install']
[0.478s] Level 1:colcon.colcon_core.package_identification:_identify(src/robot_bringup) by extension 'ignore'
[0.478s] Level 1:colcon.colcon_core.package_identification:_identify(src/robot_bringup) by extension 'ignore_ament_install'
[0.478s] Level 1:colcon.colcon_core.package_identification:_identify(src/robot_bringup) by extensions ['colcon_pkg']
[0.479s] Level 1:colcon.colcon_core.package_identification:_identify(src/robot_bringup) by extension 'colcon_pkg'
[0.479s] Level 1:colcon.colcon_core.package_identification:_identify(src/robot_bringup) by extensions ['colcon_meta']
[0.479s] Level 1:colcon.colcon_core.package_identification:_identify(src/robot_bringup) by extension 'colcon_meta'
[0.479s] Level 1:colcon.colcon_core.package_identification:_identify(src/robot_bringup) by extensions ['ros']
[0.479s] Level 1:colcon.colcon_core.package_identification:_identify(src/robot_bringup) by extension 'ros'
[0.480s] DEBUG:colcon.colcon_core.package_identification:Package 'src/robot_bringup' with type 'ros.ament_python' and name 'robot_bringup'
[0.480s] Level 1:colcon.colcon_core.package_identification:_identify(src/servo_dril_controller) by extensions ['ignore', 'ignore_ament_install']
[0.480s] Level 1:colcon.colcon_core.package_identification:_identify(src/servo_dril_controller) by extension 'ignore'
[0.480s] Level 1:colcon.colcon_core.package_identification:_identify(src/servo_dril_controller) by extension 'ignore_ament_install'
[0.480s] Level 1:colcon.colcon_core.package_identification:_identify(src/servo_dril_controller) by extensions ['colcon_pkg']
[0.480s] Level 1:colcon.colcon_core.package_identification:_identify(src/servo_dril_controller) by extension 'colcon_pkg'
[0.480s] Level 1:colcon.colcon_core.package_identification:_identify(src/servo_dril_controller) by extensions ['colcon_meta']
[0.480s] Level 1:colcon.colcon_core.package_identification:_identify(src/servo_dril_controller) by extension 'colcon_meta'
[0.480s] Level 1:colcon.colcon_core.package_identification:_identify(src/servo_dril_controller) by extensions ['ros']
[0.480s] Level 1:colcon.colcon_core.package_identification:_identify(src/servo_dril_controller) by extension 'ros'
[0.482s] DEBUG:colcon.colcon_core.package_identification:Package 'src/servo_dril_controller' with type 'ros.ament_python' and name 'servo_dril_controller'
[0.482s] Level 1:colcon.colcon_core.package_identification:_identify(src/servo_switch180_controller) by extensions ['ignore', 'ignore_ament_install']
[0.482s] Level 1:colcon.colcon_core.package_identification:_identify(src/servo_switch180_controller) by extension 'ignore'
[0.482s] Level 1:colcon.colcon_core.package_identification:_identify(src/servo_switch180_controller) by extension 'ignore_ament_install'
[0.482s] Level 1:colcon.colcon_core.package_identification:_identify(src/servo_switch180_controller) by extensions ['colcon_pkg']
[0.482s] Level 1:colcon.colcon_core.package_identification:_identify(src/servo_switch180_controller) by extension 'colcon_pkg'
[0.482s] Level 1:colcon.colcon_core.package_identification:_identify(src/servo_switch180_controller) by extensions ['colcon_meta']
[0.482s] Level 1:colcon.colcon_core.package_identification:_identify(src/servo_switch180_controller) by extension 'colcon_meta'
[0.482s] Level 1:colcon.colcon_core.package_identification:_identify(src/servo_switch180_controller) by extensions ['ros']
[0.482s] Level 1:colcon.colcon_core.package_identification:_identify(src/servo_switch180_controller) by extension 'ros'
[0.483s] DEBUG:colcon.colcon_core.package_identification:Package 'src/servo_switch180_controller' with type 'ros.ament_python' and name 'servo_switch180_controller'
[0.484s] Level 1:colcon.colcon_core.package_identification:_identify(src/tao_controller) by extensions ['ignore', 'ignore_ament_install']
[0.484s] Level 1:colcon.colcon_core.package_identification:_identify(src/tao_controller) by extension 'ignore'
[0.484s] Level 1:colcon.colcon_core.package_identification:_identify(src/tao_controller) by extension 'ignore_ament_install'
[0.484s] Level 1:colcon.colcon_core.package_identification:_identify(src/tao_controller) by extensions ['colcon_pkg']
[0.484s] Level 1:colcon.colcon_core.package_identification:_identify(src/tao_controller) by extension 'colcon_pkg'
[0.484s] Level 1:colcon.colcon_core.package_identification:_identify(src/tao_controller) by extensions ['colcon_meta']
[0.484s] Level 1:colcon.colcon_core.package_identification:_identify(src/tao_controller) by extension 'colcon_meta'
[0.484s] Level 1:colcon.colcon_core.package_identification:_identify(src/tao_controller) by extensions ['ros']
[0.484s] Level 1:colcon.colcon_core.package_identification:_identify(src/tao_controller) by extension 'ros'
[0.485s] DEBUG:colcon.colcon_core.package_identification:Package 'src/tao_controller' with type 'ros.ament_python' and name 'tao_controller'
[0.485s] Level 1:colcon.colcon_core.package_identification:_identify(web) by extensions ['ignore', 'ignore_ament_install']
[0.485s] Level 1:colcon.colcon_core.package_identification:_identify(web) by extension 'ignore'
[0.485s] Level 1:colcon.colcon_core.package_identification:_identify(web) by extension 'ignore_ament_install'
[0.485s] Level 1:colcon.colcon_core.package_identification:_identify(web) by extensions ['colcon_pkg']
[0.485s] Level 1:colcon.colcon_core.package_identification:_identify(web) by extension 'colcon_pkg'
[0.486s] Level 1:colcon.colcon_core.package_identification:_identify(web) by extensions ['colcon_meta']
[0.486s] Level 1:colcon.colcon_core.package_identification:_identify(web) by extension 'colcon_meta'
[0.486s] Level 1:colcon.colcon_core.package_identification:_identify(web) by extensions ['ros']
[0.486s] Level 1:colcon.colcon_core.package_identification:_identify(web) by extension 'ros'
[0.486s] Level 1:colcon.colcon_core.package_identification:_identify(web) by extensions ['cmake', 'python']
[0.486s] Level 1:colcon.colcon_core.package_identification:_identify(web) by extension 'cmake'
[0.486s] Level 1:colcon.colcon_core.package_identification:_identify(web) by extension 'python'
[0.486s] Level 1:colcon.colcon_core.package_identification:_identify(web) by extensions ['python_setup_py']
[0.486s] Level 1:colcon.colcon_core.package_identification:_identify(web) by extension 'python_setup_py'
[0.486s] Level 1:colcon.colcon_core.package_discovery:discover_packages(recursive) using defaults
[0.486s] Level 1:colcon.colcon_core.package_discovery:discover_packages(ignore) discover
[0.486s] Level 1:colcon.colcon_core.package_discovery:discover_packages(ignore) using defaults
[0.486s] Level 1:colcon.colcon_core.package_discovery:discover_packages(path) discover
[0.486s] Level 1:colcon.colcon_core.package_discovery:discover_packages(path) using defaults
[0.534s] Level 1:colcon.colcon_core.package_discovery:discover_packages(prefix_path) check parameters
[0.534s] Level 1:colcon.colcon_core.package_discovery:discover_packages(prefix_path) discover
[0.544s] DEBUG:colcon.colcon_installed_package_information.package_discovery:Found 10 installed packages in /home/tpi5/391_Project_pi/391_ws/install
[0.545s] DEBUG:colcon.colcon_installed_package_information.package_discovery:Found 10 installed packages in /home/tpi5/391_Project_pi/install
[0.547s] DEBUG:colcon.colcon_installed_package_information.package_discovery:Found 2 installed packages in /home/tpi5/391_Project/391_ws/install
[0.548s] DEBUG:colcon.colcon_installed_package_information.package_discovery:Found 3 installed packages in /home/tpi5/uros_ws/install
[0.549s] DEBUG:colcon.colcon_installed_package_information.package_discovery:Found 200 installed packages in /opt/ros/jazzy
[0.550s] Level 1:colcon.colcon_core.package_discovery:discover_packages(prefix_path) using defaults
[0.599s] Level 5:colcon.colcon_core.verb:set package 'dril_controller' build argument 'cmake_args' from command line to 'None'
[0.599s] Level 5:colcon.colcon_core.verb:set package 'dril_controller' build argument 'cmake_target' from command line to 'None'
[0.599s] Level 5:colcon.colcon_core.verb:set package 'dril_controller' build argument 'cmake_target_skip_unavailable' from command line to 'False'
[0.599s] Level 5:colcon.colcon_core.verb:set package 'dril_controller' build argument 'cmake_clean_cache' from command line to 'False'
[0.599s] Level 5:colcon.colcon_core.verb:set package 'dril_controller' build argument 'cmake_clean_first' from command line to 'False'
[0.599s] Level 5:colcon.colcon_core.verb:set package 'dril_controller' build argument 'cmake_force_configure' from command line to 'False'
[0.599s] Level 5:colcon.colcon_core.verb:set package 'dril_controller' build argument 'ament_cmake_args' from command line to 'None'
[0.599s] Level 5:colcon.colcon_core.verb:set package 'dril_controller' build argument 'catkin_cmake_args' from command line to 'None'
[0.599s] Level 5:colcon.colcon_core.verb:set package 'dril_controller' build argument 'catkin_skip_building_tests' from command line to 'False'
[0.599s] DEBUG:colcon.colcon_core.verb:Building package 'dril_controller' with the following arguments: {'ament_cmake_args': None, 'build_base': '/home/tpi5/391_Project_pi/391_ws/build/dril_controller', 'catkin_cmake_args': None, 'catkin_skip_building_tests': False, 'cmake_args': None, 'cmake_clean_cache': False, 'cmake_clean_first': False, 'cmake_force_configure': False, 'cmake_target': None, 'cmake_target_skip_unavailable': False, 'install_base': '/home/tpi5/391_Project_pi/391_ws/install/dril_controller', 'merge_install': False, 'path': '/home/tpi5/391_Project_pi/391_ws/src/dril_controller', 'symlink_install': False, 'test_result_base': None}
[0.600s] Level 5:colcon.colcon_core.verb:set package 'drive_controller' build argument 'cmake_args' from command line to 'None'
[0.600s] Level 5:colcon.colcon_core.verb:set package 'drive_controller' build argument 'cmake_target' from command line to 'None'
[0.600s] Level 5:colcon.colcon_core.verb:set package 'drive_controller' build argument 'cmake_target_skip_unavailable' from command line to 'False'
[0.600s] Level 5:colcon.colcon_core.verb:set package 'drive_controller' build argument 'cmake_clean_cache' from command line to 'False'
[0.600s] Level 5:colcon.colcon_core.verb:set package 'drive_controller' build argument 'cmake_clean_first' from command line to 'False'
[0.600s] Level 5:colcon.colcon_core.verb:set package 'drive_controller' build argument 'cmake_force_configure' from command line to 'False'
[0.600s] Level 5:colcon.colcon_core.verb:set package 'drive_controller' build argument 'ament_cmake_args' from command line to 'None'
[0.600s] Level 5:colcon.colcon_core.verb:set package 'drive_controller' build argument 'catkin_cmake_args' from command line to 'None'
[0.600s] Level 5:colcon.colcon_core.verb:set package 'drive_controller' build argument 'catkin_skip_building_tests' from command line to 'False'
[0.600s] DEBUG:colcon.colcon_core.verb:Building package 'drive_controller' with the following arguments: {'ament_cmake_args': None, 'build_base': '/home/tpi5/391_Project_pi/391_ws/build/drive_controller', 'catkin_cmake_args': None, 'catkin_skip_building_tests': False, 'cmake_args': None, 'cmake_clean_cache': False, 'cmake_clean_first': False, 'cmake_force_configure': False, 'cmake_target': None, 'cmake_target_skip_unavailable': False, 'install_base': '/home/tpi5/391_Project_pi/391_ws/install/drive_controller', 'merge_install': False, 'path': '/home/tpi5/391_Project_pi/391_ws/src/drive_controller', 'symlink_install': False, 'test_result_base': None}
[0.600s] Level 5:colcon.colcon_core.verb:set package 'dual_cam_mjpeg_server' build argument 'cmake_args' from command line to 'None'
[0.600s] Level 5:colcon.colcon_core.verb:set package 'dual_cam_mjpeg_server' build argument 'cmake_target' from command line to 'None'
[0.600s] Level 5:colcon.colcon_core.verb:set package 'dual_cam_mjpeg_server' build argument 'cmake_target_skip_unavailable' from command line to 'False'
[0.600s] Level 5:colcon.colcon_core.verb:set package 'dual_cam_mjpeg_server' build argument 'cmake_clean_cache' from command line to 'False'
[0.600s] Level 5:colcon.colcon_core.verb:set package 'dual_cam_mjpeg_server' build argument 'cmake_clean_first' from command line to 'False'
[0.600s] Level 5:colcon.colcon_core.verb:set package 'dual_cam_mjpeg_server' build argument 'cmake_force_configure' from command line to 'False'
[0.600s] Level 5:colcon.colcon_core.verb:set package 'dual_cam_mjpeg_server' build argument 'ament_cmake_args' from command line to 'None'
[0.600s] Level 5:colcon.colcon_core.verb:set package 'dual_cam_mjpeg_server' build argument 'catkin_cmake_args' from command line to 'None'
[0.600s] Level 5:colcon.colcon_core.verb:set package 'dual_cam_mjpeg_server' build argument 'catkin_skip_building_tests' from command line to 'False'
[0.600s] DEBUG:colcon.colcon_core.verb:Building package 'dual_cam_mjpeg_server' with the following arguments: {'ament_cmake_args': None, 'build_base': '/home/tpi5/391_Project_pi/391_ws/build/dual_cam_mjpeg_server', 'catkin_cmake_args': None, 'catkin_skip_building_tests': False, 'cmake_args': None, 'cmake_clean_cache': False, 'cmake_clean_first': False, 'cmake_force_configure': False, 'cmake_target': None, 'cmake_target_skip_unavailable': False, 'install_base': '/home/tpi5/391_Project_pi/391_ws/install/dual_cam_mjpeg_server', 'merge_install': False, 'path': '/home/tpi5/391_Project_pi/391_ws/src/dual_cam_mjpeg_server', 'symlink_install': False, 'test_result_base': None}
[0.601s] Level 5:colcon.colcon_core.verb:set package 'gripper_controller' build argument 'cmake_args' from command line to 'None'
[0.601s] Level 5:colcon.colcon_core.verb:set package 'gripper_controller' build argument 'cmake_target' from command line to 'None'
[0.601s] Level 5:colcon.colcon_core.verb:set package 'gripper_controller' build argument 'cmake_target_skip_unavailable' from command line to 'False'
[0.601s] Level 5:colcon.colcon_core.verb:set package 'gripper_controller' build argument 'cmake_clean_cache' from command line to 'False'
[0.601s] Level 5:colcon.colcon_core.verb:set package 'gripper_controller' build argument 'cmake_clean_first' from command line to 'False'
[0.601s] Level 5:colcon.colcon_core.verb:set package 'gripper_controller' build argument 'cmake_force_configure' from command line to 'False'
[0.601s] Level 5:colcon.colcon_core.verb:set package 'gripper_controller' build argument 'ament_cmake_args' from command line to 'None'
[0.601s] Level 5:colcon.colcon_core.verb:set package 'gripper_controller' build argument 'catkin_cmake_args' from command line to 'None'
[0.601s] Level 5:colcon.colcon_core.verb:set package 'gripper_controller' build argument 'catkin_skip_building_tests' from command line to 'False'
[0.601s] DEBUG:colcon.colcon_core.verb:Building package 'gripper_controller' with the following arguments: {'ament_cmake_args': None, 'build_base': '/home/tpi5/391_Project_pi/391_ws/build/gripper_controller', 'catkin_cmake_args': None, 'catkin_skip_building_tests': False, 'cmake_args': None, 'cmake_clean_cache': False, 'cmake_clean_first': False, 'cmake_force_configure': False, 'cmake_target': None, 'cmake_target_skip_unavailable': False, 'install_base': '/home/tpi5/391_Project_pi/391_ws/install/gripper_controller', 'merge_install': False, 'path': '/home/tpi5/391_Project_pi/391_ws/src/gripper_controller', 'symlink_install': False, 'test_result_base': None}
[0.601s] Level 5:colcon.colcon_core.verb:set package 'joystick_controller' build argument 'cmake_args' from command line to 'None'
[0.601s] Level 5:colcon.colcon_core.verb:set package 'joystick_controller' build argument 'cmake_target' from command line to 'None'
[0.601s] Level 5:colcon.colcon_core.verb:set package 'joystick_controller' build argument 'cmake_target_skip_unavailable' from command line to 'False'
[0.601s] Level 5:colcon.colcon_core.verb:set package 'joystick_controller' build argument 'cmake_clean_cache' from command line to 'False'
[0.601s] Level 5:colcon.colcon_core.verb:set package 'joystick_controller' build argument 'cmake_clean_first' from command line to 'False'
[0.601s] Level 5:colcon.colcon_core.verb:set package 'joystick_controller' build argument 'cmake_force_configure' from command line to 'False'
[0.601s] Level 5:colcon.colcon_core.verb:set package 'joystick_controller' build argument 'ament_cmake_args' from command line to 'None'
[0.601s] Level 5:colcon.colcon_core.verb:set package 'joystick_controller' build argument 'catkin_cmake_args' from command line to 'None'
[0.601s] Level 5:colcon.colcon_core.verb:set package 'joystick_controller' build argument 'catkin_skip_building_tests' from command line to 'False'
[0.601s] DEBUG:colcon.colcon_core.verb:Building package 'joystick_controller' with the following arguments: {'ament_cmake_args': None, 'build_base': '/home/tpi5/391_Project_pi/391_ws/build/joystick_controller', 'catkin_cmake_args': None, 'catkin_skip_building_tests': False, 'cmake_args': None, 'cmake_clean_cache': False, 'cmake_clean_first': False, 'cmake_force_configure': False, 'cmake_target': None, 'cmake_target_skip_unavailable': False, 'install_base': '/home/tpi5/391_Project_pi/391_ws/install/joystick_controller', 'merge_install': False, 'path': '/home/tpi5/391_Project_pi/391_ws/src/joystick_controller', 'symlink_install': False, 'test_result_base': None}
[0.602s] Level 5:colcon.colcon_core.verb:set package 'linear_controller' build argument 'cmake_args' from command line to 'None'
[0.602s] Level 5:colcon.colcon_core.verb:set package 'linear_controller' build argument 'cmake_target' from command line to 'None'
[0.602s] Level 5:colcon.colcon_core.verb:set package 'linear_controller' build argument 'cmake_target_skip_unavailable' from command line to 'False'
[0.602s] Level 5:colcon.colcon_core.verb:set package 'linear_controller' build argument 'cmake_clean_cache' from command line to 'False'
[0.602s] Level 5:colcon.colcon_core.verb:set package 'linear_controller' build argument 'cmake_clean_first' from command line to 'False'
[0.602s] Level 5:colcon.colcon_core.verb:set package 'linear_controller' build argument 'cmake_force_configure' from command line to 'False'
[0.602s] Level 5:colcon.colcon_core.verb:set package 'linear_controller' build argument 'ament_cmake_args' from command line to 'None'
[0.602s] Level 5:colcon.colcon_core.verb:set package 'linear_controller' build argument 'catkin_cmake_args' from command line to 'None'
[0.602s] Level 5:colcon.colcon_core.verb:set package 'linear_controller' build argument 'catkin_skip_building_tests' from command line to 'False'
[0.602s] DEBUG:colcon.colcon_core.verb:Building package 'linear_controller' with the following arguments: {'ament_cmake_args': None, 'build_base': '/home/tpi5/391_Project_pi/391_ws/build/linear_controller', 'catkin_cmake_args': None, 'catkin_skip_building_tests': False, 'cmake_args': None, 'cmake_clean_cache': False, 'cmake_clean_first': False, 'cmake_force_configure': False, 'cmake_target': None, 'cmake_target_skip_unavailable': False, 'install_base': '/home/tpi5/391_Project_pi/391_ws/install/linear_controller', 'merge_install': False, 'path': '/home/tpi5/391_Project_pi/391_ws/src/linear_controller', 'symlink_install': False, 'test_result_base': None}
[0.602s] Level 5:colcon.colcon_core.verb:set package 'servo_dril_controller' build argument 'cmake_args' from command line to 'None'
[0.602s] Level 5:colcon.colcon_core.verb:set package 'servo_dril_controller' build argument 'cmake_target' from command line to 'None'
[0.602s] Level 5:colcon.colcon_core.verb:set package 'servo_dril_controller' build argument 'cmake_target_skip_unavailable' from command line to 'False'
[0.602s] Level 5:colcon.colcon_core.verb:set package 'servo_dril_controller' build argument 'cmake_clean_cache' from command line to 'False'
[0.602s] Level 5:colcon.colcon_core.verb:set package 'servo_dril_controller' build argument 'cmake_clean_first' from command line to 'False'
[0.602s] Level 5:colcon.colcon_core.verb:set package 'servo_dril_controller' build argument 'cmake_force_configure' from command line to 'False'
[0.602s] Level 5:colcon.colcon_core.verb:set package 'servo_dril_controller' build argument 'ament_cmake_args' from command line to 'None'
[0.602s] Level 5:colcon.colcon_core.verb:set package 'servo_dril_controller' build argument 'catkin_cmake_args' from command line to 'None'
[0.602s] Level 5:colcon.colcon_core.verb:set package 'servo_dril_controller' build argument 'catkin_skip_building_tests' from command line to 'False'
[0.602s] DEBUG:colcon.colcon_core.verb:Building package 'servo_dril_controller' with the following arguments: {'ament_cmake_args': None, 'build_base': '/home/tpi5/391_Project_pi/391_ws/build/servo_dril_controller', 'catkin_cmake_args': None, 'catkin_skip_building_tests': False, 'cmake_args': None, 'cmake_clean_cache': False, 'cmake_clean_first': False, 'cmake_force_configure': False, 'cmake_target': None, 'cmake_target_skip_unavailable': False, 'install_base': '/home/tpi5/391_Project_pi/391_ws/install/servo_dril_controller', 'merge_install': False, 'path': '/home/tpi5/391_Project_pi/391_ws/src/servo_dril_controller', 'symlink_install': False, 'test_result_base': None}
[0.603s] Level 5:colcon.colcon_core.verb:set package 'servo_switch180_controller' build argument 'cmake_args' from command line to 'None'
[0.603s] Level 5:colcon.colcon_core.verb:set package 'servo_switch180_controller' build argument 'cmake_target' from command line to 'None'
[0.603s] Level 5:colcon.colcon_core.verb:set package 'servo_switch180_controller' build argument 'cmake_target_skip_unavailable' from command line to 'False'
[0.603s] Level 5:colcon.colcon_core.verb:set package 'servo_switch180_controller' build argument 'cmake_clean_cache' from command line to 'False'
[0.603s] Level 5:colcon.colcon_core.verb:set package 'servo_switch180_controller' build argument 'cmake_clean_first' from command line to 'False'
[0.603s] Level 5:colcon.colcon_core.verb:set package 'servo_switch180_controller' build argument 'cmake_force_configure' from command line to 'False'
[0.603s] Level 5:colcon.colcon_core.verb:set package 'servo_switch180_controller' build argument 'ament_cmake_args' from command line to 'None'
[0.603s] Level 5:colcon.colcon_core.verb:set package 'servo_switch180_controller' build argument 'catkin_cmake_args' from command line to 'None'
[0.603s] Level 5:colcon.colcon_core.verb:set package 'servo_switch180_controller' build argument 'catkin_skip_building_tests' from command line to 'False'
[0.603s] DEBUG:colcon.colcon_core.verb:Building package 'servo_switch180_controller' with the following arguments: {'ament_cmake_args': None, 'build_base': '/home/tpi5/391_Project_pi/391_ws/build/servo_switch180_controller', 'catkin_cmake_args': None, 'catkin_skip_building_tests': False, 'cmake_args': None, 'cmake_clean_cache': False, 'cmake_clean_first': False, 'cmake_force_configure': False, 'cmake_target': None, 'cmake_target_skip_unavailable': False, 'install_base': '/home/tpi5/391_Project_pi/391_ws/install/servo_switch180_controller', 'merge_install': False, 'path': '/home/tpi5/391_Project_pi/391_ws/src/servo_switch180_controller', 'symlink_install': False, 'test_result_base': None}
[0.603s] Level 5:colcon.colcon_core.verb:set package 'tao_controller' build argument 'cmake_args' from command line to 'None'
[0.603s] Level 5:colcon.colcon_core.verb:set package 'tao_controller' build argument 'cmake_target' from command line to 'None'
[0.603s] Level 5:colcon.colcon_core.verb:set package 'tao_controller' build argument 'cmake_target_skip_unavailable' from command line to 'False'
[0.603s] Level 5:colcon.colcon_core.verb:set package 'tao_controller' build argument 'cmake_clean_cache' from command line to 'False'
[0.603s] Level 5:colcon.colcon_core.verb:set package 'tao_controller' build argument 'cmake_clean_first' from command line to 'False'
[0.603s] Level 5:colcon.colcon_core.verb:set package 'tao_controller' build argument 'cmake_force_configure' from command line to 'False'
[0.603s] Level 5:colcon.colcon_core.verb:set package 'tao_controller' build argument 'ament_cmake_args' from command line to 'None'
[0.603s] Level 5:colcon.colcon_core.verb:set package 'tao_controller' build argument 'catkin_cmake_args' from command line to 'None'
[0.603s] Level 5:colcon.colcon_core.verb:set package 'tao_controller' build argument 'catkin_skip_building_tests' from command line to 'False'
[0.604s] DEBUG:colcon.colcon_core.verb:Building package 'tao_controller' with the following arguments: {'ament_cmake_args': None, 'build_base': '/home/tpi5/391_Project_pi/391_ws/build/tao_controller', 'catkin_cmake_args': None, 'catkin_skip_building_tests': False, 'cmake_args': None, 'cmake_clean_cache': False, 'cmake_clean_first': False, 'cmake_force_configure': False, 'cmake_target': None, 'cmake_target_skip_unavailable': False, 'install_base': '/home/tpi5/391_Project_pi/391_ws/install/tao_controller', 'merge_install': False, 'path': '/home/tpi5/391_Project_pi/391_ws/src/tao_controller', 'symlink_install': False, 'test_result_base': None}
[0.604s] Level 5:colcon.colcon_core.verb:set package 'robot_bringup' build argument 'cmake_args' from command line to 'None'
[0.604s] Level 5:colcon.colcon_core.verb:set package 'robot_bringup' build argument 'cmake_target' from command line to 'None'
[0.604s] Level 5:colcon.colcon_core.verb:set package 'robot_bringup' build argument 'cmake_target_skip_unavailable' from command line to 'False'
[0.604s] Level 5:colcon.colcon_core.verb:set package 'robot_bringup' build argument 'cmake_clean_cache' from command line to 'False'
[0.604s] Level 5:colcon.colcon_core.verb:set package 'robot_bringup' build argument 'cmake_clean_first' from command line to 'False'
[0.604s] Level 5:colcon.colcon_core.verb:set package 'robot_bringup' build argument 'cmake_force_configure' from command line to 'False'
[0.604s] Level 5:colcon.colcon_core.verb:set package 'robot_bringup' build argument 'ament_cmake_args' from command line to 'None'
[0.604s] Level 5:colcon.colcon_core.verb:set package 'robot_bringup' build argument 'catkin_cmake_args' from command line to 'None'
[0.604s] Level 5:colcon.colcon_core.verb:set package 'robot_bringup' build argument 'catkin_skip_building_tests' from command line to 'False'
[0.604s] DEBUG:colcon.colcon_core.verb:Building package 'robot_bringup' with the following arguments: {'ament_cmake_args': None, 'build_base': '/home/tpi5/391_Project_pi/391_ws/build/robot_bringup', 'catkin_cmake_args': None, 'catkin_skip_building_tests': False, 'cmake_args': None, 'cmake_clean_cache': False, 'cmake_clean_first': False, 'cmake_force_configure': False, 'cmake_target': None, 'cmake_target_skip_unavailable': False, 'install_base': '/home/tpi5/391_Project_pi/391_ws/install/robot_bringup', 'merge_install': False, 'path': '/home/tpi5/391_Project_pi/391_ws/src/robot_bringup', 'symlink_install': False, 'test_result_base': None}
[0.604s] INFO:colcon.colcon_core.executor:Executing jobs using 'parallel' executor
[0.605s] DEBUG:colcon.colcon_parallel_executor.executor.parallel:run_until_complete
[0.606s] INFO:colcon.colcon_ros.task.ament_python.build:Building ROS package in '/home/tpi5/391_Project_pi/391_ws/src/dril_controller' with build type 'ament_python'
[0.606s] Level 1:colcon.colcon_core.shell:create_environment_hook('dril_controller', 'ament_prefix_path')
[0.615s] INFO:colcon.colcon_core.plugin_system:Skipping extension 'colcon_core.shell.bat': Not used on non-Windows systems
[0.616s] INFO:colcon.colcon_core.shell:Creating environment hook '/home/tpi5/391_Project_pi/391_ws/install/dril_controller/share/dril_controller/hook/ament_prefix_path.ps1'
[0.618s] INFO:colcon.colcon_core.shell:Creating environment descriptor '/home/tpi5/391_Project_pi/391_ws/install/dril_controller/share/dril_controller/hook/ament_prefix_path.dsv'
[0.619s] INFO:colcon.colcon_core.shell:Creating environment hook '/home/tpi5/391_Project_pi/391_ws/install/dril_controller/share/dril_controller/hook/ament_prefix_path.sh'
[0.621s] INFO:colcon.colcon_core.shell:Skip shell extension 'powershell' for command environment: Not usable outside of PowerShell
[0.621s] DEBUG:colcon.colcon_core.shell:Skip shell extension 'dsv' for command environment
[0.630s] INFO:colcon.colcon_ros.task.ament_python.build:Building ROS package in '/home/tpi5/391_Project_pi/391_ws/src/drive_controller' with build type 'ament_python'
[0.630s] Level 1:colcon.colcon_core.shell:create_environment_hook('drive_controller', 'ament_prefix_path')
[0.630s] INFO:colcon.colcon_core.shell:Creating environment hook '/home/tpi5/391_Project_pi/391_ws/install/drive_controller/share/drive_controller/hook/ament_prefix_path.ps1'
[0.632s] INFO:colcon.colcon_core.shell:Creating environment descriptor '/home/tpi5/391_Project_pi/391_ws/install/drive_controller/share/drive_controller/hook/ament_prefix_path.dsv'
[0.633s] INFO:colcon.colcon_core.shell:Creating environment hook '/home/tpi5/391_Project_pi/391_ws/install/drive_controller/share/drive_controller/hook/ament_prefix_path.sh'
[0.634s] INFO:colcon.colcon_core.shell:Skip shell extension 'powershell' for command environment: Not usable outside of PowerShell
[0.634s] DEBUG:colcon.colcon_core.shell:Skip shell extension 'dsv' for command environment
[0.641s] INFO:colcon.colcon_ros.task.ament_python.build:Building ROS package in '/home/tpi5/391_Project_pi/391_ws/src/dual_cam_mjpeg_server' with build type 'ament_python'
[0.641s] Level 1:colcon.colcon_core.shell:create_environment_hook('dual_cam_mjpeg_server', 'ament_prefix_path')
[0.642s] INFO:colcon.colcon_core.shell:Creating environment hook '/home/tpi5/391_Project_pi/391_ws/install/dual_cam_mjpeg_server/share/dual_cam_mjpeg_server/hook/ament_prefix_path.ps1'
[0.643s] INFO:colcon.colcon_core.shell:Creating environment descriptor '/home/tpi5/391_Project_pi/391_ws/install/dual_cam_mjpeg_server/share/dual_cam_mjpeg_server/hook/ament_prefix_path.dsv'
[0.643s] INFO:colcon.colcon_core.shell:Creating environment hook '/home/tpi5/391_Project_pi/391_ws/install/dual_cam_mjpeg_server/share/dual_cam_mjpeg_server/hook/ament_prefix_path.sh'
[0.644s] INFO:colcon.colcon_core.shell:Skip shell extension 'powershell' for command environment: Not usable outside of PowerShell
[0.644s] DEBUG:colcon.colcon_core.shell:Skip shell extension 'dsv' for command environment
[0.651s] INFO:colcon.colcon_ros.task.ament_python.build:Building ROS package in '/home/tpi5/391_Project_pi/391_ws/src/gripper_controller' with build type 'ament_python'
[0.651s] Level 1:colcon.colcon_core.shell:create_environment_hook('gripper_controller', 'ament_prefix_path')
[0.652s] INFO:colcon.colcon_core.shell:Creating environment hook '/home/tpi5/391_Project_pi/391_ws/install/gripper_controller/share/gripper_controller/hook/ament_prefix_path.ps1'
[0.653s] INFO:colcon.colcon_core.shell:Creating environment descriptor '/home/tpi5/391_Project_pi/391_ws/install/gripper_controller/share/gripper_controller/hook/ament_prefix_path.dsv'
[0.653s] INFO:colcon.colcon_core.shell:Creating environment hook '/home/tpi5/391_Project_pi/391_ws/install/gripper_controller/share/gripper_controller/hook/ament_prefix_path.sh'
[0.654s] INFO:colcon.colcon_core.shell:Skip shell extension 'powershell' for command environment: Not usable outside of PowerShell
[0.654s] DEBUG:colcon.colcon_core.shell:Skip shell extension 'dsv' for command environment
[1.011s] INFO:colcon.colcon_core.task.python.build:Building Python package in '/home/tpi5/391_Project_pi/391_ws/src/dril_controller'
[1.011s] INFO:colcon.colcon_core.shell:Skip shell extension 'powershell' for command environment: Not usable outside of PowerShell
[1.012s] DEBUG:colcon.colcon_core.shell:Skip shell extension 'dsv' for command environment
[1.355s] INFO:colcon.colcon_core.task.python.build:Building Python package in '/home/tpi5/391_Project_pi/391_ws/src/drive_controller'
[1.355s] INFO:colcon.colcon_core.shell:Skip shell extension 'powershell' for command environment: Not usable outside of PowerShell
[1.355s] DEBUG:colcon.colcon_core.shell:Skip shell extension 'dsv' for command environment
[1.692s] INFO:colcon.colcon_core.task.python.build:Building Python package in '/home/tpi5/391_Project_pi/391_ws/src/dual_cam_mjpeg_server'
[1.693s] INFO:colcon.colcon_core.shell:Skip shell extension 'powershell' for command environment: Not usable outside of PowerShell
[1.693s] DEBUG:colcon.colcon_core.shell:Skip shell extension 'dsv' for command environment
[2.032s] INFO:colcon.colcon_core.task.python.build:Building Python package in '/home/tpi5/391_Project_pi/391_ws/src/gripper_controller'
[2.032s] INFO:colcon.colcon_core.shell:Skip shell extension 'powershell' for command environment: Not usable outside of PowerShell
[2.032s] DEBUG:colcon.colcon_core.shell:Skip shell extension 'dsv' for command environment
[3.634s] DEBUG:colcon.colcon_core.event_handler.log_command:Invoking command in '/home/tpi5/391_Project_pi/391_ws/src/dril_controller': PYTHONPATH=/home/tpi5/391_Project_pi/391_ws/build/dril_controller/prefix_override:/usr/lib/python3/dist-packages/colcon_core/task/python/colcon_distutils_commands:/home/tpi5/391_Project_pi/391_ws/install/dril_controller/lib/python3.12/site-packages:${PYTHONPATH} /usr/bin/python3 -W ignore:setup.py install is deprecated -W ignore:easy_install command is deprecated setup.py egg_info --egg-base ../../build/dril_controller build --build-base /home/tpi5/391_Project_pi/391_ws/build/dril_controller/build install --record /home/tpi5/391_Project_pi/391_ws/build/dril_controller/install.log --single-version-externally-managed install_data
[3.651s] DEBUG:colcon.colcon_core.event_handler.log_command:Invoking command in '/home/tpi5/391_Project_pi/391_ws/src/gripper_controller': PYTHONPATH=/home/tpi5/391_Project_pi/391_ws/build/gripper_controller/prefix_override:/usr/lib/python3/dist-packages/colcon_core/task/python/colcon_distutils_commands:/home/tpi5/391_Project_pi/391_ws/install/gripper_controller/lib/python3.12/site-packages:${PYTHONPATH} /usr/bin/python3 -W ignore:setup.py install is deprecated -W ignore:easy_install command is deprecated setup.py egg_info --egg-base ../../build/gripper_controller build --build-base /home/tpi5/391_Project_pi/391_ws/build/gripper_controller/build install --record /home/tpi5/391_Project_pi/391_ws/build/gripper_controller/install.log --single-version-externally-managed install_data
[3.656s] DEBUG:colcon.colcon_core.event_handler.log_command:Invoking command in '/home/tpi5/391_Project_pi/391_ws/src/dual_cam_mjpeg_server': PYTHONPATH=/home/tpi5/391_Project_pi/391_ws/build/dual_cam_mjpeg_server/prefix_override:/usr/lib/python3/dist-packages/colcon_core/task/python/colcon_distutils_commands:/home/tpi5/391_Project_pi/391_ws/install/dual_cam_mjpeg_server/lib/python3.12/site-packages:${PYTHONPATH} /usr/bin/python3 -W ignore:setup.py install is deprecated -W ignore:easy_install command is deprecated setup.py egg_info --egg-base ../../build/dual_cam_mjpeg_server build --build-base /home/tpi5/391_Project_pi/391_ws/build/dual_cam_mjpeg_server/build install --record /home/tpi5/391_Project_pi/391_ws/build/dual_cam_mjpeg_server/install.log --single-version-externally-managed install_data
[3.662s] DEBUG:colcon.colcon_core.event_handler.log_command:Invoking command in '/home/tpi5/391_Project_pi/391_ws/src/drive_controller': PYTHONPATH=/home/tpi5/391_Project_pi/391_ws/build/drive_controller/prefix_override:/usr/lib/python3/dist-packages/colcon_core/task/python/colcon_distutils_commands:/home/tpi5/391_Project_pi/391_ws/install/drive_controller/lib/python3.12/site-packages:${PYTHONPATH} /usr/bin/python3 -W ignore:setup.py install is deprecated -W ignore:easy_install command is deprecated setup.py egg_info --egg-base ../../build/drive_controller build --build-base /home/tpi5/391_Project_pi/391_ws/build/drive_controller/build install --record /home/tpi5/391_Project_pi/391_ws/build/drive_controller/install.log --single-version-externally-managed install_data
[4.845s] DEBUG:colcon.colcon_core.event_handler.log_command:Invoked command in '/home/tpi5/391_Project_pi/391_ws/src/dual_cam_mjpeg_server' returned '0': PYTHONPATH=/home/tpi5/391_Project_pi/391_ws/build/dual_cam_mjpeg_server/prefix_override:/usr/lib/python3/dist-packages/colcon_core/task/python/colcon_distutils_commands:/home/tpi5/391_Project_pi/391_ws/install/dual_cam_mjpeg_server/lib/python3.12/site-packages:${PYTHONPATH} /usr/bin/python3 -W ignore:setup.py install is deprecated -W ignore:easy_install command is deprecated setup.py egg_info --egg-base ../../build/dual_cam_mjpeg_server build --build-base /home/tpi5/391_Project_pi/391_ws/build/dual_cam_mjpeg_server/build install --record /home/tpi5/391_Project_pi/391_ws/build/dual_cam_mjpeg_server/install.log --single-version-externally-managed install_data
[4.881s] Level 1:colcon.colcon_core.environment:checking '/home/tpi5/391_Project_pi/391_ws/install/dual_cam_mjpeg_server' for CMake module files
[4.882s] Level 1:colcon.colcon_core.environment:checking '/home/tpi5/391_Project_pi/391_ws/install/dual_cam_mjpeg_server' for CMake config files
[4.885s] Level 1:colcon.colcon_core.environment:checking '/home/tpi5/391_Project_pi/391_ws/install/dual_cam_mjpeg_server/lib'
[4.885s] Level 1:colcon.colcon_core.environment:checking '/home/tpi5/391_Project_pi/391_ws/install/dual_cam_mjpeg_server/bin'
[4.886s] Level 1:colcon.colcon_core.environment:checking '/home/tpi5/391_Project_pi/391_ws/install/dual_cam_mjpeg_server/lib/pkgconfig/dual_cam_mjpeg_server.pc'
[4.886s] Level 1:colcon.colcon_core.environment:checking '/home/tpi5/391_Project_pi/391_ws/install/dual_cam_mjpeg_server/lib/python3.12/site-packages'
[4.887s] Level 1:colcon.colcon_core.shell:create_environment_hook('dual_cam_mjpeg_server', 'pythonpath')
[4.887s] INFO:colcon.colcon_core.shell:Creating environment hook '/home/tpi5/391_Project_pi/391_ws/install/dual_cam_mjpeg_server/share/dual_cam_mjpeg_server/hook/pythonpath.ps1'
[4.889s] INFO:colcon.colcon_core.shell:Creating environment descriptor '/home/tpi5/391_Project_pi/391_ws/install/dual_cam_mjpeg_server/share/dual_cam_mjpeg_server/hook/pythonpath.dsv'
[4.891s] INFO:colcon.colcon_core.shell:Creating environment hook '/home/tpi5/391_Project_pi/391_ws/install/dual_cam_mjpeg_server/share/dual_cam_mjpeg_server/hook/pythonpath.sh'
[4.892s] Level 1:colcon.colcon_core.environment:checking '/home/tpi5/391_Project_pi/391_ws/install/dual_cam_mjpeg_server/bin'
[4.893s] Level 1:colcon.colcon_core.environment:create_environment_scripts_only(dual_cam_mjpeg_server)
[4.894s] INFO:colcon.colcon_core.shell:Creating package script '/home/tpi5/391_Project_pi/391_ws/install/dual_cam_mjpeg_server/share/dual_cam_mjpeg_server/package.ps1'
[4.896s] INFO:colcon.colcon_core.shell:Creating package descriptor '/home/tpi5/391_Project_pi/391_ws/install/dual_cam_mjpeg_server/share/dual_cam_mjpeg_server/package.dsv'
[4.898s] INFO:colcon.colcon_core.shell:Creating package script '/home/tpi5/391_Project_pi/391_ws/install/dual_cam_mjpeg_server/share/dual_cam_mjpeg_server/package.sh'
[4.900s] INFO:colcon.colcon_core.shell:Creating package script '/home/tpi5/391_Project_pi/391_ws/install/dual_cam_mjpeg_server/share/dual_cam_mjpeg_server/package.bash'
[4.904s] INFO:colcon.colcon_core.shell:Creating package script '/home/tpi5/391_Project_pi/391_ws/install/dual_cam_mjpeg_server/share/dual_cam_mjpeg_server/package.zsh'
[4.907s] Level 1:colcon.colcon_core.environment:create_file_with_runtime_dependencies(/home/tpi5/391_Project_pi/391_ws/install/dual_cam_mjpeg_server/share/colcon-core/packages/dual_cam_mjpeg_server)
[4.909s] INFO:colcon.colcon_ros.task.ament_python.build:Building ROS package in '/home/tpi5/391_Project_pi/391_ws/src/joystick_controller' with build type 'ament_python'
[4.910s] Level 1:colcon.colcon_core.shell:create_environment_hook('joystick_controller', 'ament_prefix_path')
[4.910s] INFO:colcon.colcon_core.shell:Creating environment hook '/home/tpi5/391_Project_pi/391_ws/install/joystick_controller/share/joystick_controller/hook/ament_prefix_path.ps1'
[4.912s] INFO:colcon.colcon_core.shell:Creating environment descriptor '/home/tpi5/391_Project_pi/391_ws/install/joystick_controller/share/joystick_controller/hook/ament_prefix_path.dsv'
[4.912s] INFO:colcon.colcon_core.shell:Creating environment hook '/home/tpi5/391_Project_pi/391_ws/install/joystick_controller/share/joystick_controller/hook/ament_prefix_path.sh'
[4.914s] INFO:colcon.colcon_core.shell:Skip shell extension 'powershell' for command environment: Not usable outside of PowerShell
[4.914s] DEBUG:colcon.colcon_core.shell:Skip shell extension 'dsv' for command environment
[4.923s] Level 1:colcon.colcon_core.environment:checking '/home/tpi5/391_Project_pi/391_ws/install/gripper_controller' for CMake module files
[4.924s] DEBUG:colcon.colcon_core.event_handler.log_command:Invoked command in '/home/tpi5/391_Project_pi/391_ws/src/gripper_controller' returned '0': PYTHONPATH=/home/tpi5/391_Project_pi/391_ws/build/gripper_controller/prefix_override:/usr/lib/python3/dist-packages/colcon_core/task/python/colcon_distutils_commands:/home/tpi5/391_Project_pi/391_ws/install/gripper_controller/lib/python3.12/site-packages:${PYTHONPATH} /usr/bin/python3 -W ignore:setup.py install is deprecated -W ignore:easy_install command is deprecated setup.py egg_info --egg-base ../../build/gripper_controller build --build-base /home/tpi5/391_Project_pi/391_ws/build/gripper_controller/build install --record /home/tpi5/391_Project_pi/391_ws/build/gripper_controller/install.log --single-version-externally-managed install_data
[4.925s] Level 1:colcon.colcon_core.environment:checking '/home/tpi5/391_Project_pi/391_ws/install/gripper_controller' for CMake config files
[4.926s] Level 1:colcon.colcon_core.environment:checking '/home/tpi5/391_Project_pi/391_ws/install/gripper_controller/lib'
[4.926s] Level 1:colcon.colcon_core.environment:checking '/home/tpi5/391_Project_pi/391_ws/install/gripper_controller/bin'
[4.926s] Level 1:colcon.colcon_core.environment:checking '/home/tpi5/391_Project_pi/391_ws/install/gripper_controller/lib/pkgconfig/gripper_controller.pc'
[4.927s] Level 1:colcon.colcon_core.environment:checking '/home/tpi5/391_Project_pi/391_ws/install/gripper_controller/lib/python3.12/site-packages'
[4.927s] Level 1:colcon.colcon_core.shell:create_environment_hook('gripper_controller', 'pythonpath')
[4.927s] INFO:colcon.colcon_core.shell:Creating environment hook '/home/tpi5/391_Project_pi/391_ws/install/gripper_controller/share/gripper_controller/hook/pythonpath.ps1'
[4.928s] INFO:colcon.colcon_core.shell:Creating environment descriptor '/home/tpi5/391_Project_pi/391_ws/install/gripper_controller/share/gripper_controller/hook/pythonpath.dsv'
[4.929s] INFO:colcon.colcon_core.shell:Creating environment hook '/home/tpi5/391_Project_pi/391_ws/install/gripper_controller/share/gripper_controller/hook/pythonpath.sh'
[4.930s] Level 1:colcon.colcon_core.environment:checking '/home/tpi5/391_Project_pi/391_ws/install/gripper_controller/bin'
[4.930s] Level 1:colcon.colcon_core.environment:create_environment_scripts_only(gripper_controller)
[4.931s] INFO:colcon.colcon_core.shell:Creating package script '/home/tpi5/391_Project_pi/391_ws/install/gripper_controller/share/gripper_controller/package.ps1'
[4.932s] INFO:colcon.colcon_core.shell:Creating package descriptor '/home/tpi5/391_Project_pi/391_ws/install/gripper_controller/share/gripper_controller/package.dsv'
[4.932s] INFO:colcon.colcon_core.shell:Creating package script '/home/tpi5/391_Project_pi/391_ws/install/gripper_controller/share/gripper_controller/package.sh'
[4.934s] INFO:colcon.colcon_core.shell:Creating package script '/home/tpi5/391_Project_pi/391_ws/install/gripper_controller/share/gripper_controller/package.bash'
[4.935s] INFO:colcon.colcon_core.shell:Creating package script '/home/tpi5/391_Project_pi/391_ws/install/gripper_controller/share/gripper_controller/package.zsh'
[4.936s] Level 1:colcon.colcon_core.environment:create_file_with_runtime_dependencies(/home/tpi5/391_Project_pi/391_ws/install/gripper_controller/share/colcon-core/packages/gripper_controller)
[4.939s] INFO:colcon.colcon_ros.task.ament_python.build:Building ROS package in '/home/tpi5/391_Project_pi/391_ws/src/linear_controller' with build type 'ament_python'
[4.940s] Level 1:colcon.colcon_core.shell:create_environment_hook('linear_controller', 'ament_prefix_path')
[4.940s] INFO:colcon.colcon_core.shell:Creating environment hook '/home/tpi5/391_Project_pi/391_ws/install/linear_controller/share/linear_controller/hook/ament_prefix_path.ps1'
[4.941s] INFO:colcon.colcon_core.shell:Creating environment descriptor '/home/tpi5/391_Project_pi/391_ws/install/linear_controller/share/linear_controller/hook/ament_prefix_path.dsv'
[4.942s] INFO:colcon.colcon_core.shell:Creating environment hook '/home/tpi5/391_Project_pi/391_ws/install/linear_controller/share/linear_controller/hook/ament_prefix_path.sh'
[4.943s] INFO:colcon.colcon_core.shell:Skip shell extension 'powershell' for command environment: Not usable outside of PowerShell
[4.944s] DEBUG:colcon.colcon_core.shell:Skip shell extension 'dsv' for command environment
[4.953s] Level 1:colcon.colcon_core.environment:checking '/home/tpi5/391_Project_pi/391_ws/install/drive_controller' for CMake module files
[4.954s] DEBUG:colcon.colcon_core.event_handler.log_command:Invoked command in '/home/tpi5/391_Project_pi/391_ws/src/drive_controller' returned '0': PYTHONPATH=/home/tpi5/391_Project_pi/391_ws/build/drive_controller/prefix_override:/usr/lib/python3/dist-packages/colcon_core/task/python/colcon_distutils_commands:/home/tpi5/391_Project_pi/391_ws/install/drive_controller/lib/python3.12/site-packages:${PYTHONPATH} /usr/bin/python3 -W ignore:setup.py install is deprecated -W ignore:easy_install command is deprecated setup.py egg_info --egg-base ../../build/drive_controller build --build-base /home/tpi5/391_Project_pi/391_ws/build/drive_controller/build install --record /home/tpi5/391_Project_pi/391_ws/build/drive_controller/install.log --single-version-externally-managed install_data
[4.955s] Level 1:colcon.colcon_core.environment:checking '/home/tpi5/391_Project_pi/391_ws/install/drive_controller' for CMake config files
[4.955s] Level 1:colcon.colcon_core.environment:checking '/home/tpi5/391_Project_pi/391_ws/install/drive_controller/lib'
[4.956s] Level 1:colcon.colcon_core.environment:checking '/home/tpi5/391_Project_pi/391_ws/install/drive_controller/bin'
[4.956s] Level 1:colcon.colcon_core.environment:checking '/home/tpi5/391_Project_pi/391_ws/install/drive_controller/lib/pkgconfig/drive_controller.pc'
[4.956s] Level 1:colcon.colcon_core.environment:checking '/home/tpi5/391_Project_pi/391_ws/install/drive_controller/lib/python3.12/site-packages'
[4.956s] Level 1:colcon.colcon_core.shell:create_environment_hook('drive_controller', 'pythonpath')
[4.957s] INFO:colcon.colcon_core.shell:Creating environment hook '/home/tpi5/391_Project_pi/391_ws/install/drive_controller/share/drive_controller/hook/pythonpath.ps1'
[4.957s] INFO:colcon.colcon_core.shell:Creating environment descriptor '/home/tpi5/391_Project_pi/391_ws/install/drive_controller/share/drive_controller/hook/pythonpath.dsv'
[4.958s] INFO:colcon.colcon_core.shell:Creating environment hook '/home/tpi5/391_Project_pi/391_ws/install/drive_controller/share/drive_controller/hook/pythonpath.sh'
[4.959s] Level 1:colcon.colcon_core.environment:checking '/home/tpi5/391_Project_pi/391_ws/install/drive_controller/bin'
[4.959s] Level 1:colcon.colcon_core.environment:create_environment_scripts_only(drive_controller)
[4.960s] INFO:colcon.colcon_core.shell:Creating package script '/home/tpi5/391_Project_pi/391_ws/install/drive_controller/share/drive_controller/package.ps1'
[4.960s] INFO:colcon.colcon_core.shell:Creating package descriptor '/home/tpi5/391_Project_pi/391_ws/install/drive_controller/share/drive_controller/package.dsv'
[4.961s] INFO:colcon.colcon_core.shell:Creating package script '/home/tpi5/391_Project_pi/391_ws/install/drive_controller/share/drive_controller/package.sh'
[4.962s] INFO:colcon.colcon_core.shell:Creating package script '/home/tpi5/391_Project_pi/391_ws/install/drive_controller/share/drive_controller/package.bash'
[4.963s] INFO:colcon.colcon_core.shell:Creating package script '/home/tpi5/391_Project_pi/391_ws/install/drive_controller/share/drive_controller/package.zsh'
[4.964s] Level 1:colcon.colcon_core.environment:create_file_with_runtime_dependencies(/home/tpi5/391_Project_pi/391_ws/install/drive_controller/share/colcon-core/packages/drive_controller)
[4.965s] INFO:colcon.colcon_ros.task.ament_python.build:Building ROS package in '/home/tpi5/391_Project_pi/391_ws/src/servo_dril_controller' with build type 'ament_python'
[4.966s] Level 1:colcon.colcon_core.shell:create_environment_hook('servo_dril_controller', 'ament_prefix_path')
[4.966s] INFO:colcon.colcon_core.shell:Creating environment hook '/home/tpi5/391_Project_pi/391_ws/install/servo_dril_controller/share/servo_dril_controller/hook/ament_prefix_path.ps1'
[4.967s] INFO:colcon.colcon_core.shell:Creating environment descriptor '/home/tpi5/391_Project_pi/391_ws/install/servo_dril_controller/share/servo_dril_controller/hook/ament_prefix_path.dsv'
[4.968s] INFO:colcon.colcon_core.shell:Creating environment hook '/home/tpi5/391_Project_pi/391_ws/install/servo_dril_controller/share/servo_dril_controller/hook/ament_prefix_path.sh'
[4.969s] INFO:colcon.colcon_core.shell:Skip shell extension 'powershell' for command environment: Not usable outside of PowerShell
[4.969s] DEBUG:colcon.colcon_core.shell:Skip shell extension 'dsv' for command environment
[5.323s] INFO:colcon.colcon_core.task.python.build:Building Python package in '/home/tpi5/391_Project_pi/391_ws/src/joystick_controller'
[5.324s] INFO:colcon.colcon_core.shell:Skip shell extension 'powershell' for command environment: Not usable outside of PowerShell
[5.324s] DEBUG:colcon.colcon_core.shell:Skip shell extension 'dsv' for command environment
[5.331s] Level 1:colcon.colcon_core.environment:checking '/home/tpi5/391_Project_pi/391_ws/install/dril_controller' for CMake module files
[5.332s] DEBUG:colcon.colcon_core.event_handler.log_command:Invoked command in '/home/tpi5/391_Project_pi/391_ws/src/dril_controller' returned '0': PYTHONPATH=/home/tpi5/391_Project_pi/391_ws/build/dril_controller/prefix_override:/usr/lib/python3/dist-packages/colcon_core/task/python/colcon_distutils_commands:/home/tpi5/391_Project_pi/391_ws/install/dril_controller/lib/python3.12/site-packages:${PYTHONPATH} /usr/bin/python3 -W ignore:setup.py install is deprecated -W ignore:easy_install command is deprecated setup.py egg_info --egg-base ../../build/dril_controller build --build-base /home/tpi5/391_Project_pi/391_ws/build/dril_controller/build install --record /home/tpi5/391_Project_pi/391_ws/build/dril_controller/install.log --single-version-externally-managed install_data
[5.333s] Level 1:colcon.colcon_core.environment:checking '/home/tpi5/391_Project_pi/391_ws/install/dril_controller' for CMake config files
[5.334s] Level 1:colcon.colcon_core.environment:checking '/home/tpi5/391_Project_pi/391_ws/install/dril_controller/lib'
[5.334s] Level 1:colcon.colcon_core.environment:checking '/home/tpi5/391_Project_pi/391_ws/install/dril_controller/bin'
[5.334s] Level 1:colcon.colcon_core.environment:checking '/home/tpi5/391_Project_pi/391_ws/install/dril_controller/lib/pkgconfig/dril_controller.pc'
[5.334s] Level 1:colcon.colcon_core.environment:checking '/home/tpi5/391_Project_pi/391_ws/install/dril_controller/lib/python3.12/site-packages'
[5.335s] Level 1:colcon.colcon_core.shell:create_environment_hook('dril_controller', 'pythonpath')
[5.335s] INFO:colcon.colcon_core.shell:Creating environment hook '/home/tpi5/391_Project_pi/391_ws/install/dril_controller/share/dril_controller/hook/pythonpath.ps1'
[5.335s] INFO:colcon.colcon_core.shell:Creating environment descriptor '/home/tpi5/391_Project_pi/391_ws/install/dril_controller/share/dril_controller/hook/pythonpath.dsv'
[5.336s] INFO:colcon.colcon_core.shell:Creating environment hook '/home/tpi5/391_Project_pi/391_ws/install/dril_controller/share/dril_controller/hook/pythonpath.sh'
[5.337s] Level 1:colcon.colcon_core.environment:checking '/home/tpi5/391_Project_pi/391_ws/install/dril_controller/bin'
[5.337s] Level 1:colcon.colcon_core.environment:create_environment_scripts_only(dril_controller)
[5.338s] INFO:colcon.colcon_core.shell:Creating package script '/home/tpi5/391_Project_pi/391_ws/install/dril_controller/share/dril_controller/package.ps1'
[5.338s] INFO:colcon.colcon_core.shell:Creating package descriptor '/home/tpi5/391_Project_pi/391_ws/install/dril_controller/share/dril_controller/package.dsv'
[5.340s] INFO:colcon.colcon_core.shell:Creating package script '/home/tpi5/391_Project_pi/391_ws/install/dril_controller/share/dril_controller/package.sh'
[5.341s] INFO:colcon.colcon_core.shell:Creating package script '/home/tpi5/391_Project_pi/391_ws/install/dril_controller/share/dril_controller/package.bash'
[5.344s] INFO:colcon.colcon_core.shell:Creating package script '/home/tpi5/391_Project_pi/391_ws/install/dril_controller/share/dril_controller/package.zsh'
[5.345s] Level 1:colcon.colcon_core.environment:create_file_with_runtime_dependencies(/home/tpi5/391_Project_pi/391_ws/install/dril_controller/share/colcon-core/packages/dril_controller)
[5.684s] INFO:colcon.colcon_core.task.python.build:Building Python package in '/home/tpi5/391_Project_pi/391_ws/src/linear_controller'
[5.684s] INFO:colcon.colcon_core.shell:Skip shell extension 'powershell' for command environment: Not usable outside of PowerShell
[5.685s] DEBUG:colcon.colcon_core.shell:Skip shell extension 'dsv' for command environment
[5.691s] INFO:colcon.colcon_ros.task.ament_python.build:Building ROS package in '/home/tpi5/391_Project_pi/391_ws/src/servo_switch180_controller' with build type 'ament_python'
[5.691s] Level 1:colcon.colcon_core.shell:create_environment_hook('servo_switch180_controller', 'ament_prefix_path')
[5.692s] INFO:colcon.colcon_core.shell:Creating environment hook '/home/tpi5/391_Project_pi/391_ws/install/servo_switch180_controller/share/servo_switch180_controller/hook/ament_prefix_path.ps1'
[5.693s] INFO:colcon.colcon_core.shell:Creating environment descriptor '/home/tpi5/391_Project_pi/391_ws/install/servo_switch180_controller/share/servo_switch180_controller/hook/ament_prefix_path.dsv'
[5.693s] INFO:colcon.colcon_core.shell:Creating environment hook '/home/tpi5/391_Project_pi/391_ws/install/servo_switch180_controller/share/servo_switch180_controller/hook/ament_prefix_path.sh'
[5.694s] INFO:colcon.colcon_core.shell:Skip shell extension 'powershell' for command environment: Not usable outside of PowerShell
[5.695s] DEBUG:colcon.colcon_core.shell:Skip shell extension 'dsv' for command environment
[6.031s] INFO:colcon.colcon_core.task.python.build:Building Python package in '/home/tpi5/391_Project_pi/391_ws/src/servo_dril_controller'
[6.032s] INFO:colcon.colcon_core.shell:Skip shell extension 'powershell' for command environment: Not usable outside of PowerShell
[6.032s] DEBUG:colcon.colcon_core.shell:Skip shell extension 'dsv' for command environment
[6.459s] INFO:colcon.colcon_core.task.python.build:Building Python package in '/home/tpi5/391_Project_pi/391_ws/src/servo_switch180_controller'
[6.460s] INFO:colcon.colcon_core.shell:Skip shell extension 'powershell' for command environment: Not usable outside of PowerShell
[6.460s] DEBUG:colcon.colcon_core.shell:Skip shell extension 'dsv' for command environment
[7.093s] DEBUG:colcon.colcon_core.event_handler.log_command:Invoking command in '/home/tpi5/391_Project_pi/391_ws/src/joystick_controller': PYTHONPATH=/home/tpi5/391_Project_pi/391_ws/build/joystick_controller/prefix_override:/usr/lib/python3/dist-packages/colcon_core/task/python/colcon_distutils_commands:/home/tpi5/391_Project_pi/391_ws/install/joystick_controller/lib/python3.12/site-packages:${PYTHONPATH} /usr/bin/python3 -W ignore:setup.py install is deprecated -W ignore:easy_install command is deprecated setup.py egg_info --egg-base ../../build/joystick_controller build --build-base /home/tpi5/391_Project_pi/391_ws/build/joystick_controller/build install --record /home/tpi5/391_Project_pi/391_ws/build/joystick_controller/install.log --single-version-externally-managed install_data
[7.175s] DEBUG:colcon.colcon_core.event_handler.log_command:Invoking command in '/home/tpi5/391_Project_pi/391_ws/src/linear_controller': PYTHONPATH=/home/tpi5/391_Project_pi/391_ws/build/linear_controller/prefix_override:/usr/lib/python3/dist-packages/colcon_core/task/python/colcon_distutils_commands:/home/tpi5/391_Project_pi/391_ws/install/linear_controller/lib/python3.12/site-packages:${PYTHONPATH} /usr/bin/python3 -W ignore:setup.py install is deprecated -W ignore:easy_install command is deprecated setup.py egg_info --egg-base ../../build/linear_controller build --build-base /home/tpi5/391_Project_pi/391_ws/build/linear_controller/build install --record /home/tpi5/391_Project_pi/391_ws/build/linear_controller/install.log --single-version-externally-managed install_data
[7.673s] DEBUG:colcon.colcon_core.event_handler.log_command:Invoking command in '/home/tpi5/391_Project_pi/391_ws/src/servo_dril_controller': PYTHONPATH=/home/tpi5/391_Project_pi/391_ws/build/servo_dril_controller/prefix_override:/usr/lib/python3/dist-packages/colcon_core/task/python/colcon_distutils_commands:/home/tpi5/391_Project_pi/391_ws/install/servo_dril_controller/lib/python3.12/site-packages:${PYTHONPATH} /usr/bin/python3 -W ignore:setup.py install is deprecated -W ignore:easy_install command is deprecated setup.py egg_info --egg-base ../../build/servo_dril_controller build --build-base /home/tpi5/391_Project_pi/391_ws/build/servo_dril_controller/build install --record /home/tpi5/391_Project_pi/391_ws/build/servo_dril_controller/install.log --single-version-externally-managed install_data
[7.751s] DEBUG:colcon.colcon_core.event_handler.log_command:Invoking command in '/home/tpi5/391_Project_pi/391_ws/src/servo_switch180_controller': PYTHONPATH=/home/tpi5/391_Project_pi/391_ws/build/servo_switch180_controller/prefix_override:/usr/lib/python3/dist-packages/colcon_core/task/python/colcon_distutils_commands:/home/tpi5/391_Project_pi/391_ws/install/servo_switch180_controller/lib/python3.12/site-packages:${PYTHONPATH} /usr/bin/python3 -W ignore:setup.py install is deprecated -W ignore:easy_install command is deprecated setup.py egg_info --egg-base ../../build/servo_switch180_controller build --build-base /home/tpi5/391_Project_pi/391_ws/build/servo_switch180_controller/build install --record /home/tpi5/391_Project_pi/391_ws/build/servo_switch180_controller/install.log --single-version-externally-managed install_data
[8.259s] Level 1:colcon.colcon_core.environment:checking '/home/tpi5/391_Project_pi/391_ws/install/joystick_controller' for CMake module files
[8.260s] Level 1:colcon.colcon_core.environment:checking '/home/tpi5/391_Project_pi/391_ws/install/joystick_controller' for CMake config files
[8.261s] Level 1:colcon.colcon_core.environment:checking '/home/tpi5/391_Project_pi/391_ws/install/joystick_controller/lib'
[8.261s] Level 1:colcon.colcon_core.environment:checking '/home/tpi5/391_Project_pi/391_ws/install/joystick_controller/bin'
[8.262s] Level 1:colcon.colcon_core.environment:checking '/home/tpi5/391_Project_pi/391_ws/install/joystick_controller/lib/pkgconfig/joystick_controller.pc'
[8.265s] Level 1:colcon.colcon_core.environment:checking '/home/tpi5/391_Project_pi/391_ws/install/joystick_controller/lib/python3.12/site-packages'
[8.266s] DEBUG:colcon.colcon_core.event_handler.log_command:Invoked command in '/home/tpi5/391_Project_pi/391_ws/src/joystick_controller' returned '0': PYTHONPATH=/home/tpi5/391_Project_pi/391_ws/build/joystick_controller/prefix_override:/usr/lib/python3/dist-packages/colcon_core/task/python/colcon_distutils_commands:/home/tpi5/391_Project_pi/391_ws/install/joystick_controller/lib/python3.12/site-packages:${PYTHONPATH} /usr/bin/python3 -W ignore:setup.py install is deprecated -W ignore:easy_install command is deprecated setup.py egg_info --egg-base ../../build/joystick_controller build --build-base /home/tpi5/391_Project_pi/391_ws/build/joystick_controller/build install --record /home/tpi5/391_Project_pi/391_ws/build/joystick_controller/install.log --single-version-externally-managed install_data
[8.268s] Level 1:colcon.colcon_core.shell:create_environment_hook('joystick_controller', 'pythonpath')
[8.270s] INFO:colcon.colcon_core.shell:Creating environment hook '/home/tpi5/391_Project_pi/391_ws/install/joystick_controller/share/joystick_controller/hook/pythonpath.ps1'
[8.274s] INFO:colcon.colcon_core.shell:Creating environment descriptor '/home/tpi5/391_Project_pi/391_ws/install/joystick_controller/share/joystick_controller/hook/pythonpath.dsv'
[8.275s] INFO:colcon.colcon_core.shell:Creating environment hook '/home/tpi5/391_Project_pi/391_ws/install/joystick_controller/share/joystick_controller/hook/pythonpath.sh'
[8.280s] Level 1:colcon.colcon_core.environment:checking '/home/tpi5/391_Project_pi/391_ws/install/joystick_controller/bin'
[8.281s] Level 1:colcon.colcon_core.environment:create_environment_scripts_only(joystick_controller)
[8.281s] INFO:colcon.colcon_core.shell:Creating package script '/home/tpi5/391_Project_pi/391_ws/install/joystick_controller/share/joystick_controller/package.ps1'
[8.282s] INFO:colcon.colcon_core.shell:Creating package descriptor '/home/tpi5/391_Project_pi/391_ws/install/joystick_controller/share/joystick_controller/package.dsv'
[8.286s] INFO:colcon.colcon_core.shell:Creating package script '/home/tpi5/391_Project_pi/391_ws/install/joystick_controller/share/joystick_controller/package.sh'
[8.288s] INFO:colcon.colcon_core.shell:Creating package script '/home/tpi5/391_Project_pi/391_ws/install/joystick_controller/share/joystick_controller/package.bash'
[8.290s] INFO:colcon.colcon_core.shell:Creating package script '/home/tpi5/391_Project_pi/391_ws/install/joystick_controller/share/joystick_controller/package.zsh'
[8.292s] Level 1:colcon.colcon_core.environment:create_file_with_runtime_dependencies(/home/tpi5/391_Project_pi/391_ws/install/joystick_controller/share/colcon-core/packages/joystick_controller)
[8.293s] INFO:colcon.colcon_ros.task.ament_python.build:Building ROS package in '/home/tpi5/391_Project_pi/391_ws/src/tao_controller' with build type 'ament_python'
[8.294s] Level 1:colcon.colcon_core.shell:create_environment_hook('tao_controller', 'ament_prefix_path')
[8.296s] INFO:colcon.colcon_core.shell:Creating environment hook '/home/tpi5/391_Project_pi/391_ws/install/tao_controller/share/tao_controller/hook/ament_prefix_path.ps1'
[8.299s] INFO:colcon.colcon_core.shell:Creating environment descriptor '/home/tpi5/391_Project_pi/391_ws/install/tao_controller/share/tao_controller/hook/ament_prefix_path.dsv'
[8.303s] INFO:colcon.colcon_core.shell:Creating environment hook '/home/tpi5/391_Project_pi/391_ws/install/tao_controller/share/tao_controller/hook/ament_prefix_path.sh'
[8.308s] INFO:colcon.colcon_core.shell:Skip shell extension 'powershell' for command environment: Not usable outside of PowerShell
[8.309s] DEBUG:colcon.colcon_core.shell:Skip shell extension 'dsv' for command environment
[8.788s] INFO:colcon.colcon_core.task.python.build:Building Python package in '/home/tpi5/391_Project_pi/391_ws/src/tao_controller'
[8.788s] INFO:colcon.colcon_core.shell:Skip shell extension 'powershell' for command environment: Not usable outside of PowerShell
[8.788s] DEBUG:colcon.colcon_core.shell:Skip shell extension 'dsv' for command environment
[8.799s] Level 1:colcon.colcon_core.environment:checking '/home/tpi5/391_Project_pi/391_ws/install/linear_controller' for CMake module files
[8.801s] Level 1:colcon.colcon_core.environment:checking '/home/tpi5/391_Project_pi/391_ws/install/linear_controller' for CMake config files
[8.801s] DEBUG:colcon.colcon_core.event_handler.log_command:Invoked command in '/home/tpi5/391_Project_pi/391_ws/src/linear_controller' returned '0': PYTHONPATH=/home/tpi5/391_Project_pi/391_ws/build/linear_controller/prefix_override:/usr/lib/python3/dist-packages/colcon_core/task/python/colcon_distutils_commands:/home/tpi5/391_Project_pi/391_ws/install/linear_controller/lib/python3.12/site-packages:${PYTHONPATH} /usr/bin/python3 -W ignore:setup.py install is deprecated -W ignore:easy_install command is deprecated setup.py egg_info --egg-base ../../build/linear_controller build --build-base /home/tpi5/391_Project_pi/391_ws/build/linear_controller/build install --record /home/tpi5/391_Project_pi/391_ws/build/linear_controller/install.log --single-version-externally-managed install_data
[8.803s] Level 1:colcon.colcon_core.environment:checking '/home/tpi5/391_Project_pi/391_ws/install/linear_controller/lib'
[8.803s] Level 1:colcon.colcon_core.environment:checking '/home/tpi5/391_Project_pi/391_ws/install/linear_controller/bin'
[8.804s] Level 1:colcon.colcon_core.environment:checking '/home/tpi5/391_Project_pi/391_ws/install/linear_controller/lib/pkgconfig/linear_controller.pc'
[8.804s] Level 1:colcon.colcon_core.environment:checking '/home/tpi5/391_Project_pi/391_ws/install/linear_controller/lib/python3.12/site-packages'
[8.804s] Level 1:colcon.colcon_core.shell:create_environment_hook('linear_controller', 'pythonpath')
[8.805s] INFO:colcon.colcon_core.shell:Creating environment hook '/home/tpi5/391_Project_pi/391_ws/install/linear_controller/share/linear_controller/hook/pythonpath.ps1'
[8.807s] INFO:colcon.colcon_core.shell:Creating environment descriptor '/home/tpi5/391_Project_pi/391_ws/install/linear_controller/share/linear_controller/hook/pythonpath.dsv'
[8.808s] INFO:colcon.colcon_core.shell:Creating environment hook '/home/tpi5/391_Project_pi/391_ws/install/linear_controller/share/linear_controller/hook/pythonpath.sh'
[8.809s] Level 1:colcon.colcon_core.environment:checking '/home/tpi5/391_Project_pi/391_ws/install/linear_controller/bin'
[8.810s] Level 1:colcon.colcon_core.environment:create_environment_scripts_only(linear_controller)
[8.810s] INFO:colcon.colcon_core.shell:Creating package script '/home/tpi5/391_Project_pi/391_ws/install/linear_controller/share/linear_controller/package.ps1'
[8.812s] INFO:colcon.colcon_core.shell:Creating package descriptor '/home/tpi5/391_Project_pi/391_ws/install/linear_controller/share/linear_controller/package.dsv'
[8.813s] INFO:colcon.colcon_core.shell:Creating package script '/home/tpi5/391_Project_pi/391_ws/install/linear_controller/share/linear_controller/package.sh'
[8.814s] INFO:colcon.colcon_core.shell:Creating package script '/home/tpi5/391_Project_pi/391_ws/install/linear_controller/share/linear_controller/package.bash'
[8.815s] INFO:colcon.colcon_core.shell:Creating package script '/home/tpi5/391_Project_pi/391_ws/install/linear_controller/share/linear_controller/package.zsh'
[8.816s] Level 1:colcon.colcon_core.environment:create_file_with_runtime_dependencies(/home/tpi5/391_Project_pi/391_ws/install/linear_controller/share/colcon-core/packages/linear_controller)
[8.866s] Level 1:colcon.colcon_core.environment:checking '/home/tpi5/391_Project_pi/391_ws/install/servo_dril_controller' for CMake module files
[8.866s] DEBUG:colcon.colcon_core.event_handler.log_command:Invoked command in '/home/tpi5/391_Project_pi/391_ws/src/servo_dril_controller' returned '0': PYTHONPATH=/home/tpi5/391_Project_pi/391_ws/build/servo_dril_controller/prefix_override:/usr/lib/python3/dist-packages/colcon_core/task/python/colcon_distutils_commands:/home/tpi5/391_Project_pi/391_ws/install/servo_dril_controller/lib/python3.12/site-packages:${PYTHONPATH} /usr/bin/python3 -W ignore:setup.py install is deprecated -W ignore:easy_install command is deprecated setup.py egg_info --egg-base ../../build/servo_dril_controller build --build-base /home/tpi5/391_Project_pi/391_ws/build/servo_dril_controller/build install --record /home/tpi5/391_Project_pi/391_ws/build/servo_dril_controller/install.log --single-version-externally-managed install_data
[8.867s] Level 1:colcon.colcon_core.environment:checking '/home/tpi5/391_Project_pi/391_ws/install/servo_dril_controller' for CMake config files
[8.868s] Level 1:colcon.colcon_core.environment:checking '/home/tpi5/391_Project_pi/391_ws/install/servo_dril_controller/lib'
[8.868s] Level 1:colcon.colcon_core.environment:checking '/home/tpi5/391_Project_pi/391_ws/install/servo_dril_controller/bin'
[8.869s] Level 1:colcon.colcon_core.environment:checking '/home/tpi5/391_Project_pi/391_ws/install/servo_dril_controller/lib/pkgconfig/servo_dril_controller.pc'
[8.869s] Level 1:colcon.colcon_core.environment:checking '/home/tpi5/391_Project_pi/391_ws/install/servo_dril_controller/lib/python3.12/site-packages'
[8.870s] Level 1:colcon.colcon_core.shell:create_environment_hook('servo_dril_controller', 'pythonpath')
[8.870s] INFO:colcon.colcon_core.shell:Creating environment hook '/home/tpi5/391_Project_pi/391_ws/install/servo_dril_controller/share/servo_dril_controller/hook/pythonpath.ps1'
[8.872s] INFO:colcon.colcon_core.shell:Creating environment descriptor '/home/tpi5/391_Project_pi/391_ws/install/servo_dril_controller/share/servo_dril_controller/hook/pythonpath.dsv'
[8.873s] INFO:colcon.colcon_core.shell:Creating environment hook '/home/tpi5/391_Project_pi/391_ws/install/servo_dril_controller/share/servo_dril_controller/hook/pythonpath.sh'
[8.875s] Level 1:colcon.colcon_core.environment:checking '/home/tpi5/391_Project_pi/391_ws/install/servo_dril_controller/bin'
[8.876s] Level 1:colcon.colcon_core.environment:create_environment_scripts_only(servo_dril_controller)
[8.876s] INFO:colcon.colcon_core.shell:Creating package script '/home/tpi5/391_Project_pi/391_ws/install/servo_dril_controller/share/servo_dril_controller/package.ps1'
[8.877s] INFO:colcon.colcon_core.shell:Creating package descriptor '/home/tpi5/391_Project_pi/391_ws/install/servo_dril_controller/share/servo_dril_controller/package.dsv'
[8.879s] INFO:colcon.colcon_core.shell:Creating package script '/home/tpi5/391_Project_pi/391_ws/install/servo_dril_controller/share/servo_dril_controller/package.sh'
[8.880s] INFO:colcon.colcon_core.shell:Creating package script '/home/tpi5/391_Project_pi/391_ws/install/servo_dril_controller/share/servo_dril_controller/package.bash'
[8.882s] INFO:colcon.colcon_core.shell:Creating package script '/home/tpi5/391_Project_pi/391_ws/install/servo_dril_controller/share/servo_dril_controller/package.zsh'
[8.885s] Level 1:colcon.colcon_core.environment:create_file_with_runtime_dependencies(/home/tpi5/391_Project_pi/391_ws/install/servo_dril_controller/share/colcon-core/packages/servo_dril_controller)
[8.922s] Level 1:colcon.colcon_core.environment:checking '/home/tpi5/391_Project_pi/391_ws/install/servo_switch180_controller' for CMake module files
[8.922s] DEBUG:colcon.colcon_core.event_handler.log_command:Invoked command in '/home/tpi5/391_Project_pi/391_ws/src/servo_switch180_controller' returned '0': PYTHONPATH=/home/tpi5/391_Project_pi/391_ws/build/servo_switch180_controller/prefix_override:/usr/lib/python3/dist-packages/colcon_core/task/python/colcon_distutils_commands:/home/tpi5/391_Project_pi/391_ws/install/servo_switch180_controller/lib/python3.12/site-packages:${PYTHONPATH} /usr/bin/python3 -W ignore:setup.py install is deprecated -W ignore:easy_install command is deprecated setup.py egg_info --egg-base ../../build/servo_switch180_controller build --build-base /home/tpi5/391_Project_pi/391_ws/build/servo_switch180_controller/build install --record /home/tpi5/391_Project_pi/391_ws/build/servo_switch180_controller/install.log --single-version-externally-managed install_data
[8.923s] Level 1:colcon.colcon_core.environment:checking '/home/tpi5/391_Project_pi/391_ws/install/servo_switch180_controller' for CMake config files
[8.924s] Level 1:colcon.colcon_core.environment:checking '/home/tpi5/391_Project_pi/391_ws/install/servo_switch180_controller/lib'
[8.924s] Level 1:colcon.colcon_core.environment:checking '/home/tpi5/391_Project_pi/391_ws/install/servo_switch180_controller/bin'
[8.924s] Level 1:colcon.colcon_core.environment:checking '/home/tpi5/391_Project_pi/391_ws/install/servo_switch180_controller/lib/pkgconfig/servo_switch180_controller.pc'
[8.924s] Level 1:colcon.colcon_core.environment:checking '/home/tpi5/391_Project_pi/391_ws/install/servo_switch180_controller/lib/python3.12/site-packages'
[8.924s] Level 1:colcon.colcon_core.shell:create_environment_hook('servo_switch180_controller', 'pythonpath')
[8.925s] INFO:colcon.colcon_core.shell:Creating environment hook '/home/tpi5/391_Project_pi/391_ws/install/servo_switch180_controller/share/servo_switch180_controller/hook/pythonpath.ps1'
[8.925s] INFO:colcon.colcon_core.shell:Creating environment descriptor '/home/tpi5/391_Project_pi/391_ws/install/servo_switch180_controller/share/servo_switch180_controller/hook/pythonpath.dsv'
[8.927s] INFO:colcon.colcon_core.shell:Creating environment hook '/home/tpi5/391_Project_pi/391_ws/install/servo_switch180_controller/share/servo_switch180_controller/hook/pythonpath.sh'
[8.929s] Level 1:colcon.colcon_core.environment:checking '/home/tpi5/391_Project_pi/391_ws/install/servo_switch180_controller/bin'
[8.929s] Level 1:colcon.colcon_core.environment:create_environment_scripts_only(servo_switch180_controller)
[8.929s] INFO:colcon.colcon_core.shell:Creating package script '/home/tpi5/391_Project_pi/391_ws/install/servo_switch180_controller/share/servo_switch180_controller/package.ps1'
[8.930s] INFO:colcon.colcon_core.shell:Creating package descriptor '/home/tpi5/391_Project_pi/391_ws/install/servo_switch180_controller/share/servo_switch180_controller/package.dsv'
[8.933s] INFO:colcon.colcon_core.shell:Creating package script '/home/tpi5/391_Project_pi/391_ws/install/servo_switch180_controller/share/servo_switch180_controller/package.sh'
[8.934s] INFO:colcon.colcon_core.shell:Creating package script '/home/tpi5/391_Project_pi/391_ws/install/servo_switch180_controller/share/servo_switch180_controller/package.bash'
[8.935s] INFO:colcon.colcon_core.shell:Creating package script '/home/tpi5/391_Project_pi/391_ws/install/servo_switch180_controller/share/servo_switch180_controller/package.zsh'
[8.937s] Level 1:colcon.colcon_core.environment:create_file_with_runtime_dependencies(/home/tpi5/391_Project_pi/391_ws/install/servo_switch180_controller/share/colcon-core/packages/servo_switch180_controller)
[9.711s] DEBUG:colcon.colcon_core.event_handler.log_command:Invoking command in '/home/tpi5/391_Project_pi/391_ws/src/tao_controller': PYTHONPATH=/home/tpi5/391_Project_pi/391_ws/build/tao_controller/prefix_override:/usr/lib/python3/dist-packages/colcon_core/task/python/colcon_distutils_commands:/home/tpi5/391_Project_pi/391_ws/install/tao_controller/lib/python3.12/site-packages:${PYTHONPATH} /usr/bin/python3 -W ignore:setup.py install is deprecated -W ignore:easy_install command is deprecated setup.py egg_info --egg-base ../../build/tao_controller build --build-base /home/tpi5/391_Project_pi/391_ws/build/tao_controller/build install --record /home/tpi5/391_Project_pi/391_ws/build/tao_controller/install.log --single-version-externally-managed install_data
[10.484s] Level 1:colcon.colcon_core.environment:checking '/home/tpi5/391_Project_pi/391_ws/install/tao_controller' for CMake module files
[10.485s] DEBUG:colcon.colcon_core.event_handler.log_command:Invoked command in '/home/tpi5/391_Project_pi/391_ws/src/tao_controller' returned '0': PYTHONPATH=/home/tpi5/391_Project_pi/391_ws/build/tao_controller/prefix_override:/usr/lib/python3/dist-packages/colcon_core/task/python/colcon_distutils_commands:/home/tpi5/391_Project_pi/391_ws/install/tao_controller/lib/python3.12/site-packages:${PYTHONPATH} /usr/bin/python3 -W ignore:setup.py install is deprecated -W ignore:easy_install command is deprecated setup.py egg_info --egg-base ../../build/tao_controller build --build-base /home/tpi5/391_Project_pi/391_ws/build/tao_controller/build install --record /home/tpi5/391_Project_pi/391_ws/build/tao_controller/install.log --single-version-externally-managed install_data
[10.486s] Level 1:colcon.colcon_core.environment:checking '/home/tpi5/391_Project_pi/391_ws/install/tao_controller' for CMake config files
[10.486s] Level 1:colcon.colcon_core.environment:checking '/home/tpi5/391_Project_pi/391_ws/install/tao_controller/lib'
[10.487s] Level 1:colcon.colcon_core.environment:checking '/home/tpi5/391_Project_pi/391_ws/install/tao_controller/bin'
[10.487s] Level 1:colcon.colcon_core.environment:checking '/home/tpi5/391_Project_pi/391_ws/install/tao_controller/lib/pkgconfig/tao_controller.pc'
[10.487s] Level 1:colcon.colcon_core.environment:checking '/home/tpi5/391_Project_pi/391_ws/install/tao_controller/lib/python3.12/site-packages'
[10.487s] Level 1:colcon.colcon_core.shell:create_environment_hook('tao_controller', 'pythonpath')
[10.488s] INFO:colcon.colcon_core.shell:Creating environment hook '/home/tpi5/391_Project_pi/391_ws/install/tao_controller/share/tao_controller/hook/pythonpath.ps1'
[10.488s] INFO:colcon.colcon_core.shell:Creating environment descriptor '/home/tpi5/391_Project_pi/391_ws/install/tao_controller/share/tao_controller/hook/pythonpath.dsv'
[10.489s] INFO:colcon.colcon_core.shell:Creating environment hook '/home/tpi5/391_Project_pi/391_ws/install/tao_controller/share/tao_controller/hook/pythonpath.sh'
[10.490s] Level 1:colcon.colcon_core.environment:checking '/home/tpi5/391_Project_pi/391_ws/install/tao_controller/bin'
[10.490s] Level 1:colcon.colcon_core.environment:create_environment_scripts_only(tao_controller)
[10.491s] INFO:colcon.colcon_core.shell:Creating package script '/home/tpi5/391_Project_pi/391_ws/install/tao_controller/share/tao_controller/package.ps1'
[10.492s] INFO:colcon.colcon_core.shell:Creating package descriptor '/home/tpi5/391_Project_pi/391_ws/install/tao_controller/share/tao_controller/package.dsv'
[10.492s] INFO:colcon.colcon_core.shell:Creating package script '/home/tpi5/391_Project_pi/391_ws/install/tao_controller/share/tao_controller/package.sh'
[10.493s] INFO:colcon.colcon_core.shell:Creating package script '/home/tpi5/391_Project_pi/391_ws/install/tao_controller/share/tao_controller/package.bash'
[10.494s] INFO:colcon.colcon_core.shell:Creating package script '/home/tpi5/391_Project_pi/391_ws/install/tao_controller/share/tao_controller/package.zsh'
[10.495s] Level 1:colcon.colcon_core.environment:create_file_with_runtime_dependencies(/home/tpi5/391_Project_pi/391_ws/install/tao_controller/share/colcon-core/packages/tao_controller)
[10.495s] INFO:colcon.colcon_ros.task.ament_python.build:Building ROS package in '/home/tpi5/391_Project_pi/391_ws/src/robot_bringup' with build type 'ament_python'
[10.495s] Level 1:colcon.colcon_core.shell:create_environment_hook('robot_bringup', 'ament_prefix_path')
[10.496s] INFO:colcon.colcon_core.shell:Creating environment hook '/home/tpi5/391_Project_pi/391_ws/install/robot_bringup/share/robot_bringup/hook/ament_prefix_path.ps1'
[10.497s] INFO:colcon.colcon_core.shell:Creating environment descriptor '/home/tpi5/391_Project_pi/391_ws/install/robot_bringup/share/robot_bringup/hook/ament_prefix_path.dsv'
[10.498s] INFO:colcon.colcon_core.shell:Creating environment hook '/home/tpi5/391_Project_pi/391_ws/install/robot_bringup/share/robot_bringup/hook/ament_prefix_path.sh'
[10.499s] INFO:colcon.colcon_core.shell:Skip shell extension 'powershell' for command environment: Not usable outside of PowerShell
[10.499s] DEBUG:colcon.colcon_core.shell:Skip shell extension 'dsv' for command environment
[10.865s] INFO:colcon.colcon_core.task.python.build:Building Python package in '/home/tpi5/391_Project_pi/391_ws/src/robot_bringup'
[10.866s] INFO:colcon.colcon_core.shell:Skip shell extension 'powershell' for command environment: Not usable outside of PowerShell
[10.866s] DEBUG:colcon.colcon_core.shell:Skip shell extension 'dsv' for command environment
[11.739s] DEBUG:colcon.colcon_core.event_handler.log_command:Invoking command in '/home/tpi5/391_Project_pi/391_ws/src/robot_bringup': AMENT_PREFIX_PATH=/home/tpi5/391_Project_pi/391_ws/install/tao_controller:/home/tpi5/391_Project_pi/391_ws/install/servo_switch180_controller:/home/tpi5/391_Project_pi/391_ws/install/servo_dril_controller:/home/tpi5/391_Project_pi/391_ws/install/linear_controller:/home/tpi5/391_Project_pi/391_ws/install/joystick_controller:/home/tpi5/391_Project_pi/391_ws/install/gripper_controller:/home/tpi5/391_Project_pi/391_ws/install/dual_cam_mjpeg_server:/home/tpi5/391_Project_pi/391_ws/install/drive_controller:/home/tpi5/391_Project_pi/391_ws/install/dril_controller:/home/tpi5/391_Project_pi/391_ws/install/robot_bringup:/home/tpi5/391_Project_pi/install/tao_controller:/home/tpi5/391_Project_pi/install/servo_switch180_controller:/home/tpi5/391_Project_pi/install/servo_dril_controller:/home/tpi5/391_Project_pi/install/servo_controller:/home/tpi5/391_Project_pi/install/linear_controller:/home/tpi5/391_Project_pi/install/joystick_controller:/home/tpi5/391_Project_pi/install/gripper_controller:/home/tpi5/391_Project_pi/install/dual_cam_mjpeg_server:/home/tpi5/391_Project_pi/install/drive_controller:/home/tpi5/391_Project_pi/install/dril_controller:/home/tpi5/391_Project/391_ws/install/joystick_controller:/home/tpi5/391_Project/391_ws/install/drive_controller:/home/tpi5/uros_ws/install/micro_ros_setup:/home/tpi5/uros_ws/install/micro_ros_agent:/home/tpi5/uros_ws/install/micro_ros_msgs:/opt/ros/jazzy PYTHONPATH=/home/tpi5/391_Project_pi/391_ws/build/robot_bringup/prefix_override:/usr/lib/python3/dist-packages/colcon_core/task/python/colcon_distutils_commands:/home/tpi5/391_Project_pi/391_ws/install/robot_bringup/lib/python3.12/site-packages:/home/tpi5/391_Project_pi/391_ws/install/tao_controller/lib/python3.12/site-packages:/home/tpi5/391_Project_pi/391_ws/install/servo_switch180_controller/lib/python3.12/site-packages:/home/tpi5/391_Project_pi/391_ws/install/servo_dril_controller/lib/python3.12/site-packages:/home/tpi5/391_Project_pi/391_ws/install/linear_controller/lib/python3.12/site-packages:/home/tpi5/391_Project_pi/391_ws/install/joystick_controller/lib/python3.12/site-packages:/home/tpi5/391_Project_pi/391_ws/install/gripper_controller/lib/python3.12/site-packages:/home/tpi5/391_Project_pi/391_ws/install/dual_cam_mjpeg_server/lib/python3.12/site-packages:/home/tpi5/391_Project_pi/391_ws/install/drive_controller/lib/python3.12/site-packages:/home/tpi5/391_Project_pi/391_ws/install/dril_controller/lib/python3.12/site-packages:/home/tpi5/391_Project_pi/391_ws/install/robot_bringup/lib/python3.12/site-packages:/home/tpi5/391_Project_pi/install/tao_controller/lib/python3.12/site-packages:/home/tpi5/391_Project_pi/install/servo_switch180_controller/lib/python3.12/site-packages:/home/tpi5/391_Project_pi/install/servo_dril_controller/lib/python3.12/site-packages:/home/tpi5/391_Project_pi/install/servo_controller/lib/python3.12/site-packages:/home/tpi5/391_Project_pi/install/linear_controller/lib/python3.12/site-packages:/home/tpi5/391_Project_pi/install/joystick_controller/lib/python3.12/site-packages:/home/tpi5/391_Project_pi/install/gripper_controller/lib/python3.12/site-packages:/home/tpi5/391_Project_pi/install/dual_cam_mjpeg_server/lib/python3.12/site-packages:/home/tpi5/391_Project_pi/install/drive_controller/lib/python3.12/site-packages:/home/tpi5/391_Project_pi/install/dril_controller/lib/python3.12/site-packages:/home/tpi5/391_Project/391_ws/install/joystick_controller/lib/python3.12/site-packages:/home/tpi5/391_Project/391_ws/install/drive_controller/lib/python3.12/site-packages:/home/tpi5/uros_ws/install/micro_ros_msgs/lib/python3.12/site-packages:/opt/ros/jazzy/lib/python3.12/site-packages /usr/bin/python3 -W ignore:setup.py install is deprecated -W ignore:easy_install command is deprecated setup.py egg_info --egg-base ../../build/robot_bringup build --build-base /home/tpi5/391_Project_pi/391_ws/build/robot_bringup/build install --record /home/tpi5/391_Project_pi/391_ws/build/robot_bringup/install.log --single-version-externally-managed install_data
[12.488s] Level 1:colcon.colcon_core.environment:checking '/home/tpi5/391_Project_pi/391_ws/install/robot_bringup' for CMake module files
[12.489s] DEBUG:colcon.colcon_core.event_handler.log_command:Invoked command in '/home/tpi5/391_Project_pi/391_ws/src/robot_bringup' returned '0': AMENT_PREFIX_PATH=/home/tpi5/391_Project_pi/391_ws/install/tao_controller:/home/tpi5/391_Project_pi/391_ws/install/servo_switch180_controller:/home/tpi5/391_Project_pi/391_ws/install/servo_dril_controller:/home/tpi5/391_Project_pi/391_ws/install/linear_controller:/home/tpi5/391_Project_pi/391_ws/install/joystick_controller:/home/tpi5/391_Project_pi/391_ws/install/gripper_controller:/home/tpi5/391_Project_pi/391_ws/install/dual_cam_mjpeg_server:/home/tpi5/391_Project_pi/391_ws/install/drive_controller:/home/tpi5/391_Project_pi/391_ws/install/dril_controller:/home/tpi5/391_Project_pi/391_ws/install/robot_bringup:/home/tpi5/391_Project_pi/install/tao_controller:/home/tpi5/391_Project_pi/install/servo_switch180_controller:/home/tpi5/391_Project_pi/install/servo_dril_controller:/home/tpi5/391_Project_pi/install/servo_controller:/home/tpi5/391_Project_pi/install/linear_controller:/home/tpi5/391_Project_pi/install/joystick_controller:/home/tpi5/391_Project_pi/install/gripper_controller:/home/tpi5/391_Project_pi/install/dual_cam_mjpeg_server:/home/tpi5/391_Project_pi/install/drive_controller:/home/tpi5/391_Project_pi/install/dril_controller:/home/tpi5/391_Project/391_ws/install/joystick_controller:/home/tpi5/391_Project/391_ws/install/drive_controller:/home/tpi5/uros_ws/install/micro_ros_setup:/home/tpi5/uros_ws/install/micro_ros_agent:/home/tpi5/uros_ws/install/micro_ros_msgs:/opt/ros/jazzy PYTHONPATH=/home/tpi5/391_Project_pi/391_ws/build/robot_bringup/prefix_override:/usr/lib/python3/dist-packages/colcon_core/task/python/colcon_distutils_commands:/home/tpi5/391_Project_pi/391_ws/install/robot_bringup/lib/python3.12/site-packages:/home/tpi5/391_Project_pi/391_ws/install/tao_controller/lib/python3.12/site-packages:/home/tpi5/391_Project_pi/391_ws/install/servo_switch180_controller/lib/python3.12/site-packages:/home/tpi5/391_Project_pi/391_ws/install/servo_dril_controller/lib/python3.12/site-packages:/home/tpi5/391_Project_pi/391_ws/install/linear_controller/lib/python3.12/site-packages:/home/tpi5/391_Project_pi/391_ws/install/joystick_controller/lib/python3.12/site-packages:/home/tpi5/391_Project_pi/391_ws/install/gripper_controller/lib/python3.12/site-packages:/home/tpi5/391_Project_pi/391_ws/install/dual_cam_mjpeg_server/lib/python3.12/site-packages:/home/tpi5/391_Project_pi/391_ws/install/drive_controller/lib/python3.12/site-packages:/home/tpi5/391_Project_pi/391_ws/install/dril_controller/lib/python3.12/site-packages:/home/tpi5/391_Project_pi/391_ws/install/robot_bringup/lib/python3.12/site-packages:/home/tpi5/391_Project_pi/install/tao_controller/lib/python3.12/site-packages:/home/tpi5/391_Project_pi/install/servo_switch180_controller/lib/python3.12/site-packages:/home/tpi5/391_Project_pi/install/servo_dril_controller/lib/python3.12/site-packages:/home/tpi5/391_Project_pi/install/servo_controller/lib/python3.12/site-packages:/home/tpi5/391_Project_pi/install/linear_controller/lib/python3.12/site-packages:/home/tpi5/391_Project_pi/install/joystick_controller/lib/python3.12/site-packages:/home/tpi5/391_Project_pi/install/gripper_controller/lib/python3.12/site-packages:/home/tpi5/391_Project_pi/install/dual_cam_mjpeg_server/lib/python3.12/site-packages:/home/tpi5/391_Project_pi/install/drive_controller/lib/python3.12/site-packages:/home/tpi5/391_Project_pi/install/dril_controller/lib/python3.12/site-packages:/home/tpi5/391_Project/391_ws/install/joystick_controller/lib/python3.12/site-packages:/home/tpi5/391_Project/391_ws/install/drive_controller/lib/python3.12/site-packages:/home/tpi5/uros_ws/install/micro_ros_msgs/lib/python3.12/site-packages:/opt/ros/jazzy/lib/python3.12/site-packages /usr/bin/python3 -W ignore:setup.py install is deprecated -W ignore:easy_install command is deprecated setup.py egg_info --egg-base ../../build/robot_bringup build --build-base /home/tpi5/391_Project_pi/391_ws/build/robot_bringup/build install --record /home/tpi5/391_Project_pi/391_ws/build/robot_bringup/install.log --single-version-externally-managed install_data
[12.489s] Level 1:colcon.colcon_core.environment:checking '/home/tpi5/391_Project_pi/391_ws/install/robot_bringup' for CMake config files
[12.490s] Level 1:colcon.colcon_core.environment:checking '/home/tpi5/391_Project_pi/391_ws/install/robot_bringup/lib'
[12.490s] Level 1:colcon.colcon_core.environment:checking '/home/tpi5/391_Project_pi/391_ws/install/robot_bringup/bin'
[12.490s] Level 1:colcon.colcon_core.environment:checking '/home/tpi5/391_Project_pi/391_ws/install/robot_bringup/lib/pkgconfig/robot_bringup.pc'
[12.491s] Level 1:colcon.colcon_core.environment:checking '/home/tpi5/391_Project_pi/391_ws/install/robot_bringup/lib/python3.12/site-packages'
[12.491s] Level 1:colcon.colcon_core.shell:create_environment_hook('robot_bringup', 'pythonpath')
[12.491s] INFO:colcon.colcon_core.shell:Creating environment hook '/home/tpi5/391_Project_pi/391_ws/install/robot_bringup/share/robot_bringup/hook/pythonpath.ps1'
[12.492s] INFO:colcon.colcon_core.shell:Creating environment descriptor '/home/tpi5/391_Project_pi/391_ws/install/robot_bringup/share/robot_bringup/hook/pythonpath.dsv'
[12.493s] INFO:colcon.colcon_core.shell:Creating environment hook '/home/tpi5/391_Project_pi/391_ws/install/robot_bringup/share/robot_bringup/hook/pythonpath.sh'
[12.494s] Level 1:colcon.colcon_core.environment:checking '/home/tpi5/391_Project_pi/391_ws/install/robot_bringup/bin'
[12.494s] Level 1:colcon.colcon_core.environment:create_environment_scripts_only(robot_bringup)
[12.494s] INFO:colcon.colcon_core.shell:Creating package script '/home/tpi5/391_Project_pi/391_ws/install/robot_bringup/share/robot_bringup/package.ps1'
[12.495s] INFO:colcon.colcon_core.shell:Creating package descriptor '/home/tpi5/391_Project_pi/391_ws/install/robot_bringup/share/robot_bringup/package.dsv'
[12.496s] INFO:colcon.colcon_core.shell:Creating package script '/home/tpi5/391_Project_pi/391_ws/install/robot_bringup/share/robot_bringup/package.sh'
[12.497s] INFO:colcon.colcon_core.shell:Creating package script '/home/tpi5/391_Project_pi/391_ws/install/robot_bringup/share/robot_bringup/package.bash'
[12.497s] INFO:colcon.colcon_core.shell:Creating package script '/home/tpi5/391_Project_pi/391_ws/install/robot_bringup/share/robot_bringup/package.zsh'
[12.498s] Level 1:colcon.colcon_core.environment:create_file_with_runtime_dependencies(/home/tpi5/391_Project_pi/391_ws/install/robot_bringup/share/colcon-core/packages/robot_bringup)
[12.499s] DEBUG:colcon.colcon_parallel_executor.executor.parallel:closing loop
[12.500s] DEBUG:colcon.colcon_parallel_executor.executor.parallel:loop closed
[12.500s] DEBUG:colcon.colcon_parallel_executor.executor.parallel:run_until_complete finished with '0'
[12.500s] DEBUG:colcon.colcon_core.event_reactor:joining thread
[12.512s] INFO:colcon.colcon_core.plugin_system:Skipping extension 'colcon_notification.desktop_notification.notify_send': Could not find 'notify-send'
[12.513s] INFO:colcon.colcon_core.plugin_system:Skipping extension 'colcon_notification.desktop_notification.terminal_notifier': Not used on non-Darwin systems
[12.513s] INFO:colcon.colcon_core.plugin_system:Skipping extension 'colcon_notification.desktop_notification.win32': Not used on non-Windows systems
[12.513s] INFO:colcon.colcon_notification.desktop_notification:Sending desktop notification using 'notify2'
[12.514s] DEBUG:colcon.colcon_notification.desktop_notification.notify2:Failed to initialize notify2: org.freedesktop.DBus.Error.ServiceUnknown: The name org.freedesktop.Notifications was not provided by any .service files
[12.514s] DEBUG:colcon.colcon_core.event_reactor:joined thread
[12.515s] INFO:colcon.colcon_core.shell:Creating prefix script '/home/tpi5/391_Project_pi/391_ws/install/local_setup.ps1'
[12.516s] INFO:colcon.colcon_core.shell:Creating prefix util module '/home/tpi5/391_Project_pi/391_ws/install/_local_setup_util_ps1.py'
[12.519s] INFO:colcon.colcon_core.shell:Creating prefix chain script '/home/tpi5/391_Project_pi/391_ws/install/setup.ps1'
[12.522s] INFO:colcon.colcon_core.shell:Creating prefix script '/home/tpi5/391_Project_pi/391_ws/install/local_setup.sh'
[12.524s] INFO:colcon.colcon_core.shell:Creating prefix util module '/home/tpi5/391_Project_pi/391_ws/install/_local_setup_util_sh.py'
[12.525s] INFO:colcon.colcon_core.shell:Creating prefix chain script '/home/tpi5/391_Project_pi/391_ws/install/setup.sh'
[12.528s] INFO:colcon.colcon_core.shell:Creating prefix script '/home/tpi5/391_Project_pi/391_ws/install/local_setup.bash'
[12.532s] INFO:colcon.colcon_core.shell:Creating prefix chain script '/home/tpi5/391_Project_pi/391_ws/install/setup.bash'
[12.535s] INFO:colcon.colcon_core.shell:Creating prefix script '/home/tpi5/391_Project_pi/391_ws/install/local_setup.zsh'
[12.537s] INFO:colcon.colcon_core.shell:Creating prefix chain script '/home/tpi5/391_Project_pi/391_ws/install/setup.zsh'
