[0.416s] DEBUG:colcon:Command line arguments: ['/usr/bin/colcon', 'build']
[0.417s] DEBUG:colcon:Parsed command line arguments: Namespace(log_base=None, log_level=None, verb_name='build', build_base='build', install_base='install', merge_install=False, symlink_install=False, test_result_base=None, continue_on_error=False, executor='parallel', parallel_workers=4, event_handlers=None, ignore_user_meta=False, metas=['./colcon.meta'], base_paths=['.'], packages_ignore=None, packages_ignore_regex=None, paths=None, packages_up_to=None, packages_up_to_regex=None, packages_above=None, packages_above_and_dependencies=None, packages_above_depth=None, packages_select_by_dep=None, packages_skip_by_dep=None, packages_skip_up_to=None, packages_select_build_failed=False, packages_skip_build_finished=False, packages_select_test_failures=False, packages_skip_test_passed=False, packages_select=None, packages_skip=None, packages_select_regex=None, packages_skip_regex=None, packages_start=None, packages_end=None, allow_overriding=[], cmake_args=None, cmake_target=None, cmake_target_skip_unavailable=False, cmake_clean_cache=False, cmake_clean_first=False, cmake_force_configure=False, ament_cmake_args=None, catkin_cmake_args=None, catkin_skip_building_tests=False, mixin_files=None, mixin=None, verb_parser=<colcon_mixin.mixin.mixin_argument.MixinArgumentDecorator object at 0xffffb7ebdee0>, verb_extension=<colcon_core.verb.build.BuildVerb object at 0xffffb807a3f0>, main=<bound method BuildVerb.main of <colcon_core.verb.build.BuildVerb object at 0xffffb807a3f0>>, mixin_verb=('build',))
[0.539s] Level 1:colcon.colcon_core.package_discovery:discover_packages(colcon_meta) check parameters
[0.539s] Level 1:colcon.colcon_core.package_discovery:discover_packages(recursive) check parameters
[0.539s] Level 1:colcon.colcon_core.package_discovery:discover_packages(ignore) check parameters
[0.539s] Level 1:colcon.colcon_core.package_discovery:discover_packages(path) check parameters
[0.539s] Level 1:colcon.colcon_core.package_discovery:discover_packages(colcon_meta) discover
[0.539s] Level 1:colcon.colcon_core.package_discovery:discover_packages(recursive) discover
[0.539s] INFO:colcon.colcon_core.package_discovery:Crawling recursively for packages in '/home/tpi5/391_Project_pi/391_ws'
[0.539s] Level 1:colcon.colcon_core.package_identification:_identify(.) by extensions ['ignore', 'ignore_ament_install']
[0.539s] Level 1:colcon.colcon_core.package_identification:_identify(.) by extension 'ignore'
[0.539s] Level 1:colcon.colcon_core.package_identification:_identify(.) by extension 'ignore_ament_install'
[0.540s] Level 1:colcon.colcon_core.package_identification:_identify(.) by extensions ['colcon_pkg']
[0.540s] Level 1:colcon.colcon_core.package_identification:_identify(.) by extension 'colcon_pkg'
[0.540s] Level 1:colcon.colcon_core.package_identification:_identify(.) by extensions ['colcon_meta']
[0.540s] Level 1:colcon.colcon_core.package_identification:_identify(.) by extension 'colcon_meta'
[0.540s] Level 1:colcon.colcon_core.package_identification:_identify(.) by extensions ['ros']
[0.540s] Level 1:colcon.colcon_core.package_identification:_identify(.) by extension 'ros'
[0.595s] Level 1:colcon.colcon_core.package_identification:_identify(.) by extensions ['cmake', 'python']
[0.595s] Level 1:colcon.colcon_core.package_identification:_identify(.) by extension 'cmake'
[0.595s] Level 1:colcon.colcon_core.package_identification:_identify(.) by extension 'python'
[0.595s] Level 1:colcon.colcon_core.package_identification:_identify(.) by extensions ['python_setup_py']
[0.595s] Level 1:colcon.colcon_core.package_identification:_identify(.) by extension 'python_setup_py'
[0.596s] Level 1:colcon.colcon_core.package_identification:_identify(build) by extensions ['ignore', 'ignore_ament_install']
[0.596s] Level 1:colcon.colcon_core.package_identification:_identify(build) by extension 'ignore'
[0.596s] Level 1:colcon.colcon_core.package_identification:_identify(build) ignored
[0.596s] Level 1:colcon.colcon_core.package_identification:_identify(install) by extensions ['ignore', 'ignore_ament_install']
[0.596s] Level 1:colcon.colcon_core.package_identification:_identify(install) by extension 'ignore'
[0.596s] Level 1:colcon.colcon_core.package_identification:_identify(install) ignored
[0.596s] Level 1:colcon.colcon_core.package_identification:_identify(log) by extensions ['ignore', 'ignore_ament_install']
[0.596s] Level 1:colcon.colcon_core.package_identification:_identify(log) by extension 'ignore'
[0.597s] Level 1:colcon.colcon_core.package_identification:_identify(log) ignored
[0.597s] Level 1:colcon.colcon_core.package_identification:_identify(src) by extensions ['ignore', 'ignore_ament_install']
[0.597s] Level 1:colcon.colcon_core.package_identification:_identify(src) by extension 'ignore'
[0.597s] Level 1:colcon.colcon_core.package_identification:_identify(src) by extension 'ignore_ament_install'
[0.597s] Level 1:colcon.colcon_core.package_identification:_identify(src) by extensions ['colcon_pkg']
[0.597s] Level 1:colcon.colcon_core.package_identification:_identify(src) by extension 'colcon_pkg'
[0.597s] Level 1:colcon.colcon_core.package_identification:_identify(src) by extensions ['colcon_meta']
[0.597s] Level 1:colcon.colcon_core.package_identification:_identify(src) by extension 'colcon_meta'
[0.597s] Level 1:colcon.colcon_core.package_identification:_identify(src) by extensions ['ros']
[0.597s] Level 1:colcon.colcon_core.package_identification:_identify(src) by extension 'ros'
[0.597s] Level 1:colcon.colcon_core.package_identification:_identify(src) by extensions ['cmake', 'python']
[0.597s] Level 1:colcon.colcon_core.package_identification:_identify(src) by extension 'cmake'
[0.597s] Level 1:colcon.colcon_core.package_identification:_identify(src) by extension 'python'
[0.597s] Level 1:colcon.colcon_core.package_identification:_identify(src) by extensions ['python_setup_py']
[0.597s] Level 1:colcon.colcon_core.package_identification:_identify(src) by extension 'python_setup_py'
[0.597s] Level 1:colcon.colcon_core.package_identification:_identify(src/build) by extensions ['ignore', 'ignore_ament_install']
[0.598s] Level 1:colcon.colcon_core.package_identification:_identify(src/build) by extension 'ignore'
[0.598s] Level 1:colcon.colcon_core.package_identification:_identify(src/build) ignored
[0.598s] Level 1:colcon.colcon_core.package_identification:_identify(src/dril_controller) by extensions ['ignore', 'ignore_ament_install']
[0.598s] Level 1:colcon.colcon_core.package_identification:_identify(src/dril_controller) by extension 'ignore'
[0.598s] Level 1:colcon.colcon_core.package_identification:_identify(src/dril_controller) by extension 'ignore_ament_install'
[0.598s] Level 1:colcon.colcon_core.package_identification:_identify(src/dril_controller) by extensions ['colcon_pkg']
[0.598s] Level 1:colcon.colcon_core.package_identification:_identify(src/dril_controller) by extension 'colcon_pkg'
[0.598s] Level 1:colcon.colcon_core.package_identification:_identify(src/dril_controller) by extensions ['colcon_meta']
[0.598s] Level 1:colcon.colcon_core.package_identification:_identify(src/dril_controller) by extension 'colcon_meta'
[0.598s] Level 1:colcon.colcon_core.package_identification:_identify(src/dril_controller) by extensions ['ros']
[0.598s] Level 1:colcon.colcon_core.package_identification:_identify(src/dril_controller) by extension 'ros'
[0.604s] DEBUG:colcon.colcon_core.package_identification:Package 'src/dril_controller' with type 'ros.ament_python' and name 'dril_controller'
[0.604s] Level 1:colcon.colcon_core.package_identification:_identify(src/drive_controller) by extensions ['ignore', 'ignore_ament_install']
[0.604s] Level 1:colcon.colcon_core.package_identification:_identify(src/drive_controller) by extension 'ignore'
[0.604s] Level 1:colcon.colcon_core.package_identification:_identify(src/drive_controller) by extension 'ignore_ament_install'
[0.604s] Level 1:colcon.colcon_core.package_identification:_identify(src/drive_controller) by extensions ['colcon_pkg']
[0.604s] Level 1:colcon.colcon_core.package_identification:_identify(src/drive_controller) by extension 'colcon_pkg'
[0.604s] Level 1:colcon.colcon_core.package_identification:_identify(src/drive_controller) by extensions ['colcon_meta']
[0.604s] Level 1:colcon.colcon_core.package_identification:_identify(src/drive_controller) by extension 'colcon_meta'
[0.604s] Level 1:colcon.colcon_core.package_identification:_identify(src/drive_controller) by extensions ['ros']
[0.604s] Level 1:colcon.colcon_core.package_identification:_identify(src/drive_controller) by extension 'ros'
[0.605s] DEBUG:colcon.colcon_core.package_identification:Package 'src/drive_controller' with type 'ros.ament_python' and name 'drive_controller'
[0.606s] Level 1:colcon.colcon_core.package_identification:_identify(src/dual_cam_mjpeg_server) by extensions ['ignore', 'ignore_ament_install']
[0.606s] Level 1:colcon.colcon_core.package_identification:_identify(src/dual_cam_mjpeg_server) by extension 'ignore'
[0.606s] Level 1:colcon.colcon_core.package_identification:_identify(src/dual_cam_mjpeg_server) by extension 'ignore_ament_install'
[0.606s] Level 1:colcon.colcon_core.package_identification:_identify(src/dual_cam_mjpeg_server) by extensions ['colcon_pkg']
[0.606s] Level 1:colcon.colcon_core.package_identification:_identify(src/dual_cam_mjpeg_server) by extension 'colcon_pkg'
[0.606s] Level 1:colcon.colcon_core.package_identification:_identify(src/dual_cam_mjpeg_server) by extensions ['colcon_meta']
[0.606s] Level 1:colcon.colcon_core.package_identification:_identify(src/dual_cam_mjpeg_server) by extension 'colcon_meta'
[0.606s] Level 1:colcon.colcon_core.package_identification:_identify(src/dual_cam_mjpeg_server) by extensions ['ros']
[0.606s] Level 1:colcon.colcon_core.package_identification:_identify(src/dual_cam_mjpeg_server) by extension 'ros'
[0.607s] DEBUG:colcon.colcon_core.package_identification:Package 'src/dual_cam_mjpeg_server' with type 'ros.ament_python' and name 'dual_cam_mjpeg_server'
[0.607s] Level 1:colcon.colcon_core.package_identification:_identify(src/gripper_controller) by extensions ['ignore', 'ignore_ament_install']
[0.607s] Level 1:colcon.colcon_core.package_identification:_identify(src/gripper_controller) by extension 'ignore'
[0.607s] Level 1:colcon.colcon_core.package_identification:_identify(src/gripper_controller) by extension 'ignore_ament_install'
[0.607s] Level 1:colcon.colcon_core.package_identification:_identify(src/gripper_controller) by extensions ['colcon_pkg']
[0.607s] Level 1:colcon.colcon_core.package_identification:_identify(src/gripper_controller) by extension 'colcon_pkg'
[0.608s] Level 1:colcon.colcon_core.package_identification:_identify(src/gripper_controller) by extensions ['colcon_meta']
[0.608s] Level 1:colcon.colcon_core.package_identification:_identify(src/gripper_controller) by extension 'colcon_meta'
[0.608s] Level 1:colcon.colcon_core.package_identification:_identify(src/gripper_controller) by extensions ['ros']
[0.608s] Level 1:colcon.colcon_core.package_identification:_identify(src/gripper_controller) by extension 'ros'
[0.609s] DEBUG:colcon.colcon_core.package_identification:Package 'src/gripper_controller' with type 'ros.ament_python' and name 'gripper_controller'
[0.609s] Level 1:colcon.colcon_core.package_identification:_identify(src/install) by extensions ['ignore', 'ignore_ament_install']
[0.609s] Level 1:colcon.colcon_core.package_identification:_identify(src/install) by extension 'ignore'
[0.609s] Level 1:colcon.colcon_core.package_identification:_identify(src/install) ignored
[0.609s] Level 1:colcon.colcon_core.package_identification:_identify(src/joystick_controller) by extensions ['ignore', 'ignore_ament_install']
[0.609s] Level 1:colcon.colcon_core.package_identification:_identify(src/joystick_controller) by extension 'ignore'
[0.609s] Level 1:colcon.colcon_core.package_identification:_identify(src/joystick_controller) by extension 'ignore_ament_install'
[0.610s] Level 1:colcon.colcon_core.package_identification:_identify(src/joystick_controller) by extensions ['colcon_pkg']
[0.610s] Level 1:colcon.colcon_core.package_identification:_identify(src/joystick_controller) by extension 'colcon_pkg'
[0.610s] Level 1:colcon.colcon_core.package_identification:_identify(src/joystick_controller) by extensions ['colcon_meta']
[0.610s] Level 1:colcon.colcon_core.package_identification:_identify(src/joystick_controller) by extension 'colcon_meta'
[0.610s] Level 1:colcon.colcon_core.package_identification:_identify(src/joystick_controller) by extensions ['ros']
[0.610s] Level 1:colcon.colcon_core.package_identification:_identify(src/joystick_controller) by extension 'ros'
[0.611s] DEBUG:colcon.colcon_core.package_identification:Package 'src/joystick_controller' with type 'ros.ament_python' and name 'joystick_controller'
[0.611s] Level 1:colcon.colcon_core.package_identification:_identify(src/linear_controller) by extensions ['ignore', 'ignore_ament_install']
[0.611s] Level 1:colcon.colcon_core.package_identification:_identify(src/linear_controller) by extension 'ignore'
[0.611s] Level 1:colcon.colcon_core.package_identification:_identify(src/linear_controller) by extension 'ignore_ament_install'
[0.611s] Level 1:colcon.colcon_core.package_identification:_identify(src/linear_controller) by extensions ['colcon_pkg']
[0.612s] Level 1:colcon.colcon_core.package_identification:_identify(src/linear_controller) by extension 'colcon_pkg'
[0.612s] Level 1:colcon.colcon_core.package_identification:_identify(src/linear_controller) by extensions ['colcon_meta']
[0.612s] Level 1:colcon.colcon_core.package_identification:_identify(src/linear_controller) by extension 'colcon_meta'
[0.612s] Level 1:colcon.colcon_core.package_identification:_identify(src/linear_controller) by extensions ['ros']
[0.612s] Level 1:colcon.colcon_core.package_identification:_identify(src/linear_controller) by extension 'ros'
[0.613s] DEBUG:colcon.colcon_core.package_identification:Package 'src/linear_controller' with type 'ros.ament_python' and name 'linear_controller'
[0.613s] Level 1:colcon.colcon_core.package_identification:_identify(src/log) by extensions ['ignore', 'ignore_ament_install']
[0.613s] Level 1:colcon.colcon_core.package_identification:_identify(src/log) by extension 'ignore'
[0.613s] Level 1:colcon.colcon_core.package_identification:_identify(src/log) ignored
[0.613s] Level 1:colcon.colcon_core.package_identification:_identify(src/robot_bringup) by extensions ['ignore', 'ignore_ament_install']
[0.613s] Level 1:colcon.colcon_core.package_identification:_identify(src/robot_bringup) by extension 'ignore'
[0.613s] Level 1:colcon.colcon_core.package_identification:_identify(src/robot_bringup) by extension 'ignore_ament_install'
[0.613s] Level 1:colcon.colcon_core.package_identification:_identify(src/robot_bringup) by extensions ['colcon_pkg']
[0.613s] Level 1:colcon.colcon_core.package_identification:_identify(src/robot_bringup) by extension 'colcon_pkg'
[0.614s] Level 1:colcon.colcon_core.package_identification:_identify(src/robot_bringup) by extensions ['colcon_meta']
[0.614s] Level 1:colcon.colcon_core.package_identification:_identify(src/robot_bringup) by extension 'colcon_meta'
[0.614s] Level 1:colcon.colcon_core.package_identification:_identify(src/robot_bringup) by extensions ['ros']
[0.614s] Level 1:colcon.colcon_core.package_identification:_identify(src/robot_bringup) by extension 'ros'
[0.615s] DEBUG:colcon.colcon_core.package_identification:Package 'src/robot_bringup' with type 'ros.ament_python' and name 'robot_bringup'
[0.615s] Level 1:colcon.colcon_core.package_identification:_identify(src/servo_dril_controller) by extensions ['ignore', 'ignore_ament_install']
[0.615s] Level 1:colcon.colcon_core.package_identification:_identify(src/servo_dril_controller) by extension 'ignore'
[0.615s] Level 1:colcon.colcon_core.package_identification:_identify(src/servo_dril_controller) by extension 'ignore_ament_install'
[0.615s] Level 1:colcon.colcon_core.package_identification:_identify(src/servo_dril_controller) by extensions ['colcon_pkg']
[0.615s] Level 1:colcon.colcon_core.package_identification:_identify(src/servo_dril_controller) by extension 'colcon_pkg'
[0.615s] Level 1:colcon.colcon_core.package_identification:_identify(src/servo_dril_controller) by extensions ['colcon_meta']
[0.616s] Level 1:colcon.colcon_core.package_identification:_identify(src/servo_dril_controller) by extension 'colcon_meta'
[0.616s] Level 1:colcon.colcon_core.package_identification:_identify(src/servo_dril_controller) by extensions ['ros']
[0.616s] Level 1:colcon.colcon_core.package_identification:_identify(src/servo_dril_controller) by extension 'ros'
[0.617s] DEBUG:colcon.colcon_core.package_identification:Package 'src/servo_dril_controller' with type 'ros.ament_python' and name 'servo_dril_controller'
[0.617s] Level 1:colcon.colcon_core.package_identification:_identify(src/servo_switch180_controller) by extensions ['ignore', 'ignore_ament_install']
[0.617s] Level 1:colcon.colcon_core.package_identification:_identify(src/servo_switch180_controller) by extension 'ignore'
[0.617s] Level 1:colcon.colcon_core.package_identification:_identify(src/servo_switch180_controller) by extension 'ignore_ament_install'
[0.617s] Level 1:colcon.colcon_core.package_identification:_identify(src/servo_switch180_controller) by extensions ['colcon_pkg']
[0.617s] Level 1:colcon.colcon_core.package_identification:_identify(src/servo_switch180_controller) by extension 'colcon_pkg'
[0.617s] Level 1:colcon.colcon_core.package_identification:_identify(src/servo_switch180_controller) by extensions ['colcon_meta']
[0.617s] Level 1:colcon.colcon_core.package_identification:_identify(src/servo_switch180_controller) by extension 'colcon_meta'
[0.617s] Level 1:colcon.colcon_core.package_identification:_identify(src/servo_switch180_controller) by extensions ['ros']
[0.617s] Level 1:colcon.colcon_core.package_identification:_identify(src/servo_switch180_controller) by extension 'ros'
[0.619s] DEBUG:colcon.colcon_core.package_identification:Package 'src/servo_switch180_controller' with type 'ros.ament_python' and name 'servo_switch180_controller'
[0.619s] Level 1:colcon.colcon_core.package_identification:_identify(src/tao_controller) by extensions ['ignore', 'ignore_ament_install']
[0.619s] Level 1:colcon.colcon_core.package_identification:_identify(src/tao_controller) by extension 'ignore'
[0.619s] Level 1:colcon.colcon_core.package_identification:_identify(src/tao_controller) by extension 'ignore_ament_install'
[0.619s] Level 1:colcon.colcon_core.package_identification:_identify(src/tao_controller) by extensions ['colcon_pkg']
[0.619s] Level 1:colcon.colcon_core.package_identification:_identify(src/tao_controller) by extension 'colcon_pkg'
[0.619s] Level 1:colcon.colcon_core.package_identification:_identify(src/tao_controller) by extensions ['colcon_meta']
[0.619s] Level 1:colcon.colcon_core.package_identification:_identify(src/tao_controller) by extension 'colcon_meta'
[0.619s] Level 1:colcon.colcon_core.package_identification:_identify(src/tao_controller) by extensions ['ros']
[0.619s] Level 1:colcon.colcon_core.package_identification:_identify(src/tao_controller) by extension 'ros'
[0.620s] DEBUG:colcon.colcon_core.package_identification:Package 'src/tao_controller' with type 'ros.ament_python' and name 'tao_controller'
[0.620s] Level 1:colcon.colcon_core.package_identification:_identify(web) by extensions ['ignore', 'ignore_ament_install']
[0.620s] Level 1:colcon.colcon_core.package_identification:_identify(web) by extension 'ignore'
[0.621s] Level 1:colcon.colcon_core.package_identification:_identify(web) by extension 'ignore_ament_install'
[0.621s] Level 1:colcon.colcon_core.package_identification:_identify(web) by extensions ['colcon_pkg']
[0.621s] Level 1:colcon.colcon_core.package_identification:_identify(web) by extension 'colcon_pkg'
[0.621s] Level 1:colcon.colcon_core.package_identification:_identify(web) by extensions ['colcon_meta']
[0.621s] Level 1:colcon.colcon_core.package_identification:_identify(web) by extension 'colcon_meta'
[0.621s] Level 1:colcon.colcon_core.package_identification:_identify(web) by extensions ['ros']
[0.621s] Level 1:colcon.colcon_core.package_identification:_identify(web) by extension 'ros'
[0.621s] Level 1:colcon.colcon_core.package_identification:_identify(web) by extensions ['cmake', 'python']
[0.621s] Level 1:colcon.colcon_core.package_identification:_identify(web) by extension 'cmake'
[0.621s] Level 1:colcon.colcon_core.package_identification:_identify(web) by extension 'python'
[0.621s] Level 1:colcon.colcon_core.package_identification:_identify(web) by extensions ['python_setup_py']
[0.621s] Level 1:colcon.colcon_core.package_identification:_identify(web) by extension 'python_setup_py'
[0.621s] Level 1:colcon.colcon_core.package_discovery:discover_packages(recursive) using defaults
[0.621s] Level 1:colcon.colcon_core.package_discovery:discover_packages(ignore) discover
[0.621s] Level 1:colcon.colcon_core.package_discovery:discover_packages(ignore) using defaults
[0.621s] Level 1:colcon.colcon_core.package_discovery:discover_packages(path) discover
[0.621s] Level 1:colcon.colcon_core.package_discovery:discover_packages(path) using defaults
[0.667s] Level 1:colcon.colcon_core.package_discovery:discover_packages(prefix_path) check parameters
[0.667s] Level 1:colcon.colcon_core.package_discovery:discover_packages(prefix_path) discover
[0.677s] DEBUG:colcon.colcon_installed_package_information.package_discovery:Found 10 installed packages in /home/tpi5/391_Project_pi/391_ws/install
[0.678s] DEBUG:colcon.colcon_installed_package_information.package_discovery:Found 10 installed packages in /home/tpi5/391_Project_pi/install
[0.679s] DEBUG:colcon.colcon_installed_package_information.package_discovery:Found 2 installed packages in /home/tpi5/391_Project/391_ws/install
[0.680s] DEBUG:colcon.colcon_installed_package_information.package_discovery:Found 3 installed packages in /home/tpi5/uros_ws/install
[0.682s] DEBUG:colcon.colcon_installed_package_information.package_discovery:Found 200 installed packages in /opt/ros/jazzy
[0.683s] Level 1:colcon.colcon_core.package_discovery:discover_packages(prefix_path) using defaults
[0.732s] Level 5:colcon.colcon_core.verb:set package 'dril_controller' build argument 'cmake_args' from command line to 'None'
[0.732s] Level 5:colcon.colcon_core.verb:set package 'dril_controller' build argument 'cmake_target' from command line to 'None'
[0.732s] Level 5:colcon.colcon_core.verb:set package 'dril_controller' build argument 'cmake_target_skip_unavailable' from command line to 'False'
[0.732s] Level 5:colcon.colcon_core.verb:set package 'dril_controller' build argument 'cmake_clean_cache' from command line to 'False'
[0.732s] Level 5:colcon.colcon_core.verb:set package 'dril_controller' build argument 'cmake_clean_first' from command line to 'False'
[0.732s] Level 5:colcon.colcon_core.verb:set package 'dril_controller' build argument 'cmake_force_configure' from command line to 'False'
[0.732s] Level 5:colcon.colcon_core.verb:set package 'dril_controller' build argument 'ament_cmake_args' from command line to 'None'
[0.732s] Level 5:colcon.colcon_core.verb:set package 'dril_controller' build argument 'catkin_cmake_args' from command line to 'None'
[0.732s] Level 5:colcon.colcon_core.verb:set package 'dril_controller' build argument 'catkin_skip_building_tests' from command line to 'False'
[0.733s] DEBUG:colcon.colcon_core.verb:Building package 'dril_controller' with the following arguments: {'ament_cmake_args': None, 'build_base': '/home/tpi5/391_Project_pi/391_ws/build/dril_controller', 'catkin_cmake_args': None, 'catkin_skip_building_tests': False, 'cmake_args': None, 'cmake_clean_cache': False, 'cmake_clean_first': False, 'cmake_force_configure': False, 'cmake_target': None, 'cmake_target_skip_unavailable': False, 'install_base': '/home/tpi5/391_Project_pi/391_ws/install/dril_controller', 'merge_install': False, 'path': '/home/tpi5/391_Project_pi/391_ws/src/dril_controller', 'symlink_install': False, 'test_result_base': None}
[0.733s] Level 5:colcon.colcon_core.verb:set package 'drive_controller' build argument 'cmake_args' from command line to 'None'
[0.733s] Level 5:colcon.colcon_core.verb:set package 'drive_controller' build argument 'cmake_target' from command line to 'None'
[0.733s] Level 5:colcon.colcon_core.verb:set package 'drive_controller' build argument 'cmake_target_skip_unavailable' from command line to 'False'
[0.733s] Level 5:colcon.colcon_core.verb:set package 'drive_controller' build argument 'cmake_clean_cache' from command line to 'False'
[0.733s] Level 5:colcon.colcon_core.verb:set package 'drive_controller' build argument 'cmake_clean_first' from command line to 'False'
[0.733s] Level 5:colcon.colcon_core.verb:set package 'drive_controller' build argument 'cmake_force_configure' from command line to 'False'
[0.733s] Level 5:colcon.colcon_core.verb:set package 'drive_controller' build argument 'ament_cmake_args' from command line to 'None'
[0.733s] Level 5:colcon.colcon_core.verb:set package 'drive_controller' build argument 'catkin_cmake_args' from command line to 'None'
[0.733s] Level 5:colcon.colcon_core.verb:set package 'drive_controller' build argument 'catkin_skip_building_tests' from command line to 'False'
[0.733s] DEBUG:colcon.colcon_core.verb:Building package 'drive_controller' with the following arguments: {'ament_cmake_args': None, 'build_base': '/home/tpi5/391_Project_pi/391_ws/build/drive_controller', 'catkin_cmake_args': None, 'catkin_skip_building_tests': False, 'cmake_args': None, 'cmake_clean_cache': False, 'cmake_clean_first': False, 'cmake_force_configure': False, 'cmake_target': None, 'cmake_target_skip_unavailable': False, 'install_base': '/home/tpi5/391_Project_pi/391_ws/install/drive_controller', 'merge_install': False, 'path': '/home/tpi5/391_Project_pi/391_ws/src/drive_controller', 'symlink_install': False, 'test_result_base': None}
[0.733s] Level 5:colcon.colcon_core.verb:set package 'dual_cam_mjpeg_server' build argument 'cmake_args' from command line to 'None'
[0.733s] Level 5:colcon.colcon_core.verb:set package 'dual_cam_mjpeg_server' build argument 'cmake_target' from command line to 'None'
[0.734s] Level 5:colcon.colcon_core.verb:set package 'dual_cam_mjpeg_server' build argument 'cmake_target_skip_unavailable' from command line to 'False'
[0.734s] Level 5:colcon.colcon_core.verb:set package 'dual_cam_mjpeg_server' build argument 'cmake_clean_cache' from command line to 'False'
[0.734s] Level 5:colcon.colcon_core.verb:set package 'dual_cam_mjpeg_server' build argument 'cmake_clean_first' from command line to 'False'
[0.734s] Level 5:colcon.colcon_core.verb:set package 'dual_cam_mjpeg_server' build argument 'cmake_force_configure' from command line to 'False'
[0.734s] Level 5:colcon.colcon_core.verb:set package 'dual_cam_mjpeg_server' build argument 'ament_cmake_args' from command line to 'None'
[0.734s] Level 5:colcon.colcon_core.verb:set package 'dual_cam_mjpeg_server' build argument 'catkin_cmake_args' from command line to 'None'
[0.734s] Level 5:colcon.colcon_core.verb:set package 'dual_cam_mjpeg_server' build argument 'catkin_skip_building_tests' from command line to 'False'
[0.734s] DEBUG:colcon.colcon_core.verb:Building package 'dual_cam_mjpeg_server' with the following arguments: {'ament_cmake_args': None, 'build_base': '/home/tpi5/391_Project_pi/391_ws/build/dual_cam_mjpeg_server', 'catkin_cmake_args': None, 'catkin_skip_building_tests': False, 'cmake_args': None, 'cmake_clean_cache': False, 'cmake_clean_first': False, 'cmake_force_configure': False, 'cmake_target': None, 'cmake_target_skip_unavailable': False, 'install_base': '/home/tpi5/391_Project_pi/391_ws/install/dual_cam_mjpeg_server', 'merge_install': False, 'path': '/home/tpi5/391_Project_pi/391_ws/src/dual_cam_mjpeg_server', 'symlink_install': False, 'test_result_base': None}
[0.734s] Level 5:colcon.colcon_core.verb:set package 'gripper_controller' build argument 'cmake_args' from command line to 'None'
[0.734s] Level 5:colcon.colcon_core.verb:set package 'gripper_controller' build argument 'cmake_target' from command line to 'None'
[0.734s] Level 5:colcon.colcon_core.verb:set package 'gripper_controller' build argument 'cmake_target_skip_unavailable' from command line to 'False'
[0.734s] Level 5:colcon.colcon_core.verb:set package 'gripper_controller' build argument 'cmake_clean_cache' from command line to 'False'
[0.734s] Level 5:colcon.colcon_core.verb:set package 'gripper_controller' build argument 'cmake_clean_first' from command line to 'False'
[0.734s] Level 5:colcon.colcon_core.verb:set package 'gripper_controller' build argument 'cmake_force_configure' from command line to 'False'
[0.734s] Level 5:colcon.colcon_core.verb:set package 'gripper_controller' build argument 'ament_cmake_args' from command line to 'None'
[0.734s] Level 5:colcon.colcon_core.verb:set package 'gripper_controller' build argument 'catkin_cmake_args' from command line to 'None'
[0.734s] Level 5:colcon.colcon_core.verb:set package 'gripper_controller' build argument 'catkin_skip_building_tests' from command line to 'False'
[0.734s] DEBUG:colcon.colcon_core.verb:Building package 'gripper_controller' with the following arguments: {'ament_cmake_args': None, 'build_base': '/home/tpi5/391_Project_pi/391_ws/build/gripper_controller', 'catkin_cmake_args': None, 'catkin_skip_building_tests': False, 'cmake_args': None, 'cmake_clean_cache': False, 'cmake_clean_first': False, 'cmake_force_configure': False, 'cmake_target': None, 'cmake_target_skip_unavailable': False, 'install_base': '/home/tpi5/391_Project_pi/391_ws/install/gripper_controller', 'merge_install': False, 'path': '/home/tpi5/391_Project_pi/391_ws/src/gripper_controller', 'symlink_install': False, 'test_result_base': None}
[0.735s] Level 5:colcon.colcon_core.verb:set package 'joystick_controller' build argument 'cmake_args' from command line to 'None'
[0.735s] Level 5:colcon.colcon_core.verb:set package 'joystick_controller' build argument 'cmake_target' from command line to 'None'
[0.735s] Level 5:colcon.colcon_core.verb:set package 'joystick_controller' build argument 'cmake_target_skip_unavailable' from command line to 'False'
[0.735s] Level 5:colcon.colcon_core.verb:set package 'joystick_controller' build argument 'cmake_clean_cache' from command line to 'False'
[0.735s] Level 5:colcon.colcon_core.verb:set package 'joystick_controller' build argument 'cmake_clean_first' from command line to 'False'
[0.735s] Level 5:colcon.colcon_core.verb:set package 'joystick_controller' build argument 'cmake_force_configure' from command line to 'False'
[0.735s] Level 5:colcon.colcon_core.verb:set package 'joystick_controller' build argument 'ament_cmake_args' from command line to 'None'
[0.735s] Level 5:colcon.colcon_core.verb:set package 'joystick_controller' build argument 'catkin_cmake_args' from command line to 'None'
[0.735s] Level 5:colcon.colcon_core.verb:set package 'joystick_controller' build argument 'catkin_skip_building_tests' from command line to 'False'
[0.735s] DEBUG:colcon.colcon_core.verb:Building package 'joystick_controller' with the following arguments: {'ament_cmake_args': None, 'build_base': '/home/tpi5/391_Project_pi/391_ws/build/joystick_controller', 'catkin_cmake_args': None, 'catkin_skip_building_tests': False, 'cmake_args': None, 'cmake_clean_cache': False, 'cmake_clean_first': False, 'cmake_force_configure': False, 'cmake_target': None, 'cmake_target_skip_unavailable': False, 'install_base': '/home/tpi5/391_Project_pi/391_ws/install/joystick_controller', 'merge_install': False, 'path': '/home/tpi5/391_Project_pi/391_ws/src/joystick_controller', 'symlink_install': False, 'test_result_base': None}
[0.735s] Level 5:colcon.colcon_core.verb:set package 'linear_controller' build argument 'cmake_args' from command line to 'None'
[0.735s] Level 5:colcon.colcon_core.verb:set package 'linear_controller' build argument 'cmake_target' from command line to 'None'
[0.735s] Level 5:colcon.colcon_core.verb:set package 'linear_controller' build argument 'cmake_target_skip_unavailable' from command line to 'False'
[0.735s] Level 5:colcon.colcon_core.verb:set package 'linear_controller' build argument 'cmake_clean_cache' from command line to 'False'
[0.735s] Level 5:colcon.colcon_core.verb:set package 'linear_controller' build argument 'cmake_clean_first' from command line to 'False'
[0.735s] Level 5:colcon.colcon_core.verb:set package 'linear_controller' build argument 'cmake_force_configure' from command line to 'False'
[0.735s] Level 5:colcon.colcon_core.verb:set package 'linear_controller' build argument 'ament_cmake_args' from command line to 'None'
[0.735s] Level 5:colcon.colcon_core.verb:set package 'linear_controller' build argument 'catkin_cmake_args' from command line to 'None'
[0.735s] Level 5:colcon.colcon_core.verb:set package 'linear_controller' build argument 'catkin_skip_building_tests' from command line to 'False'
[0.735s] DEBUG:colcon.colcon_core.verb:Building package 'linear_controller' with the following arguments: {'ament_cmake_args': None, 'build_base': '/home/tpi5/391_Project_pi/391_ws/build/linear_controller', 'catkin_cmake_args': None, 'catkin_skip_building_tests': False, 'cmake_args': None, 'cmake_clean_cache': False, 'cmake_clean_first': False, 'cmake_force_configure': False, 'cmake_target': None, 'cmake_target_skip_unavailable': False, 'install_base': '/home/tpi5/391_Project_pi/391_ws/install/linear_controller', 'merge_install': False, 'path': '/home/tpi5/391_Project_pi/391_ws/src/linear_controller', 'symlink_install': False, 'test_result_base': None}
[0.736s] Level 5:colcon.colcon_core.verb:set package 'servo_dril_controller' build argument 'cmake_args' from command line to 'None'
[0.736s] Level 5:colcon.colcon_core.verb:set package 'servo_dril_controller' build argument 'cmake_target' from command line to 'None'
[0.736s] Level 5:colcon.colcon_core.verb:set package 'servo_dril_controller' build argument 'cmake_target_skip_unavailable' from command line to 'False'
[0.736s] Level 5:colcon.colcon_core.verb:set package 'servo_dril_controller' build argument 'cmake_clean_cache' from command line to 'False'
[0.736s] Level 5:colcon.colcon_core.verb:set package 'servo_dril_controller' build argument 'cmake_clean_first' from command line to 'False'
[0.736s] Level 5:colcon.colcon_core.verb:set package 'servo_dril_controller' build argument 'cmake_force_configure' from command line to 'False'
[0.736s] Level 5:colcon.colcon_core.verb:set package 'servo_dril_controller' build argument 'ament_cmake_args' from command line to 'None'
[0.736s] Level 5:colcon.colcon_core.verb:set package 'servo_dril_controller' build argument 'catkin_cmake_args' from command line to 'None'
[0.736s] Level 5:colcon.colcon_core.verb:set package 'servo_dril_controller' build argument 'catkin_skip_building_tests' from command line to 'False'
[0.736s] DEBUG:colcon.colcon_core.verb:Building package 'servo_dril_controller' with the following arguments: {'ament_cmake_args': None, 'build_base': '/home/tpi5/391_Project_pi/391_ws/build/servo_dril_controller', 'catkin_cmake_args': None, 'catkin_skip_building_tests': False, 'cmake_args': None, 'cmake_clean_cache': False, 'cmake_clean_first': False, 'cmake_force_configure': False, 'cmake_target': None, 'cmake_target_skip_unavailable': False, 'install_base': '/home/tpi5/391_Project_pi/391_ws/install/servo_dril_controller', 'merge_install': False, 'path': '/home/tpi5/391_Project_pi/391_ws/src/servo_dril_controller', 'symlink_install': False, 'test_result_base': None}
[0.736s] Level 5:colcon.colcon_core.verb:set package 'servo_switch180_controller' build argument 'cmake_args' from command line to 'None'
[0.736s] Level 5:colcon.colcon_core.verb:set package 'servo_switch180_controller' build argument 'cmake_target' from command line to 'None'
[0.736s] Level 5:colcon.colcon_core.verb:set package 'servo_switch180_controller' build argument 'cmake_target_skip_unavailable' from command line to 'False'
[0.736s] Level 5:colcon.colcon_core.verb:set package 'servo_switch180_controller' build argument 'cmake_clean_cache' from command line to 'False'
[0.736s] Level 5:colcon.colcon_core.verb:set package 'servo_switch180_controller' build argument 'cmake_clean_first' from command line to 'False'
[0.736s] Level 5:colcon.colcon_core.verb:set package 'servo_switch180_controller' build argument 'cmake_force_configure' from command line to 'False'
[0.736s] Level 5:colcon.colcon_core.verb:set package 'servo_switch180_controller' build argument 'ament_cmake_args' from command line to 'None'
[0.736s] Level 5:colcon.colcon_core.verb:set package 'servo_switch180_controller' build argument 'catkin_cmake_args' from command line to 'None'
[0.736s] Level 5:colcon.colcon_core.verb:set package 'servo_switch180_controller' build argument 'catkin_skip_building_tests' from command line to 'False'
[0.736s] DEBUG:colcon.colcon_core.verb:Building package 'servo_switch180_controller' with the following arguments: {'ament_cmake_args': None, 'build_base': '/home/tpi5/391_Project_pi/391_ws/build/servo_switch180_controller', 'catkin_cmake_args': None, 'catkin_skip_building_tests': False, 'cmake_args': None, 'cmake_clean_cache': False, 'cmake_clean_first': False, 'cmake_force_configure': False, 'cmake_target': None, 'cmake_target_skip_unavailable': False, 'install_base': '/home/tpi5/391_Project_pi/391_ws/install/servo_switch180_controller', 'merge_install': False, 'path': '/home/tpi5/391_Project_pi/391_ws/src/servo_switch180_controller', 'symlink_install': False, 'test_result_base': None}
[0.737s] Level 5:colcon.colcon_core.verb:set package 'tao_controller' build argument 'cmake_args' from command line to 'None'
[0.737s] Level 5:colcon.colcon_core.verb:set package 'tao_controller' build argument 'cmake_target' from command line to 'None'
[0.737s] Level 5:colcon.colcon_core.verb:set package 'tao_controller' build argument 'cmake_target_skip_unavailable' from command line to 'False'
[0.737s] Level 5:colcon.colcon_core.verb:set package 'tao_controller' build argument 'cmake_clean_cache' from command line to 'False'
[0.737s] Level 5:colcon.colcon_core.verb:set package 'tao_controller' build argument 'cmake_clean_first' from command line to 'False'
[0.737s] Level 5:colcon.colcon_core.verb:set package 'tao_controller' build argument 'cmake_force_configure' from command line to 'False'
[0.737s] Level 5:colcon.colcon_core.verb:set package 'tao_controller' build argument 'ament_cmake_args' from command line to 'None'
[0.737s] Level 5:colcon.colcon_core.verb:set package 'tao_controller' build argument 'catkin_cmake_args' from command line to 'None'
[0.737s] Level 5:colcon.colcon_core.verb:set package 'tao_controller' build argument 'catkin_skip_building_tests' from command line to 'False'
[0.737s] DEBUG:colcon.colcon_core.verb:Building package 'tao_controller' with the following arguments: {'ament_cmake_args': None, 'build_base': '/home/tpi5/391_Project_pi/391_ws/build/tao_controller', 'catkin_cmake_args': None, 'catkin_skip_building_tests': False, 'cmake_args': None, 'cmake_clean_cache': False, 'cmake_clean_first': False, 'cmake_force_configure': False, 'cmake_target': None, 'cmake_target_skip_unavailable': False, 'install_base': '/home/tpi5/391_Project_pi/391_ws/install/tao_controller', 'merge_install': False, 'path': '/home/tpi5/391_Project_pi/391_ws/src/tao_controller', 'symlink_install': False, 'test_result_base': None}
[0.737s] Level 5:colcon.colcon_core.verb:set package 'robot_bringup' build argument 'cmake_args' from command line to 'None'
[0.737s] Level 5:colcon.colcon_core.verb:set package 'robot_bringup' build argument 'cmake_target' from command line to 'None'
[0.737s] Level 5:colcon.colcon_core.verb:set package 'robot_bringup' build argument 'cmake_target_skip_unavailable' from command line to 'False'
[0.737s] Level 5:colcon.colcon_core.verb:set package 'robot_bringup' build argument 'cmake_clean_cache' from command line to 'False'
[0.737s] Level 5:colcon.colcon_core.verb:set package 'robot_bringup' build argument 'cmake_clean_first' from command line to 'False'
[0.737s] Level 5:colcon.colcon_core.verb:set package 'robot_bringup' build argument 'cmake_force_configure' from command line to 'False'
[0.737s] Level 5:colcon.colcon_core.verb:set package 'robot_bringup' build argument 'ament_cmake_args' from command line to 'None'
[0.737s] Level 5:colcon.colcon_core.verb:set package 'robot_bringup' build argument 'catkin_cmake_args' from command line to 'None'
[0.737s] Level 5:colcon.colcon_core.verb:set package 'robot_bringup' build argument 'catkin_skip_building_tests' from command line to 'False'
[0.737s] DEBUG:colcon.colcon_core.verb:Building package 'robot_bringup' with the following arguments: {'ament_cmake_args': None, 'build_base': '/home/tpi5/391_Project_pi/391_ws/build/robot_bringup', 'catkin_cmake_args': None, 'catkin_skip_building_tests': False, 'cmake_args': None, 'cmake_clean_cache': False, 'cmake_clean_first': False, 'cmake_force_configure': False, 'cmake_target': None, 'cmake_target_skip_unavailable': False, 'install_base': '/home/tpi5/391_Project_pi/391_ws/install/robot_bringup', 'merge_install': False, 'path': '/home/tpi5/391_Project_pi/391_ws/src/robot_bringup', 'symlink_install': False, 'test_result_base': None}
[0.737s] INFO:colcon.colcon_core.executor:Executing jobs using 'parallel' executor
[0.739s] DEBUG:colcon.colcon_parallel_executor.executor.parallel:run_until_complete
[0.739s] INFO:colcon.colcon_ros.task.ament_python.build:Building ROS package in '/home/tpi5/391_Project_pi/391_ws/src/dril_controller' with build type 'ament_python'
[0.739s] Level 1:colcon.colcon_core.shell:create_environment_hook('dril_controller', 'ament_prefix_path')
[0.750s] INFO:colcon.colcon_core.plugin_system:Skipping extension 'colcon_core.shell.bat': Not used on non-Windows systems
[0.750s] INFO:colcon.colcon_core.shell:Creating environment hook '/home/tpi5/391_Project_pi/391_ws/install/dril_controller/share/dril_controller/hook/ament_prefix_path.ps1'
[0.752s] INFO:colcon.colcon_core.shell:Creating environment descriptor '/home/tpi5/391_Project_pi/391_ws/install/dril_controller/share/dril_controller/hook/ament_prefix_path.dsv'
[0.753s] INFO:colcon.colcon_core.shell:Creating environment hook '/home/tpi5/391_Project_pi/391_ws/install/dril_controller/share/dril_controller/hook/ament_prefix_path.sh'
[0.755s] INFO:colcon.colcon_core.shell:Skip shell extension 'powershell' for command environment: Not usable outside of PowerShell
[0.755s] DEBUG:colcon.colcon_core.shell:Skip shell extension 'dsv' for command environment
[0.764s] INFO:colcon.colcon_ros.task.ament_python.build:Building ROS package in '/home/tpi5/391_Project_pi/391_ws/src/drive_controller' with build type 'ament_python'
[0.764s] Level 1:colcon.colcon_core.shell:create_environment_hook('drive_controller', 'ament_prefix_path')
[0.764s] INFO:colcon.colcon_core.shell:Creating environment hook '/home/tpi5/391_Project_pi/391_ws/install/drive_controller/share/drive_controller/hook/ament_prefix_path.ps1'
[0.765s] INFO:colcon.colcon_core.shell:Creating environment descriptor '/home/tpi5/391_Project_pi/391_ws/install/drive_controller/share/drive_controller/hook/ament_prefix_path.dsv'
[0.766s] INFO:colcon.colcon_core.shell:Creating environment hook '/home/tpi5/391_Project_pi/391_ws/install/drive_controller/share/drive_controller/hook/ament_prefix_path.sh'
[0.767s] INFO:colcon.colcon_core.shell:Skip shell extension 'powershell' for command environment: Not usable outside of PowerShell
[0.767s] DEBUG:colcon.colcon_core.shell:Skip shell extension 'dsv' for command environment
[0.774s] INFO:colcon.colcon_ros.task.ament_python.build:Building ROS package in '/home/tpi5/391_Project_pi/391_ws/src/dual_cam_mjpeg_server' with build type 'ament_python'
[0.775s] Level 1:colcon.colcon_core.shell:create_environment_hook('dual_cam_mjpeg_server', 'ament_prefix_path')
[0.775s] INFO:colcon.colcon_core.shell:Creating environment hook '/home/tpi5/391_Project_pi/391_ws/install/dual_cam_mjpeg_server/share/dual_cam_mjpeg_server/hook/ament_prefix_path.ps1'
[0.776s] INFO:colcon.colcon_core.shell:Creating environment descriptor '/home/tpi5/391_Project_pi/391_ws/install/dual_cam_mjpeg_server/share/dual_cam_mjpeg_server/hook/ament_prefix_path.dsv'
[0.777s] INFO:colcon.colcon_core.shell:Creating environment hook '/home/tpi5/391_Project_pi/391_ws/install/dual_cam_mjpeg_server/share/dual_cam_mjpeg_server/hook/ament_prefix_path.sh'
[0.779s] INFO:colcon.colcon_core.shell:Skip shell extension 'powershell' for command environment: Not usable outside of PowerShell
[0.779s] DEBUG:colcon.colcon_core.shell:Skip shell extension 'dsv' for command environment
[0.786s] INFO:colcon.colcon_ros.task.ament_python.build:Building ROS package in '/home/tpi5/391_Project_pi/391_ws/src/gripper_controller' with build type 'ament_python'
[0.786s] Level 1:colcon.colcon_core.shell:create_environment_hook('gripper_controller', 'ament_prefix_path')
[0.786s] INFO:colcon.colcon_core.shell:Creating environment hook '/home/tpi5/391_Project_pi/391_ws/install/gripper_controller/share/gripper_controller/hook/ament_prefix_path.ps1'
[0.788s] INFO:colcon.colcon_core.shell:Creating environment descriptor '/home/tpi5/391_Project_pi/391_ws/install/gripper_controller/share/gripper_controller/hook/ament_prefix_path.dsv'
[0.789s] INFO:colcon.colcon_core.shell:Creating environment hook '/home/tpi5/391_Project_pi/391_ws/install/gripper_controller/share/gripper_controller/hook/ament_prefix_path.sh'
[0.790s] INFO:colcon.colcon_core.shell:Skip shell extension 'powershell' for command environment: Not usable outside of PowerShell
[0.790s] DEBUG:colcon.colcon_core.shell:Skip shell extension 'dsv' for command environment
[1.152s] INFO:colcon.colcon_core.task.python.build:Building Python package in '/home/tpi5/391_Project_pi/391_ws/src/dril_controller'
[1.152s] INFO:colcon.colcon_core.shell:Skip shell extension 'powershell' for command environment: Not usable outside of PowerShell
[1.153s] DEBUG:colcon.colcon_core.shell:Skip shell extension 'dsv' for command environment
[1.487s] INFO:colcon.colcon_core.task.python.build:Building Python package in '/home/tpi5/391_Project_pi/391_ws/src/drive_controller'
[1.488s] INFO:colcon.colcon_core.shell:Skip shell extension 'powershell' for command environment: Not usable outside of PowerShell
[1.488s] DEBUG:colcon.colcon_core.shell:Skip shell extension 'dsv' for command environment
[1.817s] INFO:colcon.colcon_core.task.python.build:Building Python package in '/home/tpi5/391_Project_pi/391_ws/src/dual_cam_mjpeg_server'
[1.818s] INFO:colcon.colcon_core.shell:Skip shell extension 'powershell' for command environment: Not usable outside of PowerShell
[1.818s] DEBUG:colcon.colcon_core.shell:Skip shell extension 'dsv' for command environment
[2.148s] INFO:colcon.colcon_core.task.python.build:Building Python package in '/home/tpi5/391_Project_pi/391_ws/src/gripper_controller'
[2.149s] INFO:colcon.colcon_core.shell:Skip shell extension 'powershell' for command environment: Not usable outside of PowerShell
[2.149s] DEBUG:colcon.colcon_core.shell:Skip shell extension 'dsv' for command environment
[3.648s] DEBUG:colcon.colcon_core.event_handler.log_command:Invoking command in '/home/tpi5/391_Project_pi/391_ws/src/gripper_controller': PYTHONPATH=/home/tpi5/391_Project_pi/391_ws/build/gripper_controller/prefix_override:/usr/lib/python3/dist-packages/colcon_core/task/python/colcon_distutils_commands:/home/tpi5/391_Project_pi/391_ws/install/gripper_controller/lib/python3.12/site-packages:${PYTHONPATH} /usr/bin/python3 -W ignore:setup.py install is deprecated -W ignore:easy_install command is deprecated setup.py egg_info --egg-base ../../build/gripper_controller build --build-base /home/tpi5/391_Project_pi/391_ws/build/gripper_controller/build install --record /home/tpi5/391_Project_pi/391_ws/build/gripper_controller/install.log --single-version-externally-managed install_data
[3.662s] DEBUG:colcon.colcon_core.event_handler.log_command:Invoking command in '/home/tpi5/391_Project_pi/391_ws/src/dual_cam_mjpeg_server': PYTHONPATH=/home/tpi5/391_Project_pi/391_ws/build/dual_cam_mjpeg_server/prefix_override:/usr/lib/python3/dist-packages/colcon_core/task/python/colcon_distutils_commands:/home/tpi5/391_Project_pi/391_ws/install/dual_cam_mjpeg_server/lib/python3.12/site-packages:${PYTHONPATH} /usr/bin/python3 -W ignore:setup.py install is deprecated -W ignore:easy_install command is deprecated setup.py egg_info --egg-base ../../build/dual_cam_mjpeg_server build --build-base /home/tpi5/391_Project_pi/391_ws/build/dual_cam_mjpeg_server/build install --record /home/tpi5/391_Project_pi/391_ws/build/dual_cam_mjpeg_server/install.log --single-version-externally-managed install_data
[3.666s] DEBUG:colcon.colcon_core.event_handler.log_command:Invoking command in '/home/tpi5/391_Project_pi/391_ws/src/drive_controller': PYTHONPATH=/home/tpi5/391_Project_pi/391_ws/build/drive_controller/prefix_override:/usr/lib/python3/dist-packages/colcon_core/task/python/colcon_distutils_commands:/home/tpi5/391_Project_pi/391_ws/install/drive_controller/lib/python3.12/site-packages:${PYTHONPATH} /usr/bin/python3 -W ignore:setup.py install is deprecated -W ignore:easy_install command is deprecated setup.py egg_info --egg-base ../../build/drive_controller build --build-base /home/tpi5/391_Project_pi/391_ws/build/drive_controller/build install --record /home/tpi5/391_Project_pi/391_ws/build/drive_controller/install.log --single-version-externally-managed install_data
[3.671s] DEBUG:colcon.colcon_core.event_handler.log_command:Invoking command in '/home/tpi5/391_Project_pi/391_ws/src/dril_controller': PYTHONPATH=/home/tpi5/391_Project_pi/391_ws/build/dril_controller/prefix_override:/usr/lib/python3/dist-packages/colcon_core/task/python/colcon_distutils_commands:/home/tpi5/391_Project_pi/391_ws/install/dril_controller/lib/python3.12/site-packages:${PYTHONPATH} /usr/bin/python3 -W ignore:setup.py install is deprecated -W ignore:easy_install command is deprecated setup.py egg_info --egg-base ../../build/dril_controller build --build-base /home/tpi5/391_Project_pi/391_ws/build/dril_controller/build install --record /home/tpi5/391_Project_pi/391_ws/build/dril_controller/install.log --single-version-externally-managed install_data
[4.642s] DEBUG:colcon.colcon_core.event_handler.log_command:Invoked command in '/home/tpi5/391_Project_pi/391_ws/src/drive_controller' returned '0': PYTHONPATH=/home/tpi5/391_Project_pi/391_ws/build/drive_controller/prefix_override:/usr/lib/python3/dist-packages/colcon_core/task/python/colcon_distutils_commands:/home/tpi5/391_Project_pi/391_ws/install/drive_controller/lib/python3.12/site-packages:${PYTHONPATH} /usr/bin/python3 -W ignore:setup.py install is deprecated -W ignore:easy_install command is deprecated setup.py egg_info --egg-base ../../build/drive_controller build --build-base /home/tpi5/391_Project_pi/391_ws/build/drive_controller/build install --record /home/tpi5/391_Project_pi/391_ws/build/drive_controller/install.log --single-version-externally-managed install_data
[4.685s] Level 1:colcon.colcon_core.environment:checking '/home/tpi5/391_Project_pi/391_ws/install/drive_controller' for CMake module files
[4.685s] Level 1:colcon.colcon_core.environment:checking '/home/tpi5/391_Project_pi/391_ws/install/drive_controller' for CMake config files
[4.690s] Level 1:colcon.colcon_core.environment:checking '/home/tpi5/391_Project_pi/391_ws/install/drive_controller/lib'
[4.691s] Level 1:colcon.colcon_core.environment:checking '/home/tpi5/391_Project_pi/391_ws/install/drive_controller/bin'
[4.695s] Level 1:colcon.colcon_core.environment:checking '/home/tpi5/391_Project_pi/391_ws/install/drive_controller/lib/pkgconfig/drive_controller.pc'
[4.695s] Level 1:colcon.colcon_core.environment:checking '/home/tpi5/391_Project_pi/391_ws/install/drive_controller/lib/python3.12/site-packages'
[4.696s] Level 1:colcon.colcon_core.shell:create_environment_hook('drive_controller', 'pythonpath')
[4.696s] INFO:colcon.colcon_core.shell:Creating environment hook '/home/tpi5/391_Project_pi/391_ws/install/drive_controller/share/drive_controller/hook/pythonpath.ps1'
[4.698s] INFO:colcon.colcon_core.shell:Creating environment descriptor '/home/tpi5/391_Project_pi/391_ws/install/drive_controller/share/drive_controller/hook/pythonpath.dsv'
[4.702s] INFO:colcon.colcon_core.shell:Creating environment hook '/home/tpi5/391_Project_pi/391_ws/install/drive_controller/share/drive_controller/hook/pythonpath.sh'
[4.704s] Level 1:colcon.colcon_core.environment:checking '/home/tpi5/391_Project_pi/391_ws/install/drive_controller/bin'
[4.704s] Level 1:colcon.colcon_core.environment:create_environment_scripts_only(drive_controller)
[4.705s] INFO:colcon.colcon_core.shell:Creating package script '/home/tpi5/391_Project_pi/391_ws/install/drive_controller/share/drive_controller/package.ps1'
[4.711s] INFO:colcon.colcon_core.shell:Creating package descriptor '/home/tpi5/391_Project_pi/391_ws/install/drive_controller/share/drive_controller/package.dsv'
[4.716s] INFO:colcon.colcon_core.shell:Creating package script '/home/tpi5/391_Project_pi/391_ws/install/drive_controller/share/drive_controller/package.sh'
[4.719s] INFO:colcon.colcon_core.shell:Creating package script '/home/tpi5/391_Project_pi/391_ws/install/drive_controller/share/drive_controller/package.bash'
[4.722s] INFO:colcon.colcon_core.shell:Creating package script '/home/tpi5/391_Project_pi/391_ws/install/drive_controller/share/drive_controller/package.zsh'
[4.725s] Level 1:colcon.colcon_core.environment:create_file_with_runtime_dependencies(/home/tpi5/391_Project_pi/391_ws/install/drive_controller/share/colcon-core/packages/drive_controller)
[4.726s] INFO:colcon.colcon_ros.task.ament_python.build:Building ROS package in '/home/tpi5/391_Project_pi/391_ws/src/joystick_controller' with build type 'ament_python'
[4.727s] Level 1:colcon.colcon_core.shell:create_environment_hook('joystick_controller', 'ament_prefix_path')
[4.728s] INFO:colcon.colcon_core.shell:Creating environment hook '/home/tpi5/391_Project_pi/391_ws/install/joystick_controller/share/joystick_controller/hook/ament_prefix_path.ps1'
[4.729s] INFO:colcon.colcon_core.shell:Creating environment descriptor '/home/tpi5/391_Project_pi/391_ws/install/joystick_controller/share/joystick_controller/hook/ament_prefix_path.dsv'
[4.731s] INFO:colcon.colcon_core.shell:Creating environment hook '/home/tpi5/391_Project_pi/391_ws/install/joystick_controller/share/joystick_controller/hook/ament_prefix_path.sh'
[4.733s] INFO:colcon.colcon_core.shell:Skip shell extension 'powershell' for command environment: Not usable outside of PowerShell
[4.733s] DEBUG:colcon.colcon_core.shell:Skip shell extension 'dsv' for command environment
[5.124s] INFO:colcon.colcon_core.task.python.build:Building Python package in '/home/tpi5/391_Project_pi/391_ws/src/joystick_controller'
[5.124s] INFO:colcon.colcon_core.shell:Skip shell extension 'powershell' for command environment: Not usable outside of PowerShell
[5.124s] DEBUG:colcon.colcon_core.shell:Skip shell extension 'dsv' for command environment
[5.132s] Level 1:colcon.colcon_core.environment:checking '/home/tpi5/391_Project_pi/391_ws/install/dril_controller' for CMake module files
[5.133s] DEBUG:colcon.colcon_core.event_handler.log_command:Invoked command in '/home/tpi5/391_Project_pi/391_ws/src/dril_controller' returned '0': PYTHONPATH=/home/tpi5/391_Project_pi/391_ws/build/dril_controller/prefix_override:/usr/lib/python3/dist-packages/colcon_core/task/python/colcon_distutils_commands:/home/tpi5/391_Project_pi/391_ws/install/dril_controller/lib/python3.12/site-packages:${PYTHONPATH} /usr/bin/python3 -W ignore:setup.py install is deprecated -W ignore:easy_install command is deprecated setup.py egg_info --egg-base ../../build/dril_controller build --build-base /home/tpi5/391_Project_pi/391_ws/build/dril_controller/build install --record /home/tpi5/391_Project_pi/391_ws/build/dril_controller/install.log --single-version-externally-managed install_data
[5.133s] Level 1:colcon.colcon_core.environment:checking '/home/tpi5/391_Project_pi/391_ws/install/dril_controller' for CMake config files
[5.134s] Level 1:colcon.colcon_core.environment:checking '/home/tpi5/391_Project_pi/391_ws/install/dril_controller/lib'
[5.134s] Level 1:colcon.colcon_core.environment:checking '/home/tpi5/391_Project_pi/391_ws/install/dril_controller/bin'
[5.134s] Level 1:colcon.colcon_core.environment:checking '/home/tpi5/391_Project_pi/391_ws/install/dril_controller/lib/pkgconfig/dril_controller.pc'
[5.135s] Level 1:colcon.colcon_core.environment:checking '/home/tpi5/391_Project_pi/391_ws/install/dril_controller/lib/python3.12/site-packages'
[5.135s] Level 1:colcon.colcon_core.shell:create_environment_hook('dril_controller', 'pythonpath')
[5.135s] INFO:colcon.colcon_core.shell:Creating environment hook '/home/tpi5/391_Project_pi/391_ws/install/dril_controller/share/dril_controller/hook/pythonpath.ps1'
[5.136s] INFO:colcon.colcon_core.shell:Creating environment descriptor '/home/tpi5/391_Project_pi/391_ws/install/dril_controller/share/dril_controller/hook/pythonpath.dsv'
[5.138s] INFO:colcon.colcon_core.shell:Creating environment hook '/home/tpi5/391_Project_pi/391_ws/install/dril_controller/share/dril_controller/hook/pythonpath.sh'
[5.140s] Level 1:colcon.colcon_core.environment:checking '/home/tpi5/391_Project_pi/391_ws/install/dril_controller/bin'
[5.140s] Level 1:colcon.colcon_core.environment:create_environment_scripts_only(dril_controller)
[5.141s] INFO:colcon.colcon_core.shell:Creating package script '/home/tpi5/391_Project_pi/391_ws/install/dril_controller/share/dril_controller/package.ps1'
[5.141s] INFO:colcon.colcon_core.shell:Creating package descriptor '/home/tpi5/391_Project_pi/391_ws/install/dril_controller/share/dril_controller/package.dsv'
[5.143s] INFO:colcon.colcon_core.shell:Creating package script '/home/tpi5/391_Project_pi/391_ws/install/dril_controller/share/dril_controller/package.sh'
[5.144s] INFO:colcon.colcon_core.shell:Creating package script '/home/tpi5/391_Project_pi/391_ws/install/dril_controller/share/dril_controller/package.bash'
[5.145s] INFO:colcon.colcon_core.shell:Creating package script '/home/tpi5/391_Project_pi/391_ws/install/dril_controller/share/dril_controller/package.zsh'
[5.147s] Level 1:colcon.colcon_core.environment:create_file_with_runtime_dependencies(/home/tpi5/391_Project_pi/391_ws/install/dril_controller/share/colcon-core/packages/dril_controller)
[5.147s] Level 1:colcon.colcon_core.environment:checking '/home/tpi5/391_Project_pi/391_ws/install/dual_cam_mjpeg_server' for CMake module files
[5.149s] DEBUG:colcon.colcon_core.event_handler.log_command:Invoked command in '/home/tpi5/391_Project_pi/391_ws/src/dual_cam_mjpeg_server' returned '0': PYTHONPATH=/home/tpi5/391_Project_pi/391_ws/build/dual_cam_mjpeg_server/prefix_override:/usr/lib/python3/dist-packages/colcon_core/task/python/colcon_distutils_commands:/home/tpi5/391_Project_pi/391_ws/install/dual_cam_mjpeg_server/lib/python3.12/site-packages:${PYTHONPATH} /usr/bin/python3 -W ignore:setup.py install is deprecated -W ignore:easy_install command is deprecated setup.py egg_info --egg-base ../../build/dual_cam_mjpeg_server build --build-base /home/tpi5/391_Project_pi/391_ws/build/dual_cam_mjpeg_server/build install --record /home/tpi5/391_Project_pi/391_ws/build/dual_cam_mjpeg_server/install.log --single-version-externally-managed install_data
[5.149s] Level 1:colcon.colcon_core.environment:checking '/home/tpi5/391_Project_pi/391_ws/install/dual_cam_mjpeg_server' for CMake config files
[5.150s] Level 1:colcon.colcon_core.environment:checking '/home/tpi5/391_Project_pi/391_ws/install/dual_cam_mjpeg_server/lib'
[5.150s] Level 1:colcon.colcon_core.environment:checking '/home/tpi5/391_Project_pi/391_ws/install/dual_cam_mjpeg_server/bin'
[5.150s] Level 1:colcon.colcon_core.environment:checking '/home/tpi5/391_Project_pi/391_ws/install/dual_cam_mjpeg_server/lib/pkgconfig/dual_cam_mjpeg_server.pc'
[5.151s] Level 1:colcon.colcon_core.environment:checking '/home/tpi5/391_Project_pi/391_ws/install/dual_cam_mjpeg_server/lib/python3.12/site-packages'
[5.151s] Level 1:colcon.colcon_core.shell:create_environment_hook('dual_cam_mjpeg_server', 'pythonpath')
[5.151s] INFO:colcon.colcon_core.shell:Creating environment hook '/home/tpi5/391_Project_pi/391_ws/install/dual_cam_mjpeg_server/share/dual_cam_mjpeg_server/hook/pythonpath.ps1'
[5.152s] INFO:colcon.colcon_core.shell:Creating environment descriptor '/home/tpi5/391_Project_pi/391_ws/install/dual_cam_mjpeg_server/share/dual_cam_mjpeg_server/hook/pythonpath.dsv'
[5.153s] INFO:colcon.colcon_core.shell:Creating environment hook '/home/tpi5/391_Project_pi/391_ws/install/dual_cam_mjpeg_server/share/dual_cam_mjpeg_server/hook/pythonpath.sh'
[5.155s] Level 1:colcon.colcon_core.environment:checking '/home/tpi5/391_Project_pi/391_ws/install/dual_cam_mjpeg_server/bin'
[5.155s] Level 1:colcon.colcon_core.environment:create_environment_scripts_only(dual_cam_mjpeg_server)
[5.155s] INFO:colcon.colcon_core.shell:Creating package script '/home/tpi5/391_Project_pi/391_ws/install/dual_cam_mjpeg_server/share/dual_cam_mjpeg_server/package.ps1'
[5.157s] INFO:colcon.colcon_core.shell:Creating package descriptor '/home/tpi5/391_Project_pi/391_ws/install/dual_cam_mjpeg_server/share/dual_cam_mjpeg_server/package.dsv'
[5.158s] INFO:colcon.colcon_core.shell:Creating package script '/home/tpi5/391_Project_pi/391_ws/install/dual_cam_mjpeg_server/share/dual_cam_mjpeg_server/package.sh'
[5.160s] INFO:colcon.colcon_core.shell:Creating package script '/home/tpi5/391_Project_pi/391_ws/install/dual_cam_mjpeg_server/share/dual_cam_mjpeg_server/package.bash'
[5.161s] INFO:colcon.colcon_core.shell:Creating package script '/home/tpi5/391_Project_pi/391_ws/install/dual_cam_mjpeg_server/share/dual_cam_mjpeg_server/package.zsh'
[5.162s] Level 1:colcon.colcon_core.environment:create_file_with_runtime_dependencies(/home/tpi5/391_Project_pi/391_ws/install/dual_cam_mjpeg_server/share/colcon-core/packages/dual_cam_mjpeg_server)
[5.164s] Level 1:colcon.colcon_core.environment:checking '/home/tpi5/391_Project_pi/391_ws/install/gripper_controller' for CMake module files
[5.165s] DEBUG:colcon.colcon_core.event_handler.log_command:Invoked command in '/home/tpi5/391_Project_pi/391_ws/src/gripper_controller' returned '0': PYTHONPATH=/home/tpi5/391_Project_pi/391_ws/build/gripper_controller/prefix_override:/usr/lib/python3/dist-packages/colcon_core/task/python/colcon_distutils_commands:/home/tpi5/391_Project_pi/391_ws/install/gripper_controller/lib/python3.12/site-packages:${PYTHONPATH} /usr/bin/python3 -W ignore:setup.py install is deprecated -W ignore:easy_install command is deprecated setup.py egg_info --egg-base ../../build/gripper_controller build --build-base /home/tpi5/391_Project_pi/391_ws/build/gripper_controller/build install --record /home/tpi5/391_Project_pi/391_ws/build/gripper_controller/install.log --single-version-externally-managed install_data
[5.165s] Level 1:colcon.colcon_core.environment:checking '/home/tpi5/391_Project_pi/391_ws/install/gripper_controller' for CMake config files
[5.166s] Level 1:colcon.colcon_core.environment:checking '/home/tpi5/391_Project_pi/391_ws/install/gripper_controller/lib'
[5.167s] Level 1:colcon.colcon_core.environment:checking '/home/tpi5/391_Project_pi/391_ws/install/gripper_controller/bin'
[5.167s] Level 1:colcon.colcon_core.environment:checking '/home/tpi5/391_Project_pi/391_ws/install/gripper_controller/lib/pkgconfig/gripper_controller.pc'
[5.167s] Level 1:colcon.colcon_core.environment:checking '/home/tpi5/391_Project_pi/391_ws/install/gripper_controller/lib/python3.12/site-packages'
[5.167s] Level 1:colcon.colcon_core.shell:create_environment_hook('gripper_controller', 'pythonpath')
[5.167s] INFO:colcon.colcon_core.shell:Creating environment hook '/home/tpi5/391_Project_pi/391_ws/install/gripper_controller/share/gripper_controller/hook/pythonpath.ps1'
[5.168s] INFO:colcon.colcon_core.shell:Creating environment descriptor '/home/tpi5/391_Project_pi/391_ws/install/gripper_controller/share/gripper_controller/hook/pythonpath.dsv'
[5.169s] INFO:colcon.colcon_core.shell:Creating environment hook '/home/tpi5/391_Project_pi/391_ws/install/gripper_controller/share/gripper_controller/hook/pythonpath.sh'
[5.171s] Level 1:colcon.colcon_core.environment:checking '/home/tpi5/391_Project_pi/391_ws/install/gripper_controller/bin'
[5.171s] Level 1:colcon.colcon_core.environment:create_environment_scripts_only(gripper_controller)
[5.171s] INFO:colcon.colcon_core.shell:Creating package script '/home/tpi5/391_Project_pi/391_ws/install/gripper_controller/share/gripper_controller/package.ps1'
[5.172s] INFO:colcon.colcon_core.shell:Creating package descriptor '/home/tpi5/391_Project_pi/391_ws/install/gripper_controller/share/gripper_controller/package.dsv'
[5.174s] INFO:colcon.colcon_core.shell:Creating package script '/home/tpi5/391_Project_pi/391_ws/install/gripper_controller/share/gripper_controller/package.sh'
[5.175s] INFO:colcon.colcon_core.shell:Creating package script '/home/tpi5/391_Project_pi/391_ws/install/gripper_controller/share/gripper_controller/package.bash'
[5.176s] INFO:colcon.colcon_core.shell:Creating package script '/home/tpi5/391_Project_pi/391_ws/install/gripper_controller/share/gripper_controller/package.zsh'
[5.178s] Level 1:colcon.colcon_core.environment:create_file_with_runtime_dependencies(/home/tpi5/391_Project_pi/391_ws/install/gripper_controller/share/colcon-core/packages/gripper_controller)
[5.180s] INFO:colcon.colcon_ros.task.ament_python.build:Building ROS package in '/home/tpi5/391_Project_pi/391_ws/src/linear_controller' with build type 'ament_python'
[5.180s] Level 1:colcon.colcon_core.shell:create_environment_hook('linear_controller', 'ament_prefix_path')
[5.180s] INFO:colcon.colcon_core.shell:Creating environment hook '/home/tpi5/391_Project_pi/391_ws/install/linear_controller/share/linear_controller/hook/ament_prefix_path.ps1'
[5.182s] INFO:colcon.colcon_core.shell:Creating environment descriptor '/home/tpi5/391_Project_pi/391_ws/install/linear_controller/share/linear_controller/hook/ament_prefix_path.dsv'
[5.183s] INFO:colcon.colcon_core.shell:Creating environment hook '/home/tpi5/391_Project_pi/391_ws/install/linear_controller/share/linear_controller/hook/ament_prefix_path.sh'
[5.185s] INFO:colcon.colcon_core.shell:Skip shell extension 'powershell' for command environment: Not usable outside of PowerShell
[5.185s] DEBUG:colcon.colcon_core.shell:Skip shell extension 'dsv' for command environment
[5.194s] INFO:colcon.colcon_ros.task.ament_python.build:Building ROS package in '/home/tpi5/391_Project_pi/391_ws/src/servo_dril_controller' with build type 'ament_python'
[5.194s] Level 1:colcon.colcon_core.shell:create_environment_hook('servo_dril_controller', 'ament_prefix_path')
[5.194s] INFO:colcon.colcon_core.shell:Creating environment hook '/home/tpi5/391_Project_pi/391_ws/install/servo_dril_controller/share/servo_dril_controller/hook/ament_prefix_path.ps1'
[5.196s] INFO:colcon.colcon_core.shell:Creating environment descriptor '/home/tpi5/391_Project_pi/391_ws/install/servo_dril_controller/share/servo_dril_controller/hook/ament_prefix_path.dsv'
[5.197s] INFO:colcon.colcon_core.shell:Creating environment hook '/home/tpi5/391_Project_pi/391_ws/install/servo_dril_controller/share/servo_dril_controller/hook/ament_prefix_path.sh'
[5.199s] INFO:colcon.colcon_core.shell:Skip shell extension 'powershell' for command environment: Not usable outside of PowerShell
[5.199s] DEBUG:colcon.colcon_core.shell:Skip shell extension 'dsv' for command environment
[5.206s] INFO:colcon.colcon_ros.task.ament_python.build:Building ROS package in '/home/tpi5/391_Project_pi/391_ws/src/servo_switch180_controller' with build type 'ament_python'
[5.206s] Level 1:colcon.colcon_core.shell:create_environment_hook('servo_switch180_controller', 'ament_prefix_path')
[5.206s] INFO:colcon.colcon_core.shell:Creating environment hook '/home/tpi5/391_Project_pi/391_ws/install/servo_switch180_controller/share/servo_switch180_controller/hook/ament_prefix_path.ps1'
[5.207s] INFO:colcon.colcon_core.shell:Creating environment descriptor '/home/tpi5/391_Project_pi/391_ws/install/servo_switch180_controller/share/servo_switch180_controller/hook/ament_prefix_path.dsv'
[5.209s] INFO:colcon.colcon_core.shell:Creating environment hook '/home/tpi5/391_Project_pi/391_ws/install/servo_switch180_controller/share/servo_switch180_controller/hook/ament_prefix_path.sh'
[5.210s] INFO:colcon.colcon_core.shell:Skip shell extension 'powershell' for command environment: Not usable outside of PowerShell
[5.210s] DEBUG:colcon.colcon_core.shell:Skip shell extension 'dsv' for command environment
[5.577s] INFO:colcon.colcon_core.task.python.build:Building Python package in '/home/tpi5/391_Project_pi/391_ws/src/linear_controller'
[5.578s] INFO:colcon.colcon_core.shell:Skip shell extension 'powershell' for command environment: Not usable outside of PowerShell
[5.578s] DEBUG:colcon.colcon_core.shell:Skip shell extension 'dsv' for command environment
[5.924s] INFO:colcon.colcon_core.task.python.build:Building Python package in '/home/tpi5/391_Project_pi/391_ws/src/servo_dril_controller'
[5.925s] INFO:colcon.colcon_core.shell:Skip shell extension 'powershell' for command environment: Not usable outside of PowerShell
[5.925s] DEBUG:colcon.colcon_core.shell:Skip shell extension 'dsv' for command environment
[6.287s] INFO:colcon.colcon_core.task.python.build:Building Python package in '/home/tpi5/391_Project_pi/391_ws/src/servo_switch180_controller'
[6.287s] INFO:colcon.colcon_core.shell:Skip shell extension 'powershell' for command environment: Not usable outside of PowerShell
[6.288s] DEBUG:colcon.colcon_core.shell:Skip shell extension 'dsv' for command environment
[6.303s] DEBUG:colcon.colcon_core.event_handler.log_command:Invoking command in '/home/tpi5/391_Project_pi/391_ws/src/joystick_controller': PYTHONPATH=/home/tpi5/391_Project_pi/391_ws/build/joystick_controller/prefix_override:/usr/lib/python3/dist-packages/colcon_core/task/python/colcon_distutils_commands:/home/tpi5/391_Project_pi/391_ws/install/joystick_controller/lib/python3.12/site-packages:${PYTHONPATH} /usr/bin/python3 -W ignore:setup.py install is deprecated -W ignore:easy_install command is deprecated setup.py egg_info --egg-base ../../build/joystick_controller build --build-base /home/tpi5/391_Project_pi/391_ws/build/joystick_controller/build install --record /home/tpi5/391_Project_pi/391_ws/build/joystick_controller/install.log --single-version-externally-managed install_data
[7.282s] Level 1:colcon.colcon_core.environment:checking '/home/tpi5/391_Project_pi/391_ws/install/joystick_controller' for CMake module files
[7.283s] DEBUG:colcon.colcon_core.event_handler.log_command:Invoked command in '/home/tpi5/391_Project_pi/391_ws/src/joystick_controller' returned '0': PYTHONPATH=/home/tpi5/391_Project_pi/391_ws/build/joystick_controller/prefix_override:/usr/lib/python3/dist-packages/colcon_core/task/python/colcon_distutils_commands:/home/tpi5/391_Project_pi/391_ws/install/joystick_controller/lib/python3.12/site-packages:${PYTHONPATH} /usr/bin/python3 -W ignore:setup.py install is deprecated -W ignore:easy_install command is deprecated setup.py egg_info --egg-base ../../build/joystick_controller build --build-base /home/tpi5/391_Project_pi/391_ws/build/joystick_controller/build install --record /home/tpi5/391_Project_pi/391_ws/build/joystick_controller/install.log --single-version-externally-managed install_data
[7.285s] Level 1:colcon.colcon_core.environment:checking '/home/tpi5/391_Project_pi/391_ws/install/joystick_controller' for CMake config files
[7.286s] Level 1:colcon.colcon_core.environment:checking '/home/tpi5/391_Project_pi/391_ws/install/joystick_controller/lib'
[7.287s] Level 1:colcon.colcon_core.environment:checking '/home/tpi5/391_Project_pi/391_ws/install/joystick_controller/bin'
[7.288s] Level 1:colcon.colcon_core.environment:checking '/home/tpi5/391_Project_pi/391_ws/install/joystick_controller/lib/pkgconfig/joystick_controller.pc'
[7.289s] Level 1:colcon.colcon_core.environment:checking '/home/tpi5/391_Project_pi/391_ws/install/joystick_controller/lib/python3.12/site-packages'
[7.290s] Level 1:colcon.colcon_core.shell:create_environment_hook('joystick_controller', 'pythonpath')
[7.291s] INFO:colcon.colcon_core.shell:Creating environment hook '/home/tpi5/391_Project_pi/391_ws/install/joystick_controller/share/joystick_controller/hook/pythonpath.ps1'
[7.293s] INFO:colcon.colcon_core.shell:Creating environment descriptor '/home/tpi5/391_Project_pi/391_ws/install/joystick_controller/share/joystick_controller/hook/pythonpath.dsv'
[7.295s] INFO:colcon.colcon_core.shell:Creating environment hook '/home/tpi5/391_Project_pi/391_ws/install/joystick_controller/share/joystick_controller/hook/pythonpath.sh'
[7.298s] Level 1:colcon.colcon_core.environment:checking '/home/tpi5/391_Project_pi/391_ws/install/joystick_controller/bin'
[7.298s] Level 1:colcon.colcon_core.environment:create_environment_scripts_only(joystick_controller)
[7.299s] INFO:colcon.colcon_core.shell:Creating package script '/home/tpi5/391_Project_pi/391_ws/install/joystick_controller/share/joystick_controller/package.ps1'
[7.302s] INFO:colcon.colcon_core.shell:Creating package descriptor '/home/tpi5/391_Project_pi/391_ws/install/joystick_controller/share/joystick_controller/package.dsv'
[7.305s] INFO:colcon.colcon_core.shell:Creating package script '/home/tpi5/391_Project_pi/391_ws/install/joystick_controller/share/joystick_controller/package.sh'
[7.309s] INFO:colcon.colcon_core.shell:Creating package script '/home/tpi5/391_Project_pi/391_ws/install/joystick_controller/share/joystick_controller/package.bash'
[7.312s] INFO:colcon.colcon_core.shell:Creating package script '/home/tpi5/391_Project_pi/391_ws/install/joystick_controller/share/joystick_controller/package.zsh'
[7.313s] Level 1:colcon.colcon_core.environment:create_file_with_runtime_dependencies(/home/tpi5/391_Project_pi/391_ws/install/joystick_controller/share/colcon-core/packages/joystick_controller)
[7.315s] INFO:colcon.colcon_ros.task.ament_python.build:Building ROS package in '/home/tpi5/391_Project_pi/391_ws/src/tao_controller' with build type 'ament_python'
[7.320s] Level 1:colcon.colcon_core.shell:create_environment_hook('tao_controller', 'ament_prefix_path')
[7.321s] INFO:colcon.colcon_core.shell:Creating environment hook '/home/tpi5/391_Project_pi/391_ws/install/tao_controller/share/tao_controller/hook/ament_prefix_path.ps1'
[7.324s] INFO:colcon.colcon_core.shell:Creating environment descriptor '/home/tpi5/391_Project_pi/391_ws/install/tao_controller/share/tao_controller/hook/ament_prefix_path.dsv'
[7.327s] INFO:colcon.colcon_core.shell:Creating environment hook '/home/tpi5/391_Project_pi/391_ws/install/tao_controller/share/tao_controller/hook/ament_prefix_path.sh'
[7.331s] INFO:colcon.colcon_core.shell:Skip shell extension 'powershell' for command environment: Not usable outside of PowerShell
[7.331s] DEBUG:colcon.colcon_core.shell:Skip shell extension 'dsv' for command environment
[7.722s] INFO:colcon.colcon_core.task.python.build:Building Python package in '/home/tpi5/391_Project_pi/391_ws/src/tao_controller'
[7.722s] INFO:colcon.colcon_core.shell:Skip shell extension 'powershell' for command environment: Not usable outside of PowerShell
[7.722s] DEBUG:colcon.colcon_core.shell:Skip shell extension 'dsv' for command environment
[7.735s] DEBUG:colcon.colcon_core.event_handler.log_command:Invoking command in '/home/tpi5/391_Project_pi/391_ws/src/servo_dril_controller': PYTHONPATH=/home/tpi5/391_Project_pi/391_ws/build/servo_dril_controller/prefix_override:/usr/lib/python3/dist-packages/colcon_core/task/python/colcon_distutils_commands:/home/tpi5/391_Project_pi/391_ws/install/servo_dril_controller/lib/python3.12/site-packages:${PYTHONPATH} /usr/bin/python3 -W ignore:setup.py install is deprecated -W ignore:easy_install command is deprecated setup.py egg_info --egg-base ../../build/servo_dril_controller build --build-base /home/tpi5/391_Project_pi/391_ws/build/servo_dril_controller/build install --record /home/tpi5/391_Project_pi/391_ws/build/servo_dril_controller/install.log --single-version-externally-managed install_data
[7.736s] DEBUG:colcon.colcon_core.event_handler.log_command:Invoking command in '/home/tpi5/391_Project_pi/391_ws/src/linear_controller': PYTHONPATH=/home/tpi5/391_Project_pi/391_ws/build/linear_controller/prefix_override:/usr/lib/python3/dist-packages/colcon_core/task/python/colcon_distutils_commands:/home/tpi5/391_Project_pi/391_ws/install/linear_controller/lib/python3.12/site-packages:${PYTHONPATH} /usr/bin/python3 -W ignore:setup.py install is deprecated -W ignore:easy_install command is deprecated setup.py egg_info --egg-base ../../build/linear_controller build --build-base /home/tpi5/391_Project_pi/391_ws/build/linear_controller/build install --record /home/tpi5/391_Project_pi/391_ws/build/linear_controller/install.log --single-version-externally-managed install_data
[7.741s] DEBUG:colcon.colcon_core.event_handler.log_command:Invoking command in '/home/tpi5/391_Project_pi/391_ws/src/servo_switch180_controller': PYTHONPATH=/home/tpi5/391_Project_pi/391_ws/build/servo_switch180_controller/prefix_override:/usr/lib/python3/dist-packages/colcon_core/task/python/colcon_distutils_commands:/home/tpi5/391_Project_pi/391_ws/install/servo_switch180_controller/lib/python3.12/site-packages:${PYTHONPATH} /usr/bin/python3 -W ignore:setup.py install is deprecated -W ignore:easy_install command is deprecated setup.py egg_info --egg-base ../../build/servo_switch180_controller build --build-base /home/tpi5/391_Project_pi/391_ws/build/servo_switch180_controller/build install --record /home/tpi5/391_Project_pi/391_ws/build/servo_switch180_controller/install.log --single-version-externally-managed install_data
[8.704s] Level 1:colcon.colcon_core.environment:checking '/home/tpi5/391_Project_pi/391_ws/install/servo_dril_controller' for CMake module files
[8.705s] Level 1:colcon.colcon_core.environment:checking '/home/tpi5/391_Project_pi/391_ws/install/servo_dril_controller' for CMake config files
[8.708s] DEBUG:colcon.colcon_core.event_handler.log_command:Invoked command in '/home/tpi5/391_Project_pi/391_ws/src/servo_dril_controller' returned '0': PYTHONPATH=/home/tpi5/391_Project_pi/391_ws/build/servo_dril_controller/prefix_override:/usr/lib/python3/dist-packages/colcon_core/task/python/colcon_distutils_commands:/home/tpi5/391_Project_pi/391_ws/install/servo_dril_controller/lib/python3.12/site-packages:${PYTHONPATH} /usr/bin/python3 -W ignore:setup.py install is deprecated -W ignore:easy_install command is deprecated setup.py egg_info --egg-base ../../build/servo_dril_controller build --build-base /home/tpi5/391_Project_pi/391_ws/build/servo_dril_controller/build install --record /home/tpi5/391_Project_pi/391_ws/build/servo_dril_controller/install.log --single-version-externally-managed install_data
[8.709s] Level 1:colcon.colcon_core.environment:checking '/home/tpi5/391_Project_pi/391_ws/install/servo_dril_controller/lib'
[8.709s] Level 1:colcon.colcon_core.environment:checking '/home/tpi5/391_Project_pi/391_ws/install/servo_dril_controller/bin'
[8.710s] Level 1:colcon.colcon_core.environment:checking '/home/tpi5/391_Project_pi/391_ws/install/servo_dril_controller/lib/pkgconfig/servo_dril_controller.pc'
[8.710s] Level 1:colcon.colcon_core.environment:checking '/home/tpi5/391_Project_pi/391_ws/install/servo_dril_controller/lib/python3.12/site-packages'
[8.711s] Level 1:colcon.colcon_core.shell:create_environment_hook('servo_dril_controller', 'pythonpath')
[8.712s] INFO:colcon.colcon_core.shell:Creating environment hook '/home/tpi5/391_Project_pi/391_ws/install/servo_dril_controller/share/servo_dril_controller/hook/pythonpath.ps1'
[8.713s] INFO:colcon.colcon_core.shell:Creating environment descriptor '/home/tpi5/391_Project_pi/391_ws/install/servo_dril_controller/share/servo_dril_controller/hook/pythonpath.dsv'
[8.715s] INFO:colcon.colcon_core.shell:Creating environment hook '/home/tpi5/391_Project_pi/391_ws/install/servo_dril_controller/share/servo_dril_controller/hook/pythonpath.sh'
[8.721s] Level 1:colcon.colcon_core.environment:checking '/home/tpi5/391_Project_pi/391_ws/install/servo_dril_controller/bin'
[8.722s] Level 1:colcon.colcon_core.environment:create_environment_scripts_only(servo_dril_controller)
[8.723s] INFO:colcon.colcon_core.shell:Creating package script '/home/tpi5/391_Project_pi/391_ws/install/servo_dril_controller/share/servo_dril_controller/package.ps1'
[8.726s] INFO:colcon.colcon_core.shell:Creating package descriptor '/home/tpi5/391_Project_pi/391_ws/install/servo_dril_controller/share/servo_dril_controller/package.dsv'
[8.729s] INFO:colcon.colcon_core.shell:Creating package script '/home/tpi5/391_Project_pi/391_ws/install/servo_dril_controller/share/servo_dril_controller/package.sh'
[8.731s] INFO:colcon.colcon_core.shell:Creating package script '/home/tpi5/391_Project_pi/391_ws/install/servo_dril_controller/share/servo_dril_controller/package.bash'
[8.734s] INFO:colcon.colcon_core.shell:Creating package script '/home/tpi5/391_Project_pi/391_ws/install/servo_dril_controller/share/servo_dril_controller/package.zsh'
[8.736s] Level 1:colcon.colcon_core.environment:create_file_with_runtime_dependencies(/home/tpi5/391_Project_pi/391_ws/install/servo_dril_controller/share/colcon-core/packages/servo_dril_controller)
[8.827s] Level 1:colcon.colcon_core.environment:checking '/home/tpi5/391_Project_pi/391_ws/install/linear_controller' for CMake module files
[8.827s] DEBUG:colcon.colcon_core.event_handler.log_command:Invoked command in '/home/tpi5/391_Project_pi/391_ws/src/linear_controller' returned '0': PYTHONPATH=/home/tpi5/391_Project_pi/391_ws/build/linear_controller/prefix_override:/usr/lib/python3/dist-packages/colcon_core/task/python/colcon_distutils_commands:/home/tpi5/391_Project_pi/391_ws/install/linear_controller/lib/python3.12/site-packages:${PYTHONPATH} /usr/bin/python3 -W ignore:setup.py install is deprecated -W ignore:easy_install command is deprecated setup.py egg_info --egg-base ../../build/linear_controller build --build-base /home/tpi5/391_Project_pi/391_ws/build/linear_controller/build install --record /home/tpi5/391_Project_pi/391_ws/build/linear_controller/install.log --single-version-externally-managed install_data
[8.829s] Level 1:colcon.colcon_core.environment:checking '/home/tpi5/391_Project_pi/391_ws/install/linear_controller' for CMake config files
[8.831s] Level 1:colcon.colcon_core.environment:checking '/home/tpi5/391_Project_pi/391_ws/install/linear_controller/lib'
[8.832s] Level 1:colcon.colcon_core.environment:checking '/home/tpi5/391_Project_pi/391_ws/install/linear_controller/bin'
[8.832s] Level 1:colcon.colcon_core.environment:checking '/home/tpi5/391_Project_pi/391_ws/install/linear_controller/lib/pkgconfig/linear_controller.pc'
[8.833s] Level 1:colcon.colcon_core.environment:checking '/home/tpi5/391_Project_pi/391_ws/install/linear_controller/lib/python3.12/site-packages'
[8.833s] Level 1:colcon.colcon_core.shell:create_environment_hook('linear_controller', 'pythonpath')
[8.834s] INFO:colcon.colcon_core.shell:Creating environment hook '/home/tpi5/391_Project_pi/391_ws/install/linear_controller/share/linear_controller/hook/pythonpath.ps1'
[8.837s] INFO:colcon.colcon_core.shell:Creating environment descriptor '/home/tpi5/391_Project_pi/391_ws/install/linear_controller/share/linear_controller/hook/pythonpath.dsv'
[8.838s] INFO:colcon.colcon_core.shell:Creating environment hook '/home/tpi5/391_Project_pi/391_ws/install/linear_controller/share/linear_controller/hook/pythonpath.sh'
[8.840s] Level 1:colcon.colcon_core.environment:checking '/home/tpi5/391_Project_pi/391_ws/install/linear_controller/bin'
[8.841s] Level 1:colcon.colcon_core.environment:create_environment_scripts_only(linear_controller)
[8.842s] INFO:colcon.colcon_core.shell:Creating package script '/home/tpi5/391_Project_pi/391_ws/install/linear_controller/share/linear_controller/package.ps1'
[8.843s] INFO:colcon.colcon_core.shell:Creating package descriptor '/home/tpi5/391_Project_pi/391_ws/install/linear_controller/share/linear_controller/package.dsv'
[8.844s] INFO:colcon.colcon_core.shell:Creating package script '/home/tpi5/391_Project_pi/391_ws/install/linear_controller/share/linear_controller/package.sh'
[8.846s] INFO:colcon.colcon_core.shell:Creating package script '/home/tpi5/391_Project_pi/391_ws/install/linear_controller/share/linear_controller/package.bash'
[8.847s] INFO:colcon.colcon_core.shell:Creating package script '/home/tpi5/391_Project_pi/391_ws/install/linear_controller/share/linear_controller/package.zsh'
[8.849s] Level 1:colcon.colcon_core.environment:create_file_with_runtime_dependencies(/home/tpi5/391_Project_pi/391_ws/install/linear_controller/share/colcon-core/packages/linear_controller)
[8.853s] DEBUG:colcon.colcon_core.event_handler.log_command:Invoking command in '/home/tpi5/391_Project_pi/391_ws/src/tao_controller': PYTHONPATH=/home/tpi5/391_Project_pi/391_ws/build/tao_controller/prefix_override:/usr/lib/python3/dist-packages/colcon_core/task/python/colcon_distutils_commands:/home/tpi5/391_Project_pi/391_ws/install/tao_controller/lib/python3.12/site-packages:${PYTHONPATH} /usr/bin/python3 -W ignore:setup.py install is deprecated -W ignore:easy_install command is deprecated setup.py egg_info --egg-base ../../build/tao_controller build --build-base /home/tpi5/391_Project_pi/391_ws/build/tao_controller/build install --record /home/tpi5/391_Project_pi/391_ws/build/tao_controller/install.log --single-version-externally-managed install_data
[8.853s] Level 1:colcon.colcon_core.environment:checking '/home/tpi5/391_Project_pi/391_ws/install/servo_switch180_controller' for CMake module files
[8.854s] DEBUG:colcon.colcon_core.event_handler.log_command:Invoked command in '/home/tpi5/391_Project_pi/391_ws/src/servo_switch180_controller' returned '0': PYTHONPATH=/home/tpi5/391_Project_pi/391_ws/build/servo_switch180_controller/prefix_override:/usr/lib/python3/dist-packages/colcon_core/task/python/colcon_distutils_commands:/home/tpi5/391_Project_pi/391_ws/install/servo_switch180_controller/lib/python3.12/site-packages:${PYTHONPATH} /usr/bin/python3 -W ignore:setup.py install is deprecated -W ignore:easy_install command is deprecated setup.py egg_info --egg-base ../../build/servo_switch180_controller build --build-base /home/tpi5/391_Project_pi/391_ws/build/servo_switch180_controller/build install --record /home/tpi5/391_Project_pi/391_ws/build/servo_switch180_controller/install.log --single-version-externally-managed install_data
[8.855s] Level 1:colcon.colcon_core.environment:checking '/home/tpi5/391_Project_pi/391_ws/install/servo_switch180_controller' for CMake config files
[8.856s] Level 1:colcon.colcon_core.environment:checking '/home/tpi5/391_Project_pi/391_ws/install/servo_switch180_controller/lib'
[8.857s] Level 1:colcon.colcon_core.environment:checking '/home/tpi5/391_Project_pi/391_ws/install/servo_switch180_controller/bin'
[8.857s] Level 1:colcon.colcon_core.environment:checking '/home/tpi5/391_Project_pi/391_ws/install/servo_switch180_controller/lib/pkgconfig/servo_switch180_controller.pc'
[8.857s] Level 1:colcon.colcon_core.environment:checking '/home/tpi5/391_Project_pi/391_ws/install/servo_switch180_controller/lib/python3.12/site-packages'
[8.857s] Level 1:colcon.colcon_core.shell:create_environment_hook('servo_switch180_controller', 'pythonpath')
[8.858s] INFO:colcon.colcon_core.shell:Creating environment hook '/home/tpi5/391_Project_pi/391_ws/install/servo_switch180_controller/share/servo_switch180_controller/hook/pythonpath.ps1'
[8.858s] INFO:colcon.colcon_core.shell:Creating environment descriptor '/home/tpi5/391_Project_pi/391_ws/install/servo_switch180_controller/share/servo_switch180_controller/hook/pythonpath.dsv'
[8.860s] INFO:colcon.colcon_core.shell:Creating environment hook '/home/tpi5/391_Project_pi/391_ws/install/servo_switch180_controller/share/servo_switch180_controller/hook/pythonpath.sh'
[8.861s] Level 1:colcon.colcon_core.environment:checking '/home/tpi5/391_Project_pi/391_ws/install/servo_switch180_controller/bin'
[8.862s] Level 1:colcon.colcon_core.environment:create_environment_scripts_only(servo_switch180_controller)
[8.862s] INFO:colcon.colcon_core.shell:Creating package script '/home/tpi5/391_Project_pi/391_ws/install/servo_switch180_controller/share/servo_switch180_controller/package.ps1'
[8.863s] INFO:colcon.colcon_core.shell:Creating package descriptor '/home/tpi5/391_Project_pi/391_ws/install/servo_switch180_controller/share/servo_switch180_controller/package.dsv'
[8.865s] INFO:colcon.colcon_core.shell:Creating package script '/home/tpi5/391_Project_pi/391_ws/install/servo_switch180_controller/share/servo_switch180_controller/package.sh'
[8.866s] INFO:colcon.colcon_core.shell:Creating package script '/home/tpi5/391_Project_pi/391_ws/install/servo_switch180_controller/share/servo_switch180_controller/package.bash'
[8.868s] INFO:colcon.colcon_core.shell:Creating package script '/home/tpi5/391_Project_pi/391_ws/install/servo_switch180_controller/share/servo_switch180_controller/package.zsh'
[8.869s] Level 1:colcon.colcon_core.environment:create_file_with_runtime_dependencies(/home/tpi5/391_Project_pi/391_ws/install/servo_switch180_controller/share/colcon-core/packages/servo_switch180_controller)
[9.605s] Level 1:colcon.colcon_core.environment:checking '/home/tpi5/391_Project_pi/391_ws/install/tao_controller' for CMake module files
[9.605s] DEBUG:colcon.colcon_core.event_handler.log_command:Invoked command in '/home/tpi5/391_Project_pi/391_ws/src/tao_controller' returned '0': PYTHONPATH=/home/tpi5/391_Project_pi/391_ws/build/tao_controller/prefix_override:/usr/lib/python3/dist-packages/colcon_core/task/python/colcon_distutils_commands:/home/tpi5/391_Project_pi/391_ws/install/tao_controller/lib/python3.12/site-packages:${PYTHONPATH} /usr/bin/python3 -W ignore:setup.py install is deprecated -W ignore:easy_install command is deprecated setup.py egg_info --egg-base ../../build/tao_controller build --build-base /home/tpi5/391_Project_pi/391_ws/build/tao_controller/build install --record /home/tpi5/391_Project_pi/391_ws/build/tao_controller/install.log --single-version-externally-managed install_data
[9.606s] Level 1:colcon.colcon_core.environment:checking '/home/tpi5/391_Project_pi/391_ws/install/tao_controller' for CMake config files
[9.607s] Level 1:colcon.colcon_core.environment:checking '/home/tpi5/391_Project_pi/391_ws/install/tao_controller/lib'
[9.607s] Level 1:colcon.colcon_core.environment:checking '/home/tpi5/391_Project_pi/391_ws/install/tao_controller/bin'
[9.607s] Level 1:colcon.colcon_core.environment:checking '/home/tpi5/391_Project_pi/391_ws/install/tao_controller/lib/pkgconfig/tao_controller.pc'
[9.607s] Level 1:colcon.colcon_core.environment:checking '/home/tpi5/391_Project_pi/391_ws/install/tao_controller/lib/python3.12/site-packages'
[9.607s] Level 1:colcon.colcon_core.shell:create_environment_hook('tao_controller', 'pythonpath')
[9.607s] INFO:colcon.colcon_core.shell:Creating environment hook '/home/tpi5/391_Project_pi/391_ws/install/tao_controller/share/tao_controller/hook/pythonpath.ps1'
[9.608s] INFO:colcon.colcon_core.shell:Creating environment descriptor '/home/tpi5/391_Project_pi/391_ws/install/tao_controller/share/tao_controller/hook/pythonpath.dsv'
[9.610s] INFO:colcon.colcon_core.shell:Creating environment hook '/home/tpi5/391_Project_pi/391_ws/install/tao_controller/share/tao_controller/hook/pythonpath.sh'
[9.611s] Level 1:colcon.colcon_core.environment:checking '/home/tpi5/391_Project_pi/391_ws/install/tao_controller/bin'
[9.611s] Level 1:colcon.colcon_core.environment:create_environment_scripts_only(tao_controller)
[9.612s] INFO:colcon.colcon_core.shell:Creating package script '/home/tpi5/391_Project_pi/391_ws/install/tao_controller/share/tao_controller/package.ps1'
[9.614s] INFO:colcon.colcon_core.shell:Creating package descriptor '/home/tpi5/391_Project_pi/391_ws/install/tao_controller/share/tao_controller/package.dsv'
[9.615s] INFO:colcon.colcon_core.shell:Creating package script '/home/tpi5/391_Project_pi/391_ws/install/tao_controller/share/tao_controller/package.sh'
[9.616s] INFO:colcon.colcon_core.shell:Creating package script '/home/tpi5/391_Project_pi/391_ws/install/tao_controller/share/tao_controller/package.bash'
[9.617s] INFO:colcon.colcon_core.shell:Creating package script '/home/tpi5/391_Project_pi/391_ws/install/tao_controller/share/tao_controller/package.zsh'
[9.618s] Level 1:colcon.colcon_core.environment:create_file_with_runtime_dependencies(/home/tpi5/391_Project_pi/391_ws/install/tao_controller/share/colcon-core/packages/tao_controller)
[9.618s] INFO:colcon.colcon_ros.task.ament_python.build:Building ROS package in '/home/tpi5/391_Project_pi/391_ws/src/robot_bringup' with build type 'ament_python'
[9.618s] Level 1:colcon.colcon_core.shell:create_environment_hook('robot_bringup', 'ament_prefix_path')
[9.618s] INFO:colcon.colcon_core.shell:Creating environment hook '/home/tpi5/391_Project_pi/391_ws/install/robot_bringup/share/robot_bringup/hook/ament_prefix_path.ps1'
[9.619s] INFO:colcon.colcon_core.shell:Creating environment descriptor '/home/tpi5/391_Project_pi/391_ws/install/robot_bringup/share/robot_bringup/hook/ament_prefix_path.dsv'
[9.620s] INFO:colcon.colcon_core.shell:Creating environment hook '/home/tpi5/391_Project_pi/391_ws/install/robot_bringup/share/robot_bringup/hook/ament_prefix_path.sh'
[9.621s] INFO:colcon.colcon_core.shell:Skip shell extension 'powershell' for command environment: Not usable outside of PowerShell
[9.621s] DEBUG:colcon.colcon_core.shell:Skip shell extension 'dsv' for command environment
[9.971s] INFO:colcon.colcon_core.task.python.build:Building Python package in '/home/tpi5/391_Project_pi/391_ws/src/robot_bringup'
[9.971s] INFO:colcon.colcon_core.shell:Skip shell extension 'powershell' for command environment: Not usable outside of PowerShell
[9.972s] DEBUG:colcon.colcon_core.shell:Skip shell extension 'dsv' for command environment
[10.816s] DEBUG:colcon.colcon_core.event_handler.log_command:Invoking command in '/home/tpi5/391_Project_pi/391_ws/src/robot_bringup': AMENT_PREFIX_PATH=/home/tpi5/391_Project_pi/391_ws/install/tao_controller:/home/tpi5/391_Project_pi/391_ws/install/servo_switch180_controller:/home/tpi5/391_Project_pi/391_ws/install/servo_dril_controller:/home/tpi5/391_Project_pi/391_ws/install/linear_controller:/home/tpi5/391_Project_pi/391_ws/install/joystick_controller:/home/tpi5/391_Project_pi/391_ws/install/gripper_controller:/home/tpi5/391_Project_pi/391_ws/install/dual_cam_mjpeg_server:/home/tpi5/391_Project_pi/391_ws/install/drive_controller:/home/tpi5/391_Project_pi/391_ws/install/dril_controller:/home/tpi5/391_Project_pi/391_ws/install/robot_bringup:/home/tpi5/391_Project_pi/install/tao_controller:/home/tpi5/391_Project_pi/install/servo_switch180_controller:/home/tpi5/391_Project_pi/install/servo_dril_controller:/home/tpi5/391_Project_pi/install/servo_controller:/home/tpi5/391_Project_pi/install/linear_controller:/home/tpi5/391_Project_pi/install/joystick_controller:/home/tpi5/391_Project_pi/install/gripper_controller:/home/tpi5/391_Project_pi/install/dual_cam_mjpeg_server:/home/tpi5/391_Project_pi/install/drive_controller:/home/tpi5/391_Project_pi/install/dril_controller:/home/tpi5/391_Project/391_ws/install/joystick_controller:/home/tpi5/391_Project/391_ws/install/drive_controller:/home/tpi5/uros_ws/install/micro_ros_setup:/home/tpi5/uros_ws/install/micro_ros_agent:/home/tpi5/uros_ws/install/micro_ros_msgs:/opt/ros/jazzy PYTHONPATH=/home/tpi5/391_Project_pi/391_ws/build/robot_bringup/prefix_override:/usr/lib/python3/dist-packages/colcon_core/task/python/colcon_distutils_commands:/home/tpi5/391_Project_pi/391_ws/install/robot_bringup/lib/python3.12/site-packages:/home/tpi5/391_Project_pi/391_ws/install/tao_controller/lib/python3.12/site-packages:/home/tpi5/391_Project_pi/391_ws/install/servo_switch180_controller/lib/python3.12/site-packages:/home/tpi5/391_Project_pi/391_ws/install/servo_dril_controller/lib/python3.12/site-packages:/home/tpi5/391_Project_pi/391_ws/install/linear_controller/lib/python3.12/site-packages:/home/tpi5/391_Project_pi/391_ws/install/joystick_controller/lib/python3.12/site-packages:/home/tpi5/391_Project_pi/391_ws/install/gripper_controller/lib/python3.12/site-packages:/home/tpi5/391_Project_pi/391_ws/install/dual_cam_mjpeg_server/lib/python3.12/site-packages:/home/tpi5/391_Project_pi/391_ws/install/drive_controller/lib/python3.12/site-packages:/home/tpi5/391_Project_pi/391_ws/install/dril_controller/lib/python3.12/site-packages:/home/tpi5/391_Project_pi/391_ws/install/robot_bringup/lib/python3.12/site-packages:/home/tpi5/391_Project_pi/install/tao_controller/lib/python3.12/site-packages:/home/tpi5/391_Project_pi/install/servo_switch180_controller/lib/python3.12/site-packages:/home/tpi5/391_Project_pi/install/servo_dril_controller/lib/python3.12/site-packages:/home/tpi5/391_Project_pi/install/servo_controller/lib/python3.12/site-packages:/home/tpi5/391_Project_pi/install/linear_controller/lib/python3.12/site-packages:/home/tpi5/391_Project_pi/install/joystick_controller/lib/python3.12/site-packages:/home/tpi5/391_Project_pi/install/gripper_controller/lib/python3.12/site-packages:/home/tpi5/391_Project_pi/install/dual_cam_mjpeg_server/lib/python3.12/site-packages:/home/tpi5/391_Project_pi/install/drive_controller/lib/python3.12/site-packages:/home/tpi5/391_Project_pi/install/dril_controller/lib/python3.12/site-packages:/home/tpi5/391_Project/391_ws/install/joystick_controller/lib/python3.12/site-packages:/home/tpi5/391_Project/391_ws/install/drive_controller/lib/python3.12/site-packages:/home/tpi5/uros_ws/install/micro_ros_msgs/lib/python3.12/site-packages:/opt/ros/jazzy/lib/python3.12/site-packages /usr/bin/python3 -W ignore:setup.py install is deprecated -W ignore:easy_install command is deprecated setup.py egg_info --egg-base ../../build/robot_bringup build --build-base /home/tpi5/391_Project_pi/391_ws/build/robot_bringup/build install --record /home/tpi5/391_Project_pi/391_ws/build/robot_bringup/install.log --single-version-externally-managed install_data
[11.568s] Level 1:colcon.colcon_core.environment:checking '/home/tpi5/391_Project_pi/391_ws/install/robot_bringup' for CMake module files
[11.569s] DEBUG:colcon.colcon_core.event_handler.log_command:Invoked command in '/home/tpi5/391_Project_pi/391_ws/src/robot_bringup' returned '0': AMENT_PREFIX_PATH=/home/tpi5/391_Project_pi/391_ws/install/tao_controller:/home/tpi5/391_Project_pi/391_ws/install/servo_switch180_controller:/home/tpi5/391_Project_pi/391_ws/install/servo_dril_controller:/home/tpi5/391_Project_pi/391_ws/install/linear_controller:/home/tpi5/391_Project_pi/391_ws/install/joystick_controller:/home/tpi5/391_Project_pi/391_ws/install/gripper_controller:/home/tpi5/391_Project_pi/391_ws/install/dual_cam_mjpeg_server:/home/tpi5/391_Project_pi/391_ws/install/drive_controller:/home/tpi5/391_Project_pi/391_ws/install/dril_controller:/home/tpi5/391_Project_pi/391_ws/install/robot_bringup:/home/tpi5/391_Project_pi/install/tao_controller:/home/tpi5/391_Project_pi/install/servo_switch180_controller:/home/tpi5/391_Project_pi/install/servo_dril_controller:/home/tpi5/391_Project_pi/install/servo_controller:/home/tpi5/391_Project_pi/install/linear_controller:/home/tpi5/391_Project_pi/install/joystick_controller:/home/tpi5/391_Project_pi/install/gripper_controller:/home/tpi5/391_Project_pi/install/dual_cam_mjpeg_server:/home/tpi5/391_Project_pi/install/drive_controller:/home/tpi5/391_Project_pi/install/dril_controller:/home/tpi5/391_Project/391_ws/install/joystick_controller:/home/tpi5/391_Project/391_ws/install/drive_controller:/home/tpi5/uros_ws/install/micro_ros_setup:/home/tpi5/uros_ws/install/micro_ros_agent:/home/tpi5/uros_ws/install/micro_ros_msgs:/opt/ros/jazzy PYTHONPATH=/home/tpi5/391_Project_pi/391_ws/build/robot_bringup/prefix_override:/usr/lib/python3/dist-packages/colcon_core/task/python/colcon_distutils_commands:/home/tpi5/391_Project_pi/391_ws/install/robot_bringup/lib/python3.12/site-packages:/home/tpi5/391_Project_pi/391_ws/install/tao_controller/lib/python3.12/site-packages:/home/tpi5/391_Project_pi/391_ws/install/servo_switch180_controller/lib/python3.12/site-packages:/home/tpi5/391_Project_pi/391_ws/install/servo_dril_controller/lib/python3.12/site-packages:/home/tpi5/391_Project_pi/391_ws/install/linear_controller/lib/python3.12/site-packages:/home/tpi5/391_Project_pi/391_ws/install/joystick_controller/lib/python3.12/site-packages:/home/tpi5/391_Project_pi/391_ws/install/gripper_controller/lib/python3.12/site-packages:/home/tpi5/391_Project_pi/391_ws/install/dual_cam_mjpeg_server/lib/python3.12/site-packages:/home/tpi5/391_Project_pi/391_ws/install/drive_controller/lib/python3.12/site-packages:/home/tpi5/391_Project_pi/391_ws/install/dril_controller/lib/python3.12/site-packages:/home/tpi5/391_Project_pi/391_ws/install/robot_bringup/lib/python3.12/site-packages:/home/tpi5/391_Project_pi/install/tao_controller/lib/python3.12/site-packages:/home/tpi5/391_Project_pi/install/servo_switch180_controller/lib/python3.12/site-packages:/home/tpi5/391_Project_pi/install/servo_dril_controller/lib/python3.12/site-packages:/home/tpi5/391_Project_pi/install/servo_controller/lib/python3.12/site-packages:/home/tpi5/391_Project_pi/install/linear_controller/lib/python3.12/site-packages:/home/tpi5/391_Project_pi/install/joystick_controller/lib/python3.12/site-packages:/home/tpi5/391_Project_pi/install/gripper_controller/lib/python3.12/site-packages:/home/tpi5/391_Project_pi/install/dual_cam_mjpeg_server/lib/python3.12/site-packages:/home/tpi5/391_Project_pi/install/drive_controller/lib/python3.12/site-packages:/home/tpi5/391_Project_pi/install/dril_controller/lib/python3.12/site-packages:/home/tpi5/391_Project/391_ws/install/joystick_controller/lib/python3.12/site-packages:/home/tpi5/391_Project/391_ws/install/drive_controller/lib/python3.12/site-packages:/home/tpi5/uros_ws/install/micro_ros_msgs/lib/python3.12/site-packages:/opt/ros/jazzy/lib/python3.12/site-packages /usr/bin/python3 -W ignore:setup.py install is deprecated -W ignore:easy_install command is deprecated setup.py egg_info --egg-base ../../build/robot_bringup build --build-base /home/tpi5/391_Project_pi/391_ws/build/robot_bringup/build install --record /home/tpi5/391_Project_pi/391_ws/build/robot_bringup/install.log --single-version-externally-managed install_data
[11.570s] Level 1:colcon.colcon_core.environment:checking '/home/tpi5/391_Project_pi/391_ws/install/robot_bringup' for CMake config files
[11.570s] Level 1:colcon.colcon_core.environment:checking '/home/tpi5/391_Project_pi/391_ws/install/robot_bringup/lib'
[11.570s] Level 1:colcon.colcon_core.environment:checking '/home/tpi5/391_Project_pi/391_ws/install/robot_bringup/bin'
[11.570s] Level 1:colcon.colcon_core.environment:checking '/home/tpi5/391_Project_pi/391_ws/install/robot_bringup/lib/pkgconfig/robot_bringup.pc'
[11.571s] Level 1:colcon.colcon_core.environment:checking '/home/tpi5/391_Project_pi/391_ws/install/robot_bringup/lib/python3.12/site-packages'
[11.571s] Level 1:colcon.colcon_core.shell:create_environment_hook('robot_bringup', 'pythonpath')
[11.571s] INFO:colcon.colcon_core.shell:Creating environment hook '/home/tpi5/391_Project_pi/391_ws/install/robot_bringup/share/robot_bringup/hook/pythonpath.ps1'
[11.572s] INFO:colcon.colcon_core.shell:Creating environment descriptor '/home/tpi5/391_Project_pi/391_ws/install/robot_bringup/share/robot_bringup/hook/pythonpath.dsv'
[11.573s] INFO:colcon.colcon_core.shell:Creating environment hook '/home/tpi5/391_Project_pi/391_ws/install/robot_bringup/share/robot_bringup/hook/pythonpath.sh'
[11.574s] Level 1:colcon.colcon_core.environment:checking '/home/tpi5/391_Project_pi/391_ws/install/robot_bringup/bin'
[11.574s] Level 1:colcon.colcon_core.environment:create_environment_scripts_only(robot_bringup)
[11.574s] INFO:colcon.colcon_core.shell:Creating package script '/home/tpi5/391_Project_pi/391_ws/install/robot_bringup/share/robot_bringup/package.ps1'
[11.575s] INFO:colcon.colcon_core.shell:Creating package descriptor '/home/tpi5/391_Project_pi/391_ws/install/robot_bringup/share/robot_bringup/package.dsv'
[11.576s] INFO:colcon.colcon_core.shell:Creating package script '/home/tpi5/391_Project_pi/391_ws/install/robot_bringup/share/robot_bringup/package.sh'
[11.576s] INFO:colcon.colcon_core.shell:Creating package script '/home/tpi5/391_Project_pi/391_ws/install/robot_bringup/share/robot_bringup/package.bash'
[11.577s] INFO:colcon.colcon_core.shell:Creating package script '/home/tpi5/391_Project_pi/391_ws/install/robot_bringup/share/robot_bringup/package.zsh'
[11.578s] Level 1:colcon.colcon_core.environment:create_file_with_runtime_dependencies(/home/tpi5/391_Project_pi/391_ws/install/robot_bringup/share/colcon-core/packages/robot_bringup)
[11.579s] DEBUG:colcon.colcon_parallel_executor.executor.parallel:closing loop
[11.579s] DEBUG:colcon.colcon_parallel_executor.executor.parallel:loop closed
[11.580s] DEBUG:colcon.colcon_parallel_executor.executor.parallel:run_until_complete finished with '0'
[11.580s] DEBUG:colcon.colcon_core.event_reactor:joining thread
[11.591s] INFO:colcon.colcon_core.plugin_system:Skipping extension 'colcon_notification.desktop_notification.notify_send': Could not find 'notify-send'
[11.591s] INFO:colcon.colcon_core.plugin_system:Skipping extension 'colcon_notification.desktop_notification.terminal_notifier': Not used on non-Darwin systems
[11.591s] INFO:colcon.colcon_core.plugin_system:Skipping extension 'colcon_notification.desktop_notification.win32': Not used on non-Windows systems
[11.591s] INFO:colcon.colcon_notification.desktop_notification:Sending desktop notification using 'notify2'
[11.613s] DEBUG:colcon.colcon_notification.desktop_notification.notify2:Failed to initialize notify2: org.freedesktop.DBus.Error.ServiceUnknown: The name org.freedesktop.Notifications was not provided by any .service files
[11.613s] DEBUG:colcon.colcon_core.event_reactor:joined thread
[11.614s] INFO:colcon.colcon_core.shell:Creating prefix script '/home/tpi5/391_Project_pi/391_ws/install/local_setup.ps1'
[11.616s] INFO:colcon.colcon_core.shell:Creating prefix util module '/home/tpi5/391_Project_pi/391_ws/install/_local_setup_util_ps1.py'
[11.620s] INFO:colcon.colcon_core.shell:Creating prefix chain script '/home/tpi5/391_Project_pi/391_ws/install/setup.ps1'
[11.623s] INFO:colcon.colcon_core.shell:Creating prefix script '/home/tpi5/391_Project_pi/391_ws/install/local_setup.sh'
[11.625s] INFO:colcon.colcon_core.shell:Creating prefix util module '/home/tpi5/391_Project_pi/391_ws/install/_local_setup_util_sh.py'
[11.627s] INFO:colcon.colcon_core.shell:Creating prefix chain script '/home/tpi5/391_Project_pi/391_ws/install/setup.sh'
[11.630s] INFO:colcon.colcon_core.shell:Creating prefix script '/home/tpi5/391_Project_pi/391_ws/install/local_setup.bash'
[11.632s] INFO:colcon.colcon_core.shell:Creating prefix chain script '/home/tpi5/391_Project_pi/391_ws/install/setup.bash'
[11.635s] INFO:colcon.colcon_core.shell:Creating prefix script '/home/tpi5/391_Project_pi/391_ws/install/local_setup.zsh'
[11.637s] INFO:colcon.colcon_core.shell:Creating prefix chain script '/home/tpi5/391_Project_pi/391_ws/install/setup.zsh'
