[0.293s] DEBUG:colcon:Command line arguments: ['/usr/bin/colcon', 'build']
[0.293s] DEBUG:colcon:Parsed command line arguments: Namespace(log_base=None, log_level=None, verb_name='build', build_base='build', install_base='install', merge_install=False, symlink_install=False, test_result_base=None, continue_on_error=False, executor='parallel', parallel_workers=4, event_handlers=None, ignore_user_meta=False, metas=['./colcon.meta'], base_paths=['.'], packages_ignore=None, packages_ignore_regex=None, paths=None, packages_up_to=None, packages_up_to_regex=None, packages_above=None, packages_above_and_dependencies=None, packages_above_depth=None, packages_select_by_dep=None, packages_skip_by_dep=None, packages_skip_up_to=None, packages_select_build_failed=False, packages_skip_build_finished=False, packages_select_test_failures=False, packages_skip_test_passed=False, packages_select=None, packages_skip=None, packages_select_regex=None, packages_skip_regex=None, packages_start=None, packages_end=None, allow_overriding=[], cmake_args=None, cmake_target=None, cmake_target_skip_unavailable=False, cmake_clean_cache=False, cmake_clean_first=False, cmake_force_configure=False, ament_cmake_args=None, catkin_cmake_args=None, catkin_skip_building_tests=False, mixin_files=None, mixin=None, verb_parser=<colcon_mixin.mixin.mixin_argument.MixinArgumentDecorator object at 0xffffa28b5b80>, verb_extension=<colcon_core.verb.build.BuildVerb object at 0xffffa2a6a360>, main=<bound method BuildVerb.main of <colcon_core.verb.build.BuildVerb object at 0xffffa2a6a360>>, mixin_verb=('build',))
[0.413s] Level 1:colcon.colcon_core.package_discovery:discover_packages(colcon_meta) check parameters
[0.414s] Level 1:colcon.colcon_core.package_discovery:discover_packages(recursive) check parameters
[0.414s] Level 1:colcon.colcon_core.package_discovery:discover_packages(ignore) check parameters
[0.414s] Level 1:colcon.colcon_core.package_discovery:discover_packages(path) check parameters
[0.414s] Level 1:colcon.colcon_core.package_discovery:discover_packages(colcon_meta) discover
[0.414s] Level 1:colcon.colcon_core.package_discovery:discover_packages(recursive) discover
[0.414s] INFO:colcon.colcon_core.package_discovery:Crawling recursively for packages in '/home/tpi5/391_Project_pi/391_ws'
[0.414s] Level 1:colcon.colcon_core.package_identification:_identify(.) by extensions ['ignore', 'ignore_ament_install']
[0.414s] Level 1:colcon.colcon_core.package_identification:_identify(.) by extension 'ignore'
[0.414s] Level 1:colcon.colcon_core.package_identification:_identify(.) by extension 'ignore_ament_install'
[0.415s] Level 1:colcon.colcon_core.package_identification:_identify(.) by extensions ['colcon_pkg']
[0.415s] Level 1:colcon.colcon_core.package_identification:_identify(.) by extension 'colcon_pkg'
[0.415s] Level 1:colcon.colcon_core.package_identification:_identify(.) by extensions ['colcon_meta']
[0.415s] Level 1:colcon.colcon_core.package_identification:_identify(.) by extension 'colcon_meta'
[0.415s] Level 1:colcon.colcon_core.package_identification:_identify(.) by extensions ['ros']
[0.415s] Level 1:colcon.colcon_core.package_identification:_identify(.) by extension 'ros'
[0.471s] Level 1:colcon.colcon_core.package_identification:_identify(.) by extensions ['cmake', 'python']
[0.471s] Level 1:colcon.colcon_core.package_identification:_identify(.) by extension 'cmake'
[0.471s] Level 1:colcon.colcon_core.package_identification:_identify(.) by extension 'python'
[0.471s] Level 1:colcon.colcon_core.package_identification:_identify(.) by extensions ['python_setup_py']
[0.471s] Level 1:colcon.colcon_core.package_identification:_identify(.) by extension 'python_setup_py'
[0.471s] Level 1:colcon.colcon_core.package_identification:_identify(build) by extensions ['ignore', 'ignore_ament_install']
[0.472s] Level 1:colcon.colcon_core.package_identification:_identify(build) by extension 'ignore'
[0.472s] Level 1:colcon.colcon_core.package_identification:_identify(build) ignored
[0.472s] Level 1:colcon.colcon_core.package_identification:_identify(install) by extensions ['ignore', 'ignore_ament_install']
[0.472s] Level 1:colcon.colcon_core.package_identification:_identify(install) by extension 'ignore'
[0.472s] Level 1:colcon.colcon_core.package_identification:_identify(install) ignored
[0.472s] Level 1:colcon.colcon_core.package_identification:_identify(log) by extensions ['ignore', 'ignore_ament_install']
[0.472s] Level 1:colcon.colcon_core.package_identification:_identify(log) by extension 'ignore'
[0.472s] Level 1:colcon.colcon_core.package_identification:_identify(log) ignored
[0.472s] Level 1:colcon.colcon_core.package_identification:_identify(src) by extensions ['ignore', 'ignore_ament_install']
[0.472s] Level 1:colcon.colcon_core.package_identification:_identify(src) by extension 'ignore'
[0.473s] Level 1:colcon.colcon_core.package_identification:_identify(src) by extension 'ignore_ament_install'
[0.473s] Level 1:colcon.colcon_core.package_identification:_identify(src) by extensions ['colcon_pkg']
[0.473s] Level 1:colcon.colcon_core.package_identification:_identify(src) by extension 'colcon_pkg'
[0.473s] Level 1:colcon.colcon_core.package_identification:_identify(src) by extensions ['colcon_meta']
[0.473s] Level 1:colcon.colcon_core.package_identification:_identify(src) by extension 'colcon_meta'
[0.473s] Level 1:colcon.colcon_core.package_identification:_identify(src) by extensions ['ros']
[0.473s] Level 1:colcon.colcon_core.package_identification:_identify(src) by extension 'ros'
[0.473s] Level 1:colcon.colcon_core.package_identification:_identify(src) by extensions ['cmake', 'python']
[0.473s] Level 1:colcon.colcon_core.package_identification:_identify(src) by extension 'cmake'
[0.473s] Level 1:colcon.colcon_core.package_identification:_identify(src) by extension 'python'
[0.473s] Level 1:colcon.colcon_core.package_identification:_identify(src) by extensions ['python_setup_py']
[0.473s] Level 1:colcon.colcon_core.package_identification:_identify(src) by extension 'python_setup_py'
[0.474s] Level 1:colcon.colcon_core.package_identification:_identify(src/build) by extensions ['ignore', 'ignore_ament_install']
[0.474s] Level 1:colcon.colcon_core.package_identification:_identify(src/build) by extension 'ignore'
[0.474s] Level 1:colcon.colcon_core.package_identification:_identify(src/build) ignored
[0.475s] Level 1:colcon.colcon_core.package_identification:_identify(src/dril_controller) by extensions ['ignore', 'ignore_ament_install']
[0.475s] Level 1:colcon.colcon_core.package_identification:_identify(src/dril_controller) by extension 'ignore'
[0.475s] Level 1:colcon.colcon_core.package_identification:_identify(src/dril_controller) by extension 'ignore_ament_install'
[0.475s] Level 1:colcon.colcon_core.package_identification:_identify(src/dril_controller) by extensions ['colcon_pkg']
[0.475s] Level 1:colcon.colcon_core.package_identification:_identify(src/dril_controller) by extension 'colcon_pkg'
[0.475s] Level 1:colcon.colcon_core.package_identification:_identify(src/dril_controller) by extensions ['colcon_meta']
[0.475s] Level 1:colcon.colcon_core.package_identification:_identify(src/dril_controller) by extension 'colcon_meta'
[0.475s] Level 1:colcon.colcon_core.package_identification:_identify(src/dril_controller) by extensions ['ros']
[0.475s] Level 1:colcon.colcon_core.package_identification:_identify(src/dril_controller) by extension 'ros'
[0.486s] DEBUG:colcon.colcon_core.package_identification:Package 'src/dril_controller' with type 'ros.ament_python' and name 'dril_controller'
[0.487s] Level 1:colcon.colcon_core.package_identification:_identify(src/drive_controller) by extensions ['ignore', 'ignore_ament_install']
[0.487s] Level 1:colcon.colcon_core.package_identification:_identify(src/drive_controller) by extension 'ignore'
[0.488s] Level 1:colcon.colcon_core.package_identification:_identify(src/drive_controller) by extension 'ignore_ament_install'
[0.488s] Level 1:colcon.colcon_core.package_identification:_identify(src/drive_controller) by extensions ['colcon_pkg']
[0.488s] Level 1:colcon.colcon_core.package_identification:_identify(src/drive_controller) by extension 'colcon_pkg'
[0.488s] Level 1:colcon.colcon_core.package_identification:_identify(src/drive_controller) by extensions ['colcon_meta']
[0.488s] Level 1:colcon.colcon_core.package_identification:_identify(src/drive_controller) by extension 'colcon_meta'
[0.488s] Level 1:colcon.colcon_core.package_identification:_identify(src/drive_controller) by extensions ['ros']
[0.488s] Level 1:colcon.colcon_core.package_identification:_identify(src/drive_controller) by extension 'ros'
[0.489s] DEBUG:colcon.colcon_core.package_identification:Package 'src/drive_controller' with type 'ros.ament_python' and name 'drive_controller'
[0.490s] Level 1:colcon.colcon_core.package_identification:_identify(src/dual_cam_mjpeg_server) by extensions ['ignore', 'ignore_ament_install']
[0.490s] Level 1:colcon.colcon_core.package_identification:_identify(src/dual_cam_mjpeg_server) by extension 'ignore'
[0.490s] Level 1:colcon.colcon_core.package_identification:_identify(src/dual_cam_mjpeg_server) by extension 'ignore_ament_install'
[0.490s] Level 1:colcon.colcon_core.package_identification:_identify(src/dual_cam_mjpeg_server) by extensions ['colcon_pkg']
[0.490s] Level 1:colcon.colcon_core.package_identification:_identify(src/dual_cam_mjpeg_server) by extension 'colcon_pkg'
[0.490s] Level 1:colcon.colcon_core.package_identification:_identify(src/dual_cam_mjpeg_server) by extensions ['colcon_meta']
[0.491s] Level 1:colcon.colcon_core.package_identification:_identify(src/dual_cam_mjpeg_server) by extension 'colcon_meta'
[0.491s] Level 1:colcon.colcon_core.package_identification:_identify(src/dual_cam_mjpeg_server) by extensions ['ros']
[0.491s] Level 1:colcon.colcon_core.package_identification:_identify(src/dual_cam_mjpeg_server) by extension 'ros'
[0.492s] DEBUG:colcon.colcon_core.package_identification:Package 'src/dual_cam_mjpeg_server' with type 'ros.ament_python' and name 'dual_cam_mjpeg_server'
[0.493s] Level 1:colcon.colcon_core.package_identification:_identify(src/gripper_controller) by extensions ['ignore', 'ignore_ament_install']
[0.493s] Level 1:colcon.colcon_core.package_identification:_identify(src/gripper_controller) by extension 'ignore'
[0.493s] Level 1:colcon.colcon_core.package_identification:_identify(src/gripper_controller) by extension 'ignore_ament_install'
[0.493s] Level 1:colcon.colcon_core.package_identification:_identify(src/gripper_controller) by extensions ['colcon_pkg']
[0.493s] Level 1:colcon.colcon_core.package_identification:_identify(src/gripper_controller) by extension 'colcon_pkg'
[0.493s] Level 1:colcon.colcon_core.package_identification:_identify(src/gripper_controller) by extensions ['colcon_meta']
[0.493s] Level 1:colcon.colcon_core.package_identification:_identify(src/gripper_controller) by extension 'colcon_meta'
[0.493s] Level 1:colcon.colcon_core.package_identification:_identify(src/gripper_controller) by extensions ['ros']
[0.493s] Level 1:colcon.colcon_core.package_identification:_identify(src/gripper_controller) by extension 'ros'
[0.495s] DEBUG:colcon.colcon_core.package_identification:Package 'src/gripper_controller' with type 'ros.ament_python' and name 'gripper_controller'
[0.495s] Level 1:colcon.colcon_core.package_identification:_identify(src/install) by extensions ['ignore', 'ignore_ament_install']
[0.495s] Level 1:colcon.colcon_core.package_identification:_identify(src/install) by extension 'ignore'
[0.496s] Level 1:colcon.colcon_core.package_identification:_identify(src/install) ignored
[0.496s] Level 1:colcon.colcon_core.package_identification:_identify(src/joystick_controller) by extensions ['ignore', 'ignore_ament_install']
[0.496s] Level 1:colcon.colcon_core.package_identification:_identify(src/joystick_controller) by extension 'ignore'
[0.496s] Level 1:colcon.colcon_core.package_identification:_identify(src/joystick_controller) by extension 'ignore_ament_install'
[0.496s] Level 1:colcon.colcon_core.package_identification:_identify(src/joystick_controller) by extensions ['colcon_pkg']
[0.496s] Level 1:colcon.colcon_core.package_identification:_identify(src/joystick_controller) by extension 'colcon_pkg'
[0.496s] Level 1:colcon.colcon_core.package_identification:_identify(src/joystick_controller) by extensions ['colcon_meta']
[0.497s] Level 1:colcon.colcon_core.package_identification:_identify(src/joystick_controller) by extension 'colcon_meta'
[0.497s] Level 1:colcon.colcon_core.package_identification:_identify(src/joystick_controller) by extensions ['ros']
[0.497s] Level 1:colcon.colcon_core.package_identification:_identify(src/joystick_controller) by extension 'ros'
[0.498s] DEBUG:colcon.colcon_core.package_identification:Package 'src/joystick_controller' with type 'ros.ament_python' and name 'joystick_controller'
[0.498s] Level 1:colcon.colcon_core.package_identification:_identify(src/linear_controller) by extensions ['ignore', 'ignore_ament_install']
[0.499s] Level 1:colcon.colcon_core.package_identification:_identify(src/linear_controller) by extension 'ignore'
[0.499s] Level 1:colcon.colcon_core.package_identification:_identify(src/linear_controller) by extension 'ignore_ament_install'
[0.499s] Level 1:colcon.colcon_core.package_identification:_identify(src/linear_controller) by extensions ['colcon_pkg']
[0.499s] Level 1:colcon.colcon_core.package_identification:_identify(src/linear_controller) by extension 'colcon_pkg'
[0.499s] Level 1:colcon.colcon_core.package_identification:_identify(src/linear_controller) by extensions ['colcon_meta']
[0.499s] Level 1:colcon.colcon_core.package_identification:_identify(src/linear_controller) by extension 'colcon_meta'
[0.499s] Level 1:colcon.colcon_core.package_identification:_identify(src/linear_controller) by extensions ['ros']
[0.499s] Level 1:colcon.colcon_core.package_identification:_identify(src/linear_controller) by extension 'ros'
[0.500s] DEBUG:colcon.colcon_core.package_identification:Package 'src/linear_controller' with type 'ros.ament_python' and name 'linear_controller'
[0.500s] Level 1:colcon.colcon_core.package_identification:_identify(src/log) by extensions ['ignore', 'ignore_ament_install']
[0.501s] Level 1:colcon.colcon_core.package_identification:_identify(src/log) by extension 'ignore'
[0.501s] Level 1:colcon.colcon_core.package_identification:_identify(src/log) ignored
[0.501s] Level 1:colcon.colcon_core.package_identification:_identify(src/robot_bringup) by extensions ['ignore', 'ignore_ament_install']
[0.501s] Level 1:colcon.colcon_core.package_identification:_identify(src/robot_bringup) by extension 'ignore'
[0.501s] Level 1:colcon.colcon_core.package_identification:_identify(src/robot_bringup) by extension 'ignore_ament_install'
[0.501s] Level 1:colcon.colcon_core.package_identification:_identify(src/robot_bringup) by extensions ['colcon_pkg']
[0.501s] Level 1:colcon.colcon_core.package_identification:_identify(src/robot_bringup) by extension 'colcon_pkg'
[0.501s] Level 1:colcon.colcon_core.package_identification:_identify(src/robot_bringup) by extensions ['colcon_meta']
[0.501s] Level 1:colcon.colcon_core.package_identification:_identify(src/robot_bringup) by extension 'colcon_meta'
[0.501s] Level 1:colcon.colcon_core.package_identification:_identify(src/robot_bringup) by extensions ['ros']
[0.501s] Level 1:colcon.colcon_core.package_identification:_identify(src/robot_bringup) by extension 'ros'
[0.503s] DEBUG:colcon.colcon_core.package_identification:Package 'src/robot_bringup' with type 'ros.ament_python' and name 'robot_bringup'
[0.503s] Level 1:colcon.colcon_core.package_identification:_identify(src/servo_dril_controller) by extensions ['ignore', 'ignore_ament_install']
[0.503s] Level 1:colcon.colcon_core.package_identification:_identify(src/servo_dril_controller) by extension 'ignore'
[0.503s] Level 1:colcon.colcon_core.package_identification:_identify(src/servo_dril_controller) by extension 'ignore_ament_install'
[0.503s] Level 1:colcon.colcon_core.package_identification:_identify(src/servo_dril_controller) by extensions ['colcon_pkg']
[0.503s] Level 1:colcon.colcon_core.package_identification:_identify(src/servo_dril_controller) by extension 'colcon_pkg'
[0.503s] Level 1:colcon.colcon_core.package_identification:_identify(src/servo_dril_controller) by extensions ['colcon_meta']
[0.503s] Level 1:colcon.colcon_core.package_identification:_identify(src/servo_dril_controller) by extension 'colcon_meta'
[0.503s] Level 1:colcon.colcon_core.package_identification:_identify(src/servo_dril_controller) by extensions ['ros']
[0.503s] Level 1:colcon.colcon_core.package_identification:_identify(src/servo_dril_controller) by extension 'ros'
[0.504s] DEBUG:colcon.colcon_core.package_identification:Package 'src/servo_dril_controller' with type 'ros.ament_python' and name 'servo_dril_controller'
[0.505s] Level 1:colcon.colcon_core.package_identification:_identify(src/servo_switch180_controller) by extensions ['ignore', 'ignore_ament_install']
[0.505s] Level 1:colcon.colcon_core.package_identification:_identify(src/servo_switch180_controller) by extension 'ignore'
[0.505s] Level 1:colcon.colcon_core.package_identification:_identify(src/servo_switch180_controller) by extension 'ignore_ament_install'
[0.505s] Level 1:colcon.colcon_core.package_identification:_identify(src/servo_switch180_controller) by extensions ['colcon_pkg']
[0.505s] Level 1:colcon.colcon_core.package_identification:_identify(src/servo_switch180_controller) by extension 'colcon_pkg'
[0.505s] Level 1:colcon.colcon_core.package_identification:_identify(src/servo_switch180_controller) by extensions ['colcon_meta']
[0.505s] Level 1:colcon.colcon_core.package_identification:_identify(src/servo_switch180_controller) by extension 'colcon_meta'
[0.505s] Level 1:colcon.colcon_core.package_identification:_identify(src/servo_switch180_controller) by extensions ['ros']
[0.505s] Level 1:colcon.colcon_core.package_identification:_identify(src/servo_switch180_controller) by extension 'ros'
[0.507s] DEBUG:colcon.colcon_core.package_identification:Package 'src/servo_switch180_controller' with type 'ros.ament_python' and name 'servo_switch180_controller'
[0.507s] Level 1:colcon.colcon_core.package_identification:_identify(src/tao_controller) by extensions ['ignore', 'ignore_ament_install']
[0.508s] Level 1:colcon.colcon_core.package_identification:_identify(src/tao_controller) by extension 'ignore'
[0.508s] Level 1:colcon.colcon_core.package_identification:_identify(src/tao_controller) by extension 'ignore_ament_install'
[0.508s] Level 1:colcon.colcon_core.package_identification:_identify(src/tao_controller) by extensions ['colcon_pkg']
[0.508s] Level 1:colcon.colcon_core.package_identification:_identify(src/tao_controller) by extension 'colcon_pkg'
[0.508s] Level 1:colcon.colcon_core.package_identification:_identify(src/tao_controller) by extensions ['colcon_meta']
[0.508s] Level 1:colcon.colcon_core.package_identification:_identify(src/tao_controller) by extension 'colcon_meta'
[0.508s] Level 1:colcon.colcon_core.package_identification:_identify(src/tao_controller) by extensions ['ros']
[0.508s] Level 1:colcon.colcon_core.package_identification:_identify(src/tao_controller) by extension 'ros'
[0.509s] DEBUG:colcon.colcon_core.package_identification:Package 'src/tao_controller' with type 'ros.ament_python' and name 'tao_controller'
[0.510s] Level 1:colcon.colcon_core.package_identification:_identify(web) by extensions ['ignore', 'ignore_ament_install']
[0.510s] Level 1:colcon.colcon_core.package_identification:_identify(web) by extension 'ignore'
[0.510s] Level 1:colcon.colcon_core.package_identification:_identify(web) by extension 'ignore_ament_install'
[0.510s] Level 1:colcon.colcon_core.package_identification:_identify(web) by extensions ['colcon_pkg']
[0.510s] Level 1:colcon.colcon_core.package_identification:_identify(web) by extension 'colcon_pkg'
[0.510s] Level 1:colcon.colcon_core.package_identification:_identify(web) by extensions ['colcon_meta']
[0.510s] Level 1:colcon.colcon_core.package_identification:_identify(web) by extension 'colcon_meta'
[0.510s] Level 1:colcon.colcon_core.package_identification:_identify(web) by extensions ['ros']
[0.510s] Level 1:colcon.colcon_core.package_identification:_identify(web) by extension 'ros'
[0.510s] Level 1:colcon.colcon_core.package_identification:_identify(web) by extensions ['cmake', 'python']
[0.510s] Level 1:colcon.colcon_core.package_identification:_identify(web) by extension 'cmake'
[0.510s] Level 1:colcon.colcon_core.package_identification:_identify(web) by extension 'python'
[0.510s] Level 1:colcon.colcon_core.package_identification:_identify(web) by extensions ['python_setup_py']
[0.510s] Level 1:colcon.colcon_core.package_identification:_identify(web) by extension 'python_setup_py'
[0.510s] Level 1:colcon.colcon_core.package_discovery:discover_packages(recursive) using defaults
[0.510s] Level 1:colcon.colcon_core.package_discovery:discover_packages(ignore) discover
[0.510s] Level 1:colcon.colcon_core.package_discovery:discover_packages(ignore) using defaults
[0.510s] Level 1:colcon.colcon_core.package_discovery:discover_packages(path) discover
[0.511s] Level 1:colcon.colcon_core.package_discovery:discover_packages(path) using defaults
[0.557s] Level 1:colcon.colcon_core.package_discovery:discover_packages(prefix_path) check parameters
[0.557s] Level 1:colcon.colcon_core.package_discovery:discover_packages(prefix_path) discover
[0.566s] DEBUG:colcon.colcon_installed_package_information.package_discovery:Found 10 installed packages in /home/tpi5/391_Project_pi/391_ws/install
[0.568s] DEBUG:colcon.colcon_installed_package_information.package_discovery:Found 10 installed packages in /home/tpi5/391_Project_pi/install
[0.569s] DEBUG:colcon.colcon_installed_package_information.package_discovery:Found 2 installed packages in /home/tpi5/391_Project/391_ws/install
[0.570s] DEBUG:colcon.colcon_installed_package_information.package_discovery:Found 3 installed packages in /home/tpi5/uros_ws/install
[0.572s] DEBUG:colcon.colcon_installed_package_information.package_discovery:Found 200 installed packages in /opt/ros/jazzy
[0.572s] Level 1:colcon.colcon_core.package_discovery:discover_packages(prefix_path) using defaults
[0.620s] Level 5:colcon.colcon_core.verb:set package 'dril_controller' build argument 'cmake_args' from command line to 'None'
[0.620s] Level 5:colcon.colcon_core.verb:set package 'dril_controller' build argument 'cmake_target' from command line to 'None'
[0.620s] Level 5:colcon.colcon_core.verb:set package 'dril_controller' build argument 'cmake_target_skip_unavailable' from command line to 'False'
[0.620s] Level 5:colcon.colcon_core.verb:set package 'dril_controller' build argument 'cmake_clean_cache' from command line to 'False'
[0.620s] Level 5:colcon.colcon_core.verb:set package 'dril_controller' build argument 'cmake_clean_first' from command line to 'False'
[0.620s] Level 5:colcon.colcon_core.verb:set package 'dril_controller' build argument 'cmake_force_configure' from command line to 'False'
[0.620s] Level 5:colcon.colcon_core.verb:set package 'dril_controller' build argument 'ament_cmake_args' from command line to 'None'
[0.620s] Level 5:colcon.colcon_core.verb:set package 'dril_controller' build argument 'catkin_cmake_args' from command line to 'None'
[0.620s] Level 5:colcon.colcon_core.verb:set package 'dril_controller' build argument 'catkin_skip_building_tests' from command line to 'False'
[0.620s] DEBUG:colcon.colcon_core.verb:Building package 'dril_controller' with the following arguments: {'ament_cmake_args': None, 'build_base': '/home/tpi5/391_Project_pi/391_ws/build/dril_controller', 'catkin_cmake_args': None, 'catkin_skip_building_tests': False, 'cmake_args': None, 'cmake_clean_cache': False, 'cmake_clean_first': False, 'cmake_force_configure': False, 'cmake_target': None, 'cmake_target_skip_unavailable': False, 'install_base': '/home/tpi5/391_Project_pi/391_ws/install/dril_controller', 'merge_install': False, 'path': '/home/tpi5/391_Project_pi/391_ws/src/dril_controller', 'symlink_install': False, 'test_result_base': None}
[0.621s] Level 5:colcon.colcon_core.verb:set package 'drive_controller' build argument 'cmake_args' from command line to 'None'
[0.621s] Level 5:colcon.colcon_core.verb:set package 'drive_controller' build argument 'cmake_target' from command line to 'None'
[0.621s] Level 5:colcon.colcon_core.verb:set package 'drive_controller' build argument 'cmake_target_skip_unavailable' from command line to 'False'
[0.621s] Level 5:colcon.colcon_core.verb:set package 'drive_controller' build argument 'cmake_clean_cache' from command line to 'False'
[0.621s] Level 5:colcon.colcon_core.verb:set package 'drive_controller' build argument 'cmake_clean_first' from command line to 'False'
[0.621s] Level 5:colcon.colcon_core.verb:set package 'drive_controller' build argument 'cmake_force_configure' from command line to 'False'
[0.621s] Level 5:colcon.colcon_core.verb:set package 'drive_controller' build argument 'ament_cmake_args' from command line to 'None'
[0.621s] Level 5:colcon.colcon_core.verb:set package 'drive_controller' build argument 'catkin_cmake_args' from command line to 'None'
[0.621s] Level 5:colcon.colcon_core.verb:set package 'drive_controller' build argument 'catkin_skip_building_tests' from command line to 'False'
[0.621s] DEBUG:colcon.colcon_core.verb:Building package 'drive_controller' with the following arguments: {'ament_cmake_args': None, 'build_base': '/home/tpi5/391_Project_pi/391_ws/build/drive_controller', 'catkin_cmake_args': None, 'catkin_skip_building_tests': False, 'cmake_args': None, 'cmake_clean_cache': False, 'cmake_clean_first': False, 'cmake_force_configure': False, 'cmake_target': None, 'cmake_target_skip_unavailable': False, 'install_base': '/home/tpi5/391_Project_pi/391_ws/install/drive_controller', 'merge_install': False, 'path': '/home/tpi5/391_Project_pi/391_ws/src/drive_controller', 'symlink_install': False, 'test_result_base': None}
[0.621s] Level 5:colcon.colcon_core.verb:set package 'dual_cam_mjpeg_server' build argument 'cmake_args' from command line to 'None'
[0.621s] Level 5:colcon.colcon_core.verb:set package 'dual_cam_mjpeg_server' build argument 'cmake_target' from command line to 'None'
[0.621s] Level 5:colcon.colcon_core.verb:set package 'dual_cam_mjpeg_server' build argument 'cmake_target_skip_unavailable' from command line to 'False'
[0.621s] Level 5:colcon.colcon_core.verb:set package 'dual_cam_mjpeg_server' build argument 'cmake_clean_cache' from command line to 'False'
[0.621s] Level 5:colcon.colcon_core.verb:set package 'dual_cam_mjpeg_server' build argument 'cmake_clean_first' from command line to 'False'
[0.621s] Level 5:colcon.colcon_core.verb:set package 'dual_cam_mjpeg_server' build argument 'cmake_force_configure' from command line to 'False'
[0.621s] Level 5:colcon.colcon_core.verb:set package 'dual_cam_mjpeg_server' build argument 'ament_cmake_args' from command line to 'None'
[0.621s] Level 5:colcon.colcon_core.verb:set package 'dual_cam_mjpeg_server' build argument 'catkin_cmake_args' from command line to 'None'
[0.621s] Level 5:colcon.colcon_core.verb:set package 'dual_cam_mjpeg_server' build argument 'catkin_skip_building_tests' from command line to 'False'
[0.621s] DEBUG:colcon.colcon_core.verb:Building package 'dual_cam_mjpeg_server' with the following arguments: {'ament_cmake_args': None, 'build_base': '/home/tpi5/391_Project_pi/391_ws/build/dual_cam_mjpeg_server', 'catkin_cmake_args': None, 'catkin_skip_building_tests': False, 'cmake_args': None, 'cmake_clean_cache': False, 'cmake_clean_first': False, 'cmake_force_configure': False, 'cmake_target': None, 'cmake_target_skip_unavailable': False, 'install_base': '/home/tpi5/391_Project_pi/391_ws/install/dual_cam_mjpeg_server', 'merge_install': False, 'path': '/home/tpi5/391_Project_pi/391_ws/src/dual_cam_mjpeg_server', 'symlink_install': False, 'test_result_base': None}
[0.622s] Level 5:colcon.colcon_core.verb:set package 'gripper_controller' build argument 'cmake_args' from command line to 'None'
[0.622s] Level 5:colcon.colcon_core.verb:set package 'gripper_controller' build argument 'cmake_target' from command line to 'None'
[0.622s] Level 5:colcon.colcon_core.verb:set package 'gripper_controller' build argument 'cmake_target_skip_unavailable' from command line to 'False'
[0.622s] Level 5:colcon.colcon_core.verb:set package 'gripper_controller' build argument 'cmake_clean_cache' from command line to 'False'
[0.622s] Level 5:colcon.colcon_core.verb:set package 'gripper_controller' build argument 'cmake_clean_first' from command line to 'False'
[0.622s] Level 5:colcon.colcon_core.verb:set package 'gripper_controller' build argument 'cmake_force_configure' from command line to 'False'
[0.622s] Level 5:colcon.colcon_core.verb:set package 'gripper_controller' build argument 'ament_cmake_args' from command line to 'None'
[0.622s] Level 5:colcon.colcon_core.verb:set package 'gripper_controller' build argument 'catkin_cmake_args' from command line to 'None'
[0.622s] Level 5:colcon.colcon_core.verb:set package 'gripper_controller' build argument 'catkin_skip_building_tests' from command line to 'False'
[0.622s] DEBUG:colcon.colcon_core.verb:Building package 'gripper_controller' with the following arguments: {'ament_cmake_args': None, 'build_base': '/home/tpi5/391_Project_pi/391_ws/build/gripper_controller', 'catkin_cmake_args': None, 'catkin_skip_building_tests': False, 'cmake_args': None, 'cmake_clean_cache': False, 'cmake_clean_first': False, 'cmake_force_configure': False, 'cmake_target': None, 'cmake_target_skip_unavailable': False, 'install_base': '/home/tpi5/391_Project_pi/391_ws/install/gripper_controller', 'merge_install': False, 'path': '/home/tpi5/391_Project_pi/391_ws/src/gripper_controller', 'symlink_install': False, 'test_result_base': None}
[0.622s] Level 5:colcon.colcon_core.verb:set package 'joystick_controller' build argument 'cmake_args' from command line to 'None'
[0.622s] Level 5:colcon.colcon_core.verb:set package 'joystick_controller' build argument 'cmake_target' from command line to 'None'
[0.622s] Level 5:colcon.colcon_core.verb:set package 'joystick_controller' build argument 'cmake_target_skip_unavailable' from command line to 'False'
[0.622s] Level 5:colcon.colcon_core.verb:set package 'joystick_controller' build argument 'cmake_clean_cache' from command line to 'False'
[0.622s] Level 5:colcon.colcon_core.verb:set package 'joystick_controller' build argument 'cmake_clean_first' from command line to 'False'
[0.622s] Level 5:colcon.colcon_core.verb:set package 'joystick_controller' build argument 'cmake_force_configure' from command line to 'False'
[0.622s] Level 5:colcon.colcon_core.verb:set package 'joystick_controller' build argument 'ament_cmake_args' from command line to 'None'
[0.622s] Level 5:colcon.colcon_core.verb:set package 'joystick_controller' build argument 'catkin_cmake_args' from command line to 'None'
[0.622s] Level 5:colcon.colcon_core.verb:set package 'joystick_controller' build argument 'catkin_skip_building_tests' from command line to 'False'
[0.622s] DEBUG:colcon.colcon_core.verb:Building package 'joystick_controller' with the following arguments: {'ament_cmake_args': None, 'build_base': '/home/tpi5/391_Project_pi/391_ws/build/joystick_controller', 'catkin_cmake_args': None, 'catkin_skip_building_tests': False, 'cmake_args': None, 'cmake_clean_cache': False, 'cmake_clean_first': False, 'cmake_force_configure': False, 'cmake_target': None, 'cmake_target_skip_unavailable': False, 'install_base': '/home/tpi5/391_Project_pi/391_ws/install/joystick_controller', 'merge_install': False, 'path': '/home/tpi5/391_Project_pi/391_ws/src/joystick_controller', 'symlink_install': False, 'test_result_base': None}
[0.623s] Level 5:colcon.colcon_core.verb:set package 'linear_controller' build argument 'cmake_args' from command line to 'None'
[0.623s] Level 5:colcon.colcon_core.verb:set package 'linear_controller' build argument 'cmake_target' from command line to 'None'
[0.623s] Level 5:colcon.colcon_core.verb:set package 'linear_controller' build argument 'cmake_target_skip_unavailable' from command line to 'False'
[0.623s] Level 5:colcon.colcon_core.verb:set package 'linear_controller' build argument 'cmake_clean_cache' from command line to 'False'
[0.623s] Level 5:colcon.colcon_core.verb:set package 'linear_controller' build argument 'cmake_clean_first' from command line to 'False'
[0.623s] Level 5:colcon.colcon_core.verb:set package 'linear_controller' build argument 'cmake_force_configure' from command line to 'False'
[0.623s] Level 5:colcon.colcon_core.verb:set package 'linear_controller' build argument 'ament_cmake_args' from command line to 'None'
[0.623s] Level 5:colcon.colcon_core.verb:set package 'linear_controller' build argument 'catkin_cmake_args' from command line to 'None'
[0.623s] Level 5:colcon.colcon_core.verb:set package 'linear_controller' build argument 'catkin_skip_building_tests' from command line to 'False'
[0.623s] DEBUG:colcon.colcon_core.verb:Building package 'linear_controller' with the following arguments: {'ament_cmake_args': None, 'build_base': '/home/tpi5/391_Project_pi/391_ws/build/linear_controller', 'catkin_cmake_args': None, 'catkin_skip_building_tests': False, 'cmake_args': None, 'cmake_clean_cache': False, 'cmake_clean_first': False, 'cmake_force_configure': False, 'cmake_target': None, 'cmake_target_skip_unavailable': False, 'install_base': '/home/tpi5/391_Project_pi/391_ws/install/linear_controller', 'merge_install': False, 'path': '/home/tpi5/391_Project_pi/391_ws/src/linear_controller', 'symlink_install': False, 'test_result_base': None}
[0.623s] Level 5:colcon.colcon_core.verb:set package 'servo_dril_controller' build argument 'cmake_args' from command line to 'None'
[0.623s] Level 5:colcon.colcon_core.verb:set package 'servo_dril_controller' build argument 'cmake_target' from command line to 'None'
[0.623s] Level 5:colcon.colcon_core.verb:set package 'servo_dril_controller' build argument 'cmake_target_skip_unavailable' from command line to 'False'
[0.623s] Level 5:colcon.colcon_core.verb:set package 'servo_dril_controller' build argument 'cmake_clean_cache' from command line to 'False'
[0.623s] Level 5:colcon.colcon_core.verb:set package 'servo_dril_controller' build argument 'cmake_clean_first' from command line to 'False'
[0.623s] Level 5:colcon.colcon_core.verb:set package 'servo_dril_controller' build argument 'cmake_force_configure' from command line to 'False'
[0.623s] Level 5:colcon.colcon_core.verb:set package 'servo_dril_controller' build argument 'ament_cmake_args' from command line to 'None'
[0.623s] Level 5:colcon.colcon_core.verb:set package 'servo_dril_controller' build argument 'catkin_cmake_args' from command line to 'None'
[0.623s] Level 5:colcon.colcon_core.verb:set package 'servo_dril_controller' build argument 'catkin_skip_building_tests' from command line to 'False'
[0.623s] DEBUG:colcon.colcon_core.verb:Building package 'servo_dril_controller' with the following arguments: {'ament_cmake_args': None, 'build_base': '/home/tpi5/391_Project_pi/391_ws/build/servo_dril_controller', 'catkin_cmake_args': None, 'catkin_skip_building_tests': False, 'cmake_args': None, 'cmake_clean_cache': False, 'cmake_clean_first': False, 'cmake_force_configure': False, 'cmake_target': None, 'cmake_target_skip_unavailable': False, 'install_base': '/home/tpi5/391_Project_pi/391_ws/install/servo_dril_controller', 'merge_install': False, 'path': '/home/tpi5/391_Project_pi/391_ws/src/servo_dril_controller', 'symlink_install': False, 'test_result_base': None}
[0.624s] Level 5:colcon.colcon_core.verb:set package 'servo_switch180_controller' build argument 'cmake_args' from command line to 'None'
[0.624s] Level 5:colcon.colcon_core.verb:set package 'servo_switch180_controller' build argument 'cmake_target' from command line to 'None'
[0.624s] Level 5:colcon.colcon_core.verb:set package 'servo_switch180_controller' build argument 'cmake_target_skip_unavailable' from command line to 'False'
[0.624s] Level 5:colcon.colcon_core.verb:set package 'servo_switch180_controller' build argument 'cmake_clean_cache' from command line to 'False'
[0.624s] Level 5:colcon.colcon_core.verb:set package 'servo_switch180_controller' build argument 'cmake_clean_first' from command line to 'False'
[0.624s] Level 5:colcon.colcon_core.verb:set package 'servo_switch180_controller' build argument 'cmake_force_configure' from command line to 'False'
[0.624s] Level 5:colcon.colcon_core.verb:set package 'servo_switch180_controller' build argument 'ament_cmake_args' from command line to 'None'
[0.624s] Level 5:colcon.colcon_core.verb:set package 'servo_switch180_controller' build argument 'catkin_cmake_args' from command line to 'None'
[0.624s] Level 5:colcon.colcon_core.verb:set package 'servo_switch180_controller' build argument 'catkin_skip_building_tests' from command line to 'False'
[0.624s] DEBUG:colcon.colcon_core.verb:Building package 'servo_switch180_controller' with the following arguments: {'ament_cmake_args': None, 'build_base': '/home/tpi5/391_Project_pi/391_ws/build/servo_switch180_controller', 'catkin_cmake_args': None, 'catkin_skip_building_tests': False, 'cmake_args': None, 'cmake_clean_cache': False, 'cmake_clean_first': False, 'cmake_force_configure': False, 'cmake_target': None, 'cmake_target_skip_unavailable': False, 'install_base': '/home/tpi5/391_Project_pi/391_ws/install/servo_switch180_controller', 'merge_install': False, 'path': '/home/tpi5/391_Project_pi/391_ws/src/servo_switch180_controller', 'symlink_install': False, 'test_result_base': None}
[0.624s] Level 5:colcon.colcon_core.verb:set package 'tao_controller' build argument 'cmake_args' from command line to 'None'
[0.624s] Level 5:colcon.colcon_core.verb:set package 'tao_controller' build argument 'cmake_target' from command line to 'None'
[0.624s] Level 5:colcon.colcon_core.verb:set package 'tao_controller' build argument 'cmake_target_skip_unavailable' from command line to 'False'
[0.624s] Level 5:colcon.colcon_core.verb:set package 'tao_controller' build argument 'cmake_clean_cache' from command line to 'False'
[0.624s] Level 5:colcon.colcon_core.verb:set package 'tao_controller' build argument 'cmake_clean_first' from command line to 'False'
[0.624s] Level 5:colcon.colcon_core.verb:set package 'tao_controller' build argument 'cmake_force_configure' from command line to 'False'
[0.624s] Level 5:colcon.colcon_core.verb:set package 'tao_controller' build argument 'ament_cmake_args' from command line to 'None'
[0.624s] Level 5:colcon.colcon_core.verb:set package 'tao_controller' build argument 'catkin_cmake_args' from command line to 'None'
[0.624s] Level 5:colcon.colcon_core.verb:set package 'tao_controller' build argument 'catkin_skip_building_tests' from command line to 'False'
[0.624s] DEBUG:colcon.colcon_core.verb:Building package 'tao_controller' with the following arguments: {'ament_cmake_args': None, 'build_base': '/home/tpi5/391_Project_pi/391_ws/build/tao_controller', 'catkin_cmake_args': None, 'catkin_skip_building_tests': False, 'cmake_args': None, 'cmake_clean_cache': False, 'cmake_clean_first': False, 'cmake_force_configure': False, 'cmake_target': None, 'cmake_target_skip_unavailable': False, 'install_base': '/home/tpi5/391_Project_pi/391_ws/install/tao_controller', 'merge_install': False, 'path': '/home/tpi5/391_Project_pi/391_ws/src/tao_controller', 'symlink_install': False, 'test_result_base': None}
[0.625s] Level 5:colcon.colcon_core.verb:set package 'robot_bringup' build argument 'cmake_args' from command line to 'None'
[0.625s] Level 5:colcon.colcon_core.verb:set package 'robot_bringup' build argument 'cmake_target' from command line to 'None'
[0.625s] Level 5:colcon.colcon_core.verb:set package 'robot_bringup' build argument 'cmake_target_skip_unavailable' from command line to 'False'
[0.625s] Level 5:colcon.colcon_core.verb:set package 'robot_bringup' build argument 'cmake_clean_cache' from command line to 'False'
[0.625s] Level 5:colcon.colcon_core.verb:set package 'robot_bringup' build argument 'cmake_clean_first' from command line to 'False'
[0.625s] Level 5:colcon.colcon_core.verb:set package 'robot_bringup' build argument 'cmake_force_configure' from command line to 'False'
[0.625s] Level 5:colcon.colcon_core.verb:set package 'robot_bringup' build argument 'ament_cmake_args' from command line to 'None'
[0.625s] Level 5:colcon.colcon_core.verb:set package 'robot_bringup' build argument 'catkin_cmake_args' from command line to 'None'
[0.625s] Level 5:colcon.colcon_core.verb:set package 'robot_bringup' build argument 'catkin_skip_building_tests' from command line to 'False'
[0.625s] DEBUG:colcon.colcon_core.verb:Building package 'robot_bringup' with the following arguments: {'ament_cmake_args': None, 'build_base': '/home/tpi5/391_Project_pi/391_ws/build/robot_bringup', 'catkin_cmake_args': None, 'catkin_skip_building_tests': False, 'cmake_args': None, 'cmake_clean_cache': False, 'cmake_clean_first': False, 'cmake_force_configure': False, 'cmake_target': None, 'cmake_target_skip_unavailable': False, 'install_base': '/home/tpi5/391_Project_pi/391_ws/install/robot_bringup', 'merge_install': False, 'path': '/home/tpi5/391_Project_pi/391_ws/src/robot_bringup', 'symlink_install': False, 'test_result_base': None}
[0.625s] INFO:colcon.colcon_core.executor:Executing jobs using 'parallel' executor
[0.626s] DEBUG:colcon.colcon_parallel_executor.executor.parallel:run_until_complete
[0.627s] INFO:colcon.colcon_ros.task.ament_python.build:Building ROS package in '/home/tpi5/391_Project_pi/391_ws/src/dril_controller' with build type 'ament_python'
[0.627s] Level 1:colcon.colcon_core.shell:create_environment_hook('dril_controller', 'ament_prefix_path')
[0.636s] INFO:colcon.colcon_core.plugin_system:Skipping extension 'colcon_core.shell.bat': Not used on non-Windows systems
[0.637s] INFO:colcon.colcon_core.shell:Creating environment hook '/home/tpi5/391_Project_pi/391_ws/install/dril_controller/share/dril_controller/hook/ament_prefix_path.ps1'
[0.638s] INFO:colcon.colcon_core.shell:Creating environment descriptor '/home/tpi5/391_Project_pi/391_ws/install/dril_controller/share/dril_controller/hook/ament_prefix_path.dsv'
[0.640s] INFO:colcon.colcon_core.shell:Creating environment hook '/home/tpi5/391_Project_pi/391_ws/install/dril_controller/share/dril_controller/hook/ament_prefix_path.sh'
[0.642s] INFO:colcon.colcon_core.shell:Skip shell extension 'powershell' for command environment: Not usable outside of PowerShell
[0.642s] DEBUG:colcon.colcon_core.shell:Skip shell extension 'dsv' for command environment
[0.651s] INFO:colcon.colcon_ros.task.ament_python.build:Building ROS package in '/home/tpi5/391_Project_pi/391_ws/src/drive_controller' with build type 'ament_python'
[0.651s] Level 1:colcon.colcon_core.shell:create_environment_hook('drive_controller', 'ament_prefix_path')
[0.651s] INFO:colcon.colcon_core.shell:Creating environment hook '/home/tpi5/391_Project_pi/391_ws/install/drive_controller/share/drive_controller/hook/ament_prefix_path.ps1'
[0.653s] INFO:colcon.colcon_core.shell:Creating environment descriptor '/home/tpi5/391_Project_pi/391_ws/install/drive_controller/share/drive_controller/hook/ament_prefix_path.dsv'
[0.653s] INFO:colcon.colcon_core.shell:Creating environment hook '/home/tpi5/391_Project_pi/391_ws/install/drive_controller/share/drive_controller/hook/ament_prefix_path.sh'
[0.654s] INFO:colcon.colcon_core.shell:Skip shell extension 'powershell' for command environment: Not usable outside of PowerShell
[0.654s] DEBUG:colcon.colcon_core.shell:Skip shell extension 'dsv' for command environment
[0.662s] INFO:colcon.colcon_ros.task.ament_python.build:Building ROS package in '/home/tpi5/391_Project_pi/391_ws/src/dual_cam_mjpeg_server' with build type 'ament_python'
[0.662s] Level 1:colcon.colcon_core.shell:create_environment_hook('dual_cam_mjpeg_server', 'ament_prefix_path')
[0.662s] INFO:colcon.colcon_core.shell:Creating environment hook '/home/tpi5/391_Project_pi/391_ws/install/dual_cam_mjpeg_server/share/dual_cam_mjpeg_server/hook/ament_prefix_path.ps1'
[0.663s] INFO:colcon.colcon_core.shell:Creating environment descriptor '/home/tpi5/391_Project_pi/391_ws/install/dual_cam_mjpeg_server/share/dual_cam_mjpeg_server/hook/ament_prefix_path.dsv'
[0.664s] INFO:colcon.colcon_core.shell:Creating environment hook '/home/tpi5/391_Project_pi/391_ws/install/dual_cam_mjpeg_server/share/dual_cam_mjpeg_server/hook/ament_prefix_path.sh'
[0.665s] INFO:colcon.colcon_core.shell:Skip shell extension 'powershell' for command environment: Not usable outside of PowerShell
[0.665s] DEBUG:colcon.colcon_core.shell:Skip shell extension 'dsv' for command environment
[0.672s] INFO:colcon.colcon_ros.task.ament_python.build:Building ROS package in '/home/tpi5/391_Project_pi/391_ws/src/gripper_controller' with build type 'ament_python'
[0.672s] Level 1:colcon.colcon_core.shell:create_environment_hook('gripper_controller', 'ament_prefix_path')
[0.673s] INFO:colcon.colcon_core.shell:Creating environment hook '/home/tpi5/391_Project_pi/391_ws/install/gripper_controller/share/gripper_controller/hook/ament_prefix_path.ps1'
[0.674s] INFO:colcon.colcon_core.shell:Creating environment descriptor '/home/tpi5/391_Project_pi/391_ws/install/gripper_controller/share/gripper_controller/hook/ament_prefix_path.dsv'
[0.675s] INFO:colcon.colcon_core.shell:Creating environment hook '/home/tpi5/391_Project_pi/391_ws/install/gripper_controller/share/gripper_controller/hook/ament_prefix_path.sh'
[0.676s] INFO:colcon.colcon_core.shell:Skip shell extension 'powershell' for command environment: Not usable outside of PowerShell
[0.676s] DEBUG:colcon.colcon_core.shell:Skip shell extension 'dsv' for command environment
[1.016s] INFO:colcon.colcon_core.task.python.build:Building Python package in '/home/tpi5/391_Project_pi/391_ws/src/dril_controller'
[1.016s] INFO:colcon.colcon_core.shell:Skip shell extension 'powershell' for command environment: Not usable outside of PowerShell
[1.016s] DEBUG:colcon.colcon_core.shell:Skip shell extension 'dsv' for command environment
[1.351s] INFO:colcon.colcon_core.task.python.build:Building Python package in '/home/tpi5/391_Project_pi/391_ws/src/drive_controller'
[1.351s] INFO:colcon.colcon_core.shell:Skip shell extension 'powershell' for command environment: Not usable outside of PowerShell
[1.351s] DEBUG:colcon.colcon_core.shell:Skip shell extension 'dsv' for command environment
[1.682s] INFO:colcon.colcon_core.task.python.build:Building Python package in '/home/tpi5/391_Project_pi/391_ws/src/dual_cam_mjpeg_server'
[1.683s] INFO:colcon.colcon_core.shell:Skip shell extension 'powershell' for command environment: Not usable outside of PowerShell
[1.683s] DEBUG:colcon.colcon_core.shell:Skip shell extension 'dsv' for command environment
[2.027s] INFO:colcon.colcon_core.task.python.build:Building Python package in '/home/tpi5/391_Project_pi/391_ws/src/gripper_controller'
[2.028s] INFO:colcon.colcon_core.shell:Skip shell extension 'powershell' for command environment: Not usable outside of PowerShell
[2.028s] DEBUG:colcon.colcon_core.shell:Skip shell extension 'dsv' for command environment
[3.624s] DEBUG:colcon.colcon_core.event_handler.log_command:Invoking command in '/home/tpi5/391_Project_pi/391_ws/src/dril_controller': PYTHONPATH=/home/tpi5/391_Project_pi/391_ws/build/dril_controller/prefix_override:/usr/lib/python3/dist-packages/colcon_core/task/python/colcon_distutils_commands:/home/tpi5/391_Project_pi/391_ws/install/dril_controller/lib/python3.12/site-packages:${PYTHONPATH} /usr/bin/python3 -W ignore:setup.py install is deprecated -W ignore:easy_install command is deprecated setup.py egg_info --egg-base ../../build/dril_controller build --build-base /home/tpi5/391_Project_pi/391_ws/build/dril_controller/build install --record /home/tpi5/391_Project_pi/391_ws/build/dril_controller/install.log --single-version-externally-managed install_data
[3.633s] DEBUG:colcon.colcon_core.event_handler.log_command:Invoking command in '/home/tpi5/391_Project_pi/391_ws/src/dual_cam_mjpeg_server': PYTHONPATH=/home/tpi5/391_Project_pi/391_ws/build/dual_cam_mjpeg_server/prefix_override:/usr/lib/python3/dist-packages/colcon_core/task/python/colcon_distutils_commands:/home/tpi5/391_Project_pi/391_ws/install/dual_cam_mjpeg_server/lib/python3.12/site-packages:${PYTHONPATH} /usr/bin/python3 -W ignore:setup.py install is deprecated -W ignore:easy_install command is deprecated setup.py egg_info --egg-base ../../build/dual_cam_mjpeg_server build --build-base /home/tpi5/391_Project_pi/391_ws/build/dual_cam_mjpeg_server/build install --record /home/tpi5/391_Project_pi/391_ws/build/dual_cam_mjpeg_server/install.log --single-version-externally-managed install_data
[3.638s] DEBUG:colcon.colcon_core.event_handler.log_command:Invoking command in '/home/tpi5/391_Project_pi/391_ws/src/drive_controller': PYTHONPATH=/home/tpi5/391_Project_pi/391_ws/build/drive_controller/prefix_override:/usr/lib/python3/dist-packages/colcon_core/task/python/colcon_distutils_commands:/home/tpi5/391_Project_pi/391_ws/install/drive_controller/lib/python3.12/site-packages:${PYTHONPATH} /usr/bin/python3 -W ignore:setup.py install is deprecated -W ignore:easy_install command is deprecated setup.py egg_info --egg-base ../../build/drive_controller build --build-base /home/tpi5/391_Project_pi/391_ws/build/drive_controller/build install --record /home/tpi5/391_Project_pi/391_ws/build/drive_controller/install.log --single-version-externally-managed install_data
[3.642s] DEBUG:colcon.colcon_core.event_handler.log_command:Invoking command in '/home/tpi5/391_Project_pi/391_ws/src/gripper_controller': PYTHONPATH=/home/tpi5/391_Project_pi/391_ws/build/gripper_controller/prefix_override:/usr/lib/python3/dist-packages/colcon_core/task/python/colcon_distutils_commands:/home/tpi5/391_Project_pi/391_ws/install/gripper_controller/lib/python3.12/site-packages:${PYTHONPATH} /usr/bin/python3 -W ignore:setup.py install is deprecated -W ignore:easy_install command is deprecated setup.py egg_info --egg-base ../../build/gripper_controller build --build-base /home/tpi5/391_Project_pi/391_ws/build/gripper_controller/build install --record /home/tpi5/391_Project_pi/391_ws/build/gripper_controller/install.log --single-version-externally-managed install_data
[4.590s] DEBUG:colcon.colcon_core.event_handler.log_command:Invoked command in '/home/tpi5/391_Project_pi/391_ws/src/drive_controller' returned '0': PYTHONPATH=/home/tpi5/391_Project_pi/391_ws/build/drive_controller/prefix_override:/usr/lib/python3/dist-packages/colcon_core/task/python/colcon_distutils_commands:/home/tpi5/391_Project_pi/391_ws/install/drive_controller/lib/python3.12/site-packages:${PYTHONPATH} /usr/bin/python3 -W ignore:setup.py install is deprecated -W ignore:easy_install command is deprecated setup.py egg_info --egg-base ../../build/drive_controller build --build-base /home/tpi5/391_Project_pi/391_ws/build/drive_controller/build install --record /home/tpi5/391_Project_pi/391_ws/build/drive_controller/install.log --single-version-externally-managed install_data
[4.611s] Level 1:colcon.colcon_core.environment:checking '/home/tpi5/391_Project_pi/391_ws/install/drive_controller' for CMake module files
[4.612s] Level 1:colcon.colcon_core.environment:checking '/home/tpi5/391_Project_pi/391_ws/install/drive_controller' for CMake config files
[4.617s] Level 1:colcon.colcon_core.environment:checking '/home/tpi5/391_Project_pi/391_ws/install/drive_controller/lib'
[4.617s] Level 1:colcon.colcon_core.environment:checking '/home/tpi5/391_Project_pi/391_ws/install/drive_controller/bin'
[4.618s] Level 1:colcon.colcon_core.environment:checking '/home/tpi5/391_Project_pi/391_ws/install/drive_controller/lib/pkgconfig/drive_controller.pc'
[4.618s] Level 1:colcon.colcon_core.environment:checking '/home/tpi5/391_Project_pi/391_ws/install/drive_controller/lib/python3.12/site-packages'
[4.619s] Level 1:colcon.colcon_core.shell:create_environment_hook('drive_controller', 'pythonpath')
[4.620s] INFO:colcon.colcon_core.shell:Creating environment hook '/home/tpi5/391_Project_pi/391_ws/install/drive_controller/share/drive_controller/hook/pythonpath.ps1'
[4.621s] INFO:colcon.colcon_core.shell:Creating environment descriptor '/home/tpi5/391_Project_pi/391_ws/install/drive_controller/share/drive_controller/hook/pythonpath.dsv'
[4.623s] INFO:colcon.colcon_core.shell:Creating environment hook '/home/tpi5/391_Project_pi/391_ws/install/drive_controller/share/drive_controller/hook/pythonpath.sh'
[4.625s] Level 1:colcon.colcon_core.environment:checking '/home/tpi5/391_Project_pi/391_ws/install/drive_controller/bin'
[4.625s] Level 1:colcon.colcon_core.environment:create_environment_scripts_only(drive_controller)
[4.626s] INFO:colcon.colcon_core.shell:Creating package script '/home/tpi5/391_Project_pi/391_ws/install/drive_controller/share/drive_controller/package.ps1'
[4.629s] INFO:colcon.colcon_core.shell:Creating package descriptor '/home/tpi5/391_Project_pi/391_ws/install/drive_controller/share/drive_controller/package.dsv'
[4.632s] INFO:colcon.colcon_core.shell:Creating package script '/home/tpi5/391_Project_pi/391_ws/install/drive_controller/share/drive_controller/package.sh'
[4.635s] INFO:colcon.colcon_core.shell:Creating package script '/home/tpi5/391_Project_pi/391_ws/install/drive_controller/share/drive_controller/package.bash'
[4.638s] INFO:colcon.colcon_core.shell:Creating package script '/home/tpi5/391_Project_pi/391_ws/install/drive_controller/share/drive_controller/package.zsh'
[4.641s] Level 1:colcon.colcon_core.environment:create_file_with_runtime_dependencies(/home/tpi5/391_Project_pi/391_ws/install/drive_controller/share/colcon-core/packages/drive_controller)
[4.643s] INFO:colcon.colcon_ros.task.ament_python.build:Building ROS package in '/home/tpi5/391_Project_pi/391_ws/src/joystick_controller' with build type 'ament_python'
[4.643s] Level 1:colcon.colcon_core.shell:create_environment_hook('joystick_controller', 'ament_prefix_path')
[4.644s] INFO:colcon.colcon_core.shell:Creating environment hook '/home/tpi5/391_Project_pi/391_ws/install/joystick_controller/share/joystick_controller/hook/ament_prefix_path.ps1'
[4.646s] INFO:colcon.colcon_core.shell:Creating environment descriptor '/home/tpi5/391_Project_pi/391_ws/install/joystick_controller/share/joystick_controller/hook/ament_prefix_path.dsv'
[4.648s] INFO:colcon.colcon_core.shell:Creating environment hook '/home/tpi5/391_Project_pi/391_ws/install/joystick_controller/share/joystick_controller/hook/ament_prefix_path.sh'
[4.650s] INFO:colcon.colcon_core.shell:Skip shell extension 'powershell' for command environment: Not usable outside of PowerShell
[4.650s] DEBUG:colcon.colcon_core.shell:Skip shell extension 'dsv' for command environment
[5.003s] INFO:colcon.colcon_core.task.python.build:Building Python package in '/home/tpi5/391_Project_pi/391_ws/src/joystick_controller'
[5.004s] INFO:colcon.colcon_core.shell:Skip shell extension 'powershell' for command environment: Not usable outside of PowerShell
[5.004s] DEBUG:colcon.colcon_core.shell:Skip shell extension 'dsv' for command environment
[5.011s] Level 1:colcon.colcon_core.environment:checking '/home/tpi5/391_Project_pi/391_ws/install/dual_cam_mjpeg_server' for CMake module files
[5.012s] DEBUG:colcon.colcon_core.event_handler.log_command:Invoked command in '/home/tpi5/391_Project_pi/391_ws/src/dual_cam_mjpeg_server' returned '0': PYTHONPATH=/home/tpi5/391_Project_pi/391_ws/build/dual_cam_mjpeg_server/prefix_override:/usr/lib/python3/dist-packages/colcon_core/task/python/colcon_distutils_commands:/home/tpi5/391_Project_pi/391_ws/install/dual_cam_mjpeg_server/lib/python3.12/site-packages:${PYTHONPATH} /usr/bin/python3 -W ignore:setup.py install is deprecated -W ignore:easy_install command is deprecated setup.py egg_info --egg-base ../../build/dual_cam_mjpeg_server build --build-base /home/tpi5/391_Project_pi/391_ws/build/dual_cam_mjpeg_server/build install --record /home/tpi5/391_Project_pi/391_ws/build/dual_cam_mjpeg_server/install.log --single-version-externally-managed install_data
[5.013s] Level 1:colcon.colcon_core.environment:checking '/home/tpi5/391_Project_pi/391_ws/install/dual_cam_mjpeg_server' for CMake config files
[5.015s] Level 1:colcon.colcon_core.environment:checking '/home/tpi5/391_Project_pi/391_ws/install/dual_cam_mjpeg_server/lib'
[5.015s] Level 1:colcon.colcon_core.environment:checking '/home/tpi5/391_Project_pi/391_ws/install/dual_cam_mjpeg_server/bin'
[5.015s] Level 1:colcon.colcon_core.environment:checking '/home/tpi5/391_Project_pi/391_ws/install/dual_cam_mjpeg_server/lib/pkgconfig/dual_cam_mjpeg_server.pc'
[5.015s] Level 1:colcon.colcon_core.environment:checking '/home/tpi5/391_Project_pi/391_ws/install/dual_cam_mjpeg_server/lib/python3.12/site-packages'
[5.015s] Level 1:colcon.colcon_core.shell:create_environment_hook('dual_cam_mjpeg_server', 'pythonpath')
[5.016s] INFO:colcon.colcon_core.shell:Creating environment hook '/home/tpi5/391_Project_pi/391_ws/install/dual_cam_mjpeg_server/share/dual_cam_mjpeg_server/hook/pythonpath.ps1'
[5.016s] INFO:colcon.colcon_core.shell:Creating environment descriptor '/home/tpi5/391_Project_pi/391_ws/install/dual_cam_mjpeg_server/share/dual_cam_mjpeg_server/hook/pythonpath.dsv'
[5.018s] INFO:colcon.colcon_core.shell:Creating environment hook '/home/tpi5/391_Project_pi/391_ws/install/dual_cam_mjpeg_server/share/dual_cam_mjpeg_server/hook/pythonpath.sh'
[5.024s] Level 1:colcon.colcon_core.environment:checking '/home/tpi5/391_Project_pi/391_ws/install/dual_cam_mjpeg_server/bin'
[5.025s] Level 1:colcon.colcon_core.environment:create_environment_scripts_only(dual_cam_mjpeg_server)
[5.025s] INFO:colcon.colcon_core.shell:Creating package script '/home/tpi5/391_Project_pi/391_ws/install/dual_cam_mjpeg_server/share/dual_cam_mjpeg_server/package.ps1'
[5.046s] INFO:colcon.colcon_core.shell:Creating package descriptor '/home/tpi5/391_Project_pi/391_ws/install/dual_cam_mjpeg_server/share/dual_cam_mjpeg_server/package.dsv'
[5.048s] INFO:colcon.colcon_core.shell:Creating package script '/home/tpi5/391_Project_pi/391_ws/install/dual_cam_mjpeg_server/share/dual_cam_mjpeg_server/package.sh'
[5.049s] INFO:colcon.colcon_core.shell:Creating package script '/home/tpi5/391_Project_pi/391_ws/install/dual_cam_mjpeg_server/share/dual_cam_mjpeg_server/package.bash'
[5.050s] INFO:colcon.colcon_core.shell:Creating package script '/home/tpi5/391_Project_pi/391_ws/install/dual_cam_mjpeg_server/share/dual_cam_mjpeg_server/package.zsh'
[5.052s] Level 1:colcon.colcon_core.environment:create_file_with_runtime_dependencies(/home/tpi5/391_Project_pi/391_ws/install/dual_cam_mjpeg_server/share/colcon-core/packages/dual_cam_mjpeg_server)
[5.056s] INFO:colcon.colcon_ros.task.ament_python.build:Building ROS package in '/home/tpi5/391_Project_pi/391_ws/src/linear_controller' with build type 'ament_python'
[5.056s] Level 1:colcon.colcon_core.shell:create_environment_hook('linear_controller', 'ament_prefix_path')
[5.057s] INFO:colcon.colcon_core.shell:Creating environment hook '/home/tpi5/391_Project_pi/391_ws/install/linear_controller/share/linear_controller/hook/ament_prefix_path.ps1'
[5.058s] INFO:colcon.colcon_core.shell:Creating environment descriptor '/home/tpi5/391_Project_pi/391_ws/install/linear_controller/share/linear_controller/hook/ament_prefix_path.dsv'
[5.063s] INFO:colcon.colcon_core.shell:Creating environment hook '/home/tpi5/391_Project_pi/391_ws/install/linear_controller/share/linear_controller/hook/ament_prefix_path.sh'
[5.064s] INFO:colcon.colcon_core.shell:Skip shell extension 'powershell' for command environment: Not usable outside of PowerShell
[5.064s] DEBUG:colcon.colcon_core.shell:Skip shell extension 'dsv' for command environment
[5.074s] Level 1:colcon.colcon_core.environment:checking '/home/tpi5/391_Project_pi/391_ws/install/gripper_controller' for CMake module files
[5.074s] DEBUG:colcon.colcon_core.event_handler.log_command:Invoked command in '/home/tpi5/391_Project_pi/391_ws/src/gripper_controller' returned '0': PYTHONPATH=/home/tpi5/391_Project_pi/391_ws/build/gripper_controller/prefix_override:/usr/lib/python3/dist-packages/colcon_core/task/python/colcon_distutils_commands:/home/tpi5/391_Project_pi/391_ws/install/gripper_controller/lib/python3.12/site-packages:${PYTHONPATH} /usr/bin/python3 -W ignore:setup.py install is deprecated -W ignore:easy_install command is deprecated setup.py egg_info --egg-base ../../build/gripper_controller build --build-base /home/tpi5/391_Project_pi/391_ws/build/gripper_controller/build install --record /home/tpi5/391_Project_pi/391_ws/build/gripper_controller/install.log --single-version-externally-managed install_data
[5.075s] Level 1:colcon.colcon_core.environment:checking '/home/tpi5/391_Project_pi/391_ws/install/gripper_controller' for CMake config files
[5.076s] Level 1:colcon.colcon_core.environment:checking '/home/tpi5/391_Project_pi/391_ws/install/gripper_controller/lib'
[5.077s] Level 1:colcon.colcon_core.environment:checking '/home/tpi5/391_Project_pi/391_ws/install/gripper_controller/bin'
[5.077s] Level 1:colcon.colcon_core.environment:checking '/home/tpi5/391_Project_pi/391_ws/install/gripper_controller/lib/pkgconfig/gripper_controller.pc'
[5.077s] Level 1:colcon.colcon_core.environment:checking '/home/tpi5/391_Project_pi/391_ws/install/gripper_controller/lib/python3.12/site-packages'
[5.077s] Level 1:colcon.colcon_core.shell:create_environment_hook('gripper_controller', 'pythonpath')
[5.077s] INFO:colcon.colcon_core.shell:Creating environment hook '/home/tpi5/391_Project_pi/391_ws/install/gripper_controller/share/gripper_controller/hook/pythonpath.ps1'
[5.078s] INFO:colcon.colcon_core.shell:Creating environment descriptor '/home/tpi5/391_Project_pi/391_ws/install/gripper_controller/share/gripper_controller/hook/pythonpath.dsv'
[5.079s] INFO:colcon.colcon_core.shell:Creating environment hook '/home/tpi5/391_Project_pi/391_ws/install/gripper_controller/share/gripper_controller/hook/pythonpath.sh'
[5.081s] Level 1:colcon.colcon_core.environment:checking '/home/tpi5/391_Project_pi/391_ws/install/gripper_controller/bin'
[5.081s] Level 1:colcon.colcon_core.environment:create_environment_scripts_only(gripper_controller)
[5.082s] INFO:colcon.colcon_core.shell:Creating package script '/home/tpi5/391_Project_pi/391_ws/install/gripper_controller/share/gripper_controller/package.ps1'
[5.083s] INFO:colcon.colcon_core.shell:Creating package descriptor '/home/tpi5/391_Project_pi/391_ws/install/gripper_controller/share/gripper_controller/package.dsv'
[5.085s] INFO:colcon.colcon_core.shell:Creating package script '/home/tpi5/391_Project_pi/391_ws/install/gripper_controller/share/gripper_controller/package.sh'
[5.087s] INFO:colcon.colcon_core.shell:Creating package script '/home/tpi5/391_Project_pi/391_ws/install/gripper_controller/share/gripper_controller/package.bash'
[5.088s] INFO:colcon.colcon_core.shell:Creating package script '/home/tpi5/391_Project_pi/391_ws/install/gripper_controller/share/gripper_controller/package.zsh'
[5.089s] Level 1:colcon.colcon_core.environment:create_file_with_runtime_dependencies(/home/tpi5/391_Project_pi/391_ws/install/gripper_controller/share/colcon-core/packages/gripper_controller)
[5.090s] Level 1:colcon.colcon_core.environment:checking '/home/tpi5/391_Project_pi/391_ws/install/dril_controller' for CMake module files
[5.092s] DEBUG:colcon.colcon_core.event_handler.log_command:Invoked command in '/home/tpi5/391_Project_pi/391_ws/src/dril_controller' returned '0': PYTHONPATH=/home/tpi5/391_Project_pi/391_ws/build/dril_controller/prefix_override:/usr/lib/python3/dist-packages/colcon_core/task/python/colcon_distutils_commands:/home/tpi5/391_Project_pi/391_ws/install/dril_controller/lib/python3.12/site-packages:${PYTHONPATH} /usr/bin/python3 -W ignore:setup.py install is deprecated -W ignore:easy_install command is deprecated setup.py egg_info --egg-base ../../build/dril_controller build --build-base /home/tpi5/391_Project_pi/391_ws/build/dril_controller/build install --record /home/tpi5/391_Project_pi/391_ws/build/dril_controller/install.log --single-version-externally-managed install_data
[5.092s] Level 1:colcon.colcon_core.environment:checking '/home/tpi5/391_Project_pi/391_ws/install/dril_controller' for CMake config files
[5.094s] Level 1:colcon.colcon_core.environment:checking '/home/tpi5/391_Project_pi/391_ws/install/dril_controller/lib'
[5.094s] Level 1:colcon.colcon_core.environment:checking '/home/tpi5/391_Project_pi/391_ws/install/dril_controller/bin'
[5.095s] Level 1:colcon.colcon_core.environment:checking '/home/tpi5/391_Project_pi/391_ws/install/dril_controller/lib/pkgconfig/dril_controller.pc'
[5.095s] Level 1:colcon.colcon_core.environment:checking '/home/tpi5/391_Project_pi/391_ws/install/dril_controller/lib/python3.12/site-packages'
[5.095s] Level 1:colcon.colcon_core.shell:create_environment_hook('dril_controller', 'pythonpath')
[5.095s] INFO:colcon.colcon_core.shell:Creating environment hook '/home/tpi5/391_Project_pi/391_ws/install/dril_controller/share/dril_controller/hook/pythonpath.ps1'
[5.096s] INFO:colcon.colcon_core.shell:Creating environment descriptor '/home/tpi5/391_Project_pi/391_ws/install/dril_controller/share/dril_controller/hook/pythonpath.dsv'
[5.097s] INFO:colcon.colcon_core.shell:Creating environment hook '/home/tpi5/391_Project_pi/391_ws/install/dril_controller/share/dril_controller/hook/pythonpath.sh'
[5.098s] Level 1:colcon.colcon_core.environment:checking '/home/tpi5/391_Project_pi/391_ws/install/dril_controller/bin'
[5.098s] Level 1:colcon.colcon_core.environment:create_environment_scripts_only(dril_controller)
[5.099s] INFO:colcon.colcon_core.shell:Creating package script '/home/tpi5/391_Project_pi/391_ws/install/dril_controller/share/dril_controller/package.ps1'
[5.100s] INFO:colcon.colcon_core.shell:Creating package descriptor '/home/tpi5/391_Project_pi/391_ws/install/dril_controller/share/dril_controller/package.dsv'
[5.100s] INFO:colcon.colcon_core.shell:Creating package script '/home/tpi5/391_Project_pi/391_ws/install/dril_controller/share/dril_controller/package.sh'
[5.102s] INFO:colcon.colcon_core.shell:Creating package script '/home/tpi5/391_Project_pi/391_ws/install/dril_controller/share/dril_controller/package.bash'
[5.103s] INFO:colcon.colcon_core.shell:Creating package script '/home/tpi5/391_Project_pi/391_ws/install/dril_controller/share/dril_controller/package.zsh'
[5.104s] Level 1:colcon.colcon_core.environment:create_file_with_runtime_dependencies(/home/tpi5/391_Project_pi/391_ws/install/dril_controller/share/colcon-core/packages/dril_controller)
[5.106s] INFO:colcon.colcon_ros.task.ament_python.build:Building ROS package in '/home/tpi5/391_Project_pi/391_ws/src/servo_dril_controller' with build type 'ament_python'
[5.106s] Level 1:colcon.colcon_core.shell:create_environment_hook('servo_dril_controller', 'ament_prefix_path')
[5.106s] INFO:colcon.colcon_core.shell:Creating environment hook '/home/tpi5/391_Project_pi/391_ws/install/servo_dril_controller/share/servo_dril_controller/hook/ament_prefix_path.ps1'
[5.107s] INFO:colcon.colcon_core.shell:Creating environment descriptor '/home/tpi5/391_Project_pi/391_ws/install/servo_dril_controller/share/servo_dril_controller/hook/ament_prefix_path.dsv'
[5.109s] INFO:colcon.colcon_core.shell:Creating environment hook '/home/tpi5/391_Project_pi/391_ws/install/servo_dril_controller/share/servo_dril_controller/hook/ament_prefix_path.sh'
[5.110s] INFO:colcon.colcon_core.shell:Skip shell extension 'powershell' for command environment: Not usable outside of PowerShell
[5.111s] DEBUG:colcon.colcon_core.shell:Skip shell extension 'dsv' for command environment
[5.119s] INFO:colcon.colcon_ros.task.ament_python.build:Building ROS package in '/home/tpi5/391_Project_pi/391_ws/src/servo_switch180_controller' with build type 'ament_python'
[5.119s] Level 1:colcon.colcon_core.shell:create_environment_hook('servo_switch180_controller', 'ament_prefix_path')
[5.119s] INFO:colcon.colcon_core.shell:Creating environment hook '/home/tpi5/391_Project_pi/391_ws/install/servo_switch180_controller/share/servo_switch180_controller/hook/ament_prefix_path.ps1'
[5.120s] INFO:colcon.colcon_core.shell:Creating environment descriptor '/home/tpi5/391_Project_pi/391_ws/install/servo_switch180_controller/share/servo_switch180_controller/hook/ament_prefix_path.dsv'
[5.121s] INFO:colcon.colcon_core.shell:Creating environment hook '/home/tpi5/391_Project_pi/391_ws/install/servo_switch180_controller/share/servo_switch180_controller/hook/ament_prefix_path.sh'
[5.123s] INFO:colcon.colcon_core.shell:Skip shell extension 'powershell' for command environment: Not usable outside of PowerShell
[5.123s] DEBUG:colcon.colcon_core.shell:Skip shell extension 'dsv' for command environment
[5.501s] INFO:colcon.colcon_core.task.python.build:Building Python package in '/home/tpi5/391_Project_pi/391_ws/src/linear_controller'
[5.502s] INFO:colcon.colcon_core.shell:Skip shell extension 'powershell' for command environment: Not usable outside of PowerShell
[5.502s] DEBUG:colcon.colcon_core.shell:Skip shell extension 'dsv' for command environment
[5.874s] INFO:colcon.colcon_core.task.python.build:Building Python package in '/home/tpi5/391_Project_pi/391_ws/src/servo_dril_controller'
[5.875s] INFO:colcon.colcon_core.shell:Skip shell extension 'powershell' for command environment: Not usable outside of PowerShell
[5.875s] DEBUG:colcon.colcon_core.shell:Skip shell extension 'dsv' for command environment
[6.229s] INFO:colcon.colcon_core.task.python.build:Building Python package in '/home/tpi5/391_Project_pi/391_ws/src/servo_switch180_controller'
[6.229s] INFO:colcon.colcon_core.shell:Skip shell extension 'powershell' for command environment: Not usable outside of PowerShell
[6.229s] DEBUG:colcon.colcon_core.shell:Skip shell extension 'dsv' for command environment
[6.245s] DEBUG:colcon.colcon_core.event_handler.log_command:Invoking command in '/home/tpi5/391_Project_pi/391_ws/src/joystick_controller': PYTHONPATH=/home/tpi5/391_Project_pi/391_ws/build/joystick_controller/prefix_override:/usr/lib/python3/dist-packages/colcon_core/task/python/colcon_distutils_commands:/home/tpi5/391_Project_pi/391_ws/install/joystick_controller/lib/python3.12/site-packages:${PYTHONPATH} /usr/bin/python3 -W ignore:setup.py install is deprecated -W ignore:easy_install command is deprecated setup.py egg_info --egg-base ../../build/joystick_controller build --build-base /home/tpi5/391_Project_pi/391_ws/build/joystick_controller/build install --record /home/tpi5/391_Project_pi/391_ws/build/joystick_controller/install.log --single-version-externally-managed install_data
[7.323s] Level 1:colcon.colcon_core.environment:checking '/home/tpi5/391_Project_pi/391_ws/install/joystick_controller' for CMake module files
[7.325s] Level 1:colcon.colcon_core.environment:checking '/home/tpi5/391_Project_pi/391_ws/install/joystick_controller' for CMake config files
[7.325s] DEBUG:colcon.colcon_core.event_handler.log_command:Invoked command in '/home/tpi5/391_Project_pi/391_ws/src/joystick_controller' returned '0': PYTHONPATH=/home/tpi5/391_Project_pi/391_ws/build/joystick_controller/prefix_override:/usr/lib/python3/dist-packages/colcon_core/task/python/colcon_distutils_commands:/home/tpi5/391_Project_pi/391_ws/install/joystick_controller/lib/python3.12/site-packages:${PYTHONPATH} /usr/bin/python3 -W ignore:setup.py install is deprecated -W ignore:easy_install command is deprecated setup.py egg_info --egg-base ../../build/joystick_controller build --build-base /home/tpi5/391_Project_pi/391_ws/build/joystick_controller/build install --record /home/tpi5/391_Project_pi/391_ws/build/joystick_controller/install.log --single-version-externally-managed install_data
[7.329s] Level 1:colcon.colcon_core.environment:checking '/home/tpi5/391_Project_pi/391_ws/install/joystick_controller/lib'
[7.329s] Level 1:colcon.colcon_core.environment:checking '/home/tpi5/391_Project_pi/391_ws/install/joystick_controller/bin'
[7.329s] Level 1:colcon.colcon_core.environment:checking '/home/tpi5/391_Project_pi/391_ws/install/joystick_controller/lib/pkgconfig/joystick_controller.pc'
[7.330s] Level 1:colcon.colcon_core.environment:checking '/home/tpi5/391_Project_pi/391_ws/install/joystick_controller/lib/python3.12/site-packages'
[7.330s] Level 1:colcon.colcon_core.shell:create_environment_hook('joystick_controller', 'pythonpath')
[7.331s] INFO:colcon.colcon_core.shell:Creating environment hook '/home/tpi5/391_Project_pi/391_ws/install/joystick_controller/share/joystick_controller/hook/pythonpath.ps1'
[7.333s] INFO:colcon.colcon_core.shell:Creating environment descriptor '/home/tpi5/391_Project_pi/391_ws/install/joystick_controller/share/joystick_controller/hook/pythonpath.dsv'
[7.334s] INFO:colcon.colcon_core.shell:Creating environment hook '/home/tpi5/391_Project_pi/391_ws/install/joystick_controller/share/joystick_controller/hook/pythonpath.sh'
[7.336s] Level 1:colcon.colcon_core.environment:checking '/home/tpi5/391_Project_pi/391_ws/install/joystick_controller/bin'
[7.336s] Level 1:colcon.colcon_core.environment:create_environment_scripts_only(joystick_controller)
[7.337s] INFO:colcon.colcon_core.shell:Creating package script '/home/tpi5/391_Project_pi/391_ws/install/joystick_controller/share/joystick_controller/package.ps1'
[7.339s] INFO:colcon.colcon_core.shell:Creating package descriptor '/home/tpi5/391_Project_pi/391_ws/install/joystick_controller/share/joystick_controller/package.dsv'
[7.343s] INFO:colcon.colcon_core.shell:Creating package script '/home/tpi5/391_Project_pi/391_ws/install/joystick_controller/share/joystick_controller/package.sh'
[7.345s] INFO:colcon.colcon_core.shell:Creating package script '/home/tpi5/391_Project_pi/391_ws/install/joystick_controller/share/joystick_controller/package.bash'
[7.346s] INFO:colcon.colcon_core.shell:Creating package script '/home/tpi5/391_Project_pi/391_ws/install/joystick_controller/share/joystick_controller/package.zsh'
[7.348s] Level 1:colcon.colcon_core.environment:create_file_with_runtime_dependencies(/home/tpi5/391_Project_pi/391_ws/install/joystick_controller/share/colcon-core/packages/joystick_controller)
[7.350s] INFO:colcon.colcon_ros.task.ament_python.build:Building ROS package in '/home/tpi5/391_Project_pi/391_ws/src/tao_controller' with build type 'ament_python'
[7.351s] Level 1:colcon.colcon_core.shell:create_environment_hook('tao_controller', 'ament_prefix_path')
[7.352s] INFO:colcon.colcon_core.shell:Creating environment hook '/home/tpi5/391_Project_pi/391_ws/install/tao_controller/share/tao_controller/hook/ament_prefix_path.ps1'
[7.359s] INFO:colcon.colcon_core.shell:Creating environment descriptor '/home/tpi5/391_Project_pi/391_ws/install/tao_controller/share/tao_controller/hook/ament_prefix_path.dsv'
[7.361s] INFO:colcon.colcon_core.shell:Creating environment hook '/home/tpi5/391_Project_pi/391_ws/install/tao_controller/share/tao_controller/hook/ament_prefix_path.sh'
[7.363s] INFO:colcon.colcon_core.shell:Skip shell extension 'powershell' for command environment: Not usable outside of PowerShell
[7.363s] DEBUG:colcon.colcon_core.shell:Skip shell extension 'dsv' for command environment
[7.387s] DEBUG:colcon.colcon_core.event_handler.log_command:Invoking command in '/home/tpi5/391_Project_pi/391_ws/src/linear_controller': PYTHONPATH=/home/tpi5/391_Project_pi/391_ws/build/linear_controller/prefix_override:/usr/lib/python3/dist-packages/colcon_core/task/python/colcon_distutils_commands:/home/tpi5/391_Project_pi/391_ws/install/linear_controller/lib/python3.12/site-packages:${PYTHONPATH} /usr/bin/python3 -W ignore:setup.py install is deprecated -W ignore:easy_install command is deprecated setup.py egg_info --egg-base ../../build/linear_controller build --build-base /home/tpi5/391_Project_pi/391_ws/build/linear_controller/build install --record /home/tpi5/391_Project_pi/391_ws/build/linear_controller/install.log --single-version-externally-managed install_data
[7.758s] INFO:colcon.colcon_core.task.python.build:Building Python package in '/home/tpi5/391_Project_pi/391_ws/src/tao_controller'
[7.759s] INFO:colcon.colcon_core.shell:Skip shell extension 'powershell' for command environment: Not usable outside of PowerShell
[7.759s] DEBUG:colcon.colcon_core.shell:Skip shell extension 'dsv' for command environment
[7.771s] DEBUG:colcon.colcon_core.event_handler.log_command:Invoking command in '/home/tpi5/391_Project_pi/391_ws/src/servo_dril_controller': PYTHONPATH=/home/tpi5/391_Project_pi/391_ws/build/servo_dril_controller/prefix_override:/usr/lib/python3/dist-packages/colcon_core/task/python/colcon_distutils_commands:/home/tpi5/391_Project_pi/391_ws/install/servo_dril_controller/lib/python3.12/site-packages:${PYTHONPATH} /usr/bin/python3 -W ignore:setup.py install is deprecated -W ignore:easy_install command is deprecated setup.py egg_info --egg-base ../../build/servo_dril_controller build --build-base /home/tpi5/391_Project_pi/391_ws/build/servo_dril_controller/build install --record /home/tpi5/391_Project_pi/391_ws/build/servo_dril_controller/install.log --single-version-externally-managed install_data
[7.772s] DEBUG:colcon.colcon_core.event_handler.log_command:Invoking command in '/home/tpi5/391_Project_pi/391_ws/src/servo_switch180_controller': PYTHONPATH=/home/tpi5/391_Project_pi/391_ws/build/servo_switch180_controller/prefix_override:/usr/lib/python3/dist-packages/colcon_core/task/python/colcon_distutils_commands:/home/tpi5/391_Project_pi/391_ws/install/servo_switch180_controller/lib/python3.12/site-packages:${PYTHONPATH} /usr/bin/python3 -W ignore:setup.py install is deprecated -W ignore:easy_install command is deprecated setup.py egg_info --egg-base ../../build/servo_switch180_controller build --build-base /home/tpi5/391_Project_pi/391_ws/build/servo_switch180_controller/build install --record /home/tpi5/391_Project_pi/391_ws/build/servo_switch180_controller/install.log --single-version-externally-managed install_data
[8.386s] Level 1:colcon.colcon_core.environment:checking '/home/tpi5/391_Project_pi/391_ws/install/linear_controller' for CMake module files
[8.386s] Level 1:colcon.colcon_core.environment:checking '/home/tpi5/391_Project_pi/391_ws/install/linear_controller' for CMake config files
[8.387s] DEBUG:colcon.colcon_core.event_handler.log_command:Invoked command in '/home/tpi5/391_Project_pi/391_ws/src/linear_controller' returned '0': PYTHONPATH=/home/tpi5/391_Project_pi/391_ws/build/linear_controller/prefix_override:/usr/lib/python3/dist-packages/colcon_core/task/python/colcon_distutils_commands:/home/tpi5/391_Project_pi/391_ws/install/linear_controller/lib/python3.12/site-packages:${PYTHONPATH} /usr/bin/python3 -W ignore:setup.py install is deprecated -W ignore:easy_install command is deprecated setup.py egg_info --egg-base ../../build/linear_controller build --build-base /home/tpi5/391_Project_pi/391_ws/build/linear_controller/build install --record /home/tpi5/391_Project_pi/391_ws/build/linear_controller/install.log --single-version-externally-managed install_data
[8.388s] Level 1:colcon.colcon_core.environment:checking '/home/tpi5/391_Project_pi/391_ws/install/linear_controller/lib'
[8.389s] Level 1:colcon.colcon_core.environment:checking '/home/tpi5/391_Project_pi/391_ws/install/linear_controller/bin'
[8.389s] Level 1:colcon.colcon_core.environment:checking '/home/tpi5/391_Project_pi/391_ws/install/linear_controller/lib/pkgconfig/linear_controller.pc'
[8.389s] Level 1:colcon.colcon_core.environment:checking '/home/tpi5/391_Project_pi/391_ws/install/linear_controller/lib/python3.12/site-packages'
[8.389s] Level 1:colcon.colcon_core.shell:create_environment_hook('linear_controller', 'pythonpath')
[8.390s] INFO:colcon.colcon_core.shell:Creating environment hook '/home/tpi5/391_Project_pi/391_ws/install/linear_controller/share/linear_controller/hook/pythonpath.ps1'
[8.391s] INFO:colcon.colcon_core.shell:Creating environment descriptor '/home/tpi5/391_Project_pi/391_ws/install/linear_controller/share/linear_controller/hook/pythonpath.dsv'
[8.392s] INFO:colcon.colcon_core.shell:Creating environment hook '/home/tpi5/391_Project_pi/391_ws/install/linear_controller/share/linear_controller/hook/pythonpath.sh'
[8.393s] Level 1:colcon.colcon_core.environment:checking '/home/tpi5/391_Project_pi/391_ws/install/linear_controller/bin'
[8.393s] Level 1:colcon.colcon_core.environment:create_environment_scripts_only(linear_controller)
[8.394s] INFO:colcon.colcon_core.shell:Creating package script '/home/tpi5/391_Project_pi/391_ws/install/linear_controller/share/linear_controller/package.ps1'
[8.395s] INFO:colcon.colcon_core.shell:Creating package descriptor '/home/tpi5/391_Project_pi/391_ws/install/linear_controller/share/linear_controller/package.dsv'
[8.396s] INFO:colcon.colcon_core.shell:Creating package script '/home/tpi5/391_Project_pi/391_ws/install/linear_controller/share/linear_controller/package.sh'
[8.398s] INFO:colcon.colcon_core.shell:Creating package script '/home/tpi5/391_Project_pi/391_ws/install/linear_controller/share/linear_controller/package.bash'
[8.399s] INFO:colcon.colcon_core.shell:Creating package script '/home/tpi5/391_Project_pi/391_ws/install/linear_controller/share/linear_controller/package.zsh'
[8.400s] Level 1:colcon.colcon_core.environment:create_file_with_runtime_dependencies(/home/tpi5/391_Project_pi/391_ws/install/linear_controller/share/colcon-core/packages/linear_controller)
[8.766s] Level 1:colcon.colcon_core.environment:checking '/home/tpi5/391_Project_pi/391_ws/install/servo_dril_controller' for CMake module files
[8.767s] Level 1:colcon.colcon_core.environment:checking '/home/tpi5/391_Project_pi/391_ws/install/servo_dril_controller' for CMake config files
[8.768s] DEBUG:colcon.colcon_core.event_handler.log_command:Invoked command in '/home/tpi5/391_Project_pi/391_ws/src/servo_dril_controller' returned '0': PYTHONPATH=/home/tpi5/391_Project_pi/391_ws/build/servo_dril_controller/prefix_override:/usr/lib/python3/dist-packages/colcon_core/task/python/colcon_distutils_commands:/home/tpi5/391_Project_pi/391_ws/install/servo_dril_controller/lib/python3.12/site-packages:${PYTHONPATH} /usr/bin/python3 -W ignore:setup.py install is deprecated -W ignore:easy_install command is deprecated setup.py egg_info --egg-base ../../build/servo_dril_controller build --build-base /home/tpi5/391_Project_pi/391_ws/build/servo_dril_controller/build install --record /home/tpi5/391_Project_pi/391_ws/build/servo_dril_controller/install.log --single-version-externally-managed install_data
[8.811s] Level 1:colcon.colcon_core.environment:checking '/home/tpi5/391_Project_pi/391_ws/install/servo_dril_controller/lib'
[8.811s] Level 1:colcon.colcon_core.environment:checking '/home/tpi5/391_Project_pi/391_ws/install/servo_dril_controller/bin'
[8.811s] Level 1:colcon.colcon_core.environment:checking '/home/tpi5/391_Project_pi/391_ws/install/servo_dril_controller/lib/pkgconfig/servo_dril_controller.pc'
[8.811s] Level 1:colcon.colcon_core.environment:checking '/home/tpi5/391_Project_pi/391_ws/install/servo_dril_controller/lib/python3.12/site-packages'
[8.812s] Level 1:colcon.colcon_core.shell:create_environment_hook('servo_dril_controller', 'pythonpath')
[8.812s] INFO:colcon.colcon_core.shell:Creating environment hook '/home/tpi5/391_Project_pi/391_ws/install/servo_dril_controller/share/servo_dril_controller/hook/pythonpath.ps1'
[8.813s] INFO:colcon.colcon_core.shell:Creating environment descriptor '/home/tpi5/391_Project_pi/391_ws/install/servo_dril_controller/share/servo_dril_controller/hook/pythonpath.dsv'
[8.814s] INFO:colcon.colcon_core.shell:Creating environment hook '/home/tpi5/391_Project_pi/391_ws/install/servo_dril_controller/share/servo_dril_controller/hook/pythonpath.sh'
[8.816s] Level 1:colcon.colcon_core.environment:checking '/home/tpi5/391_Project_pi/391_ws/install/servo_dril_controller/bin'
[8.816s] Level 1:colcon.colcon_core.environment:create_environment_scripts_only(servo_dril_controller)
[8.817s] INFO:colcon.colcon_core.shell:Creating package script '/home/tpi5/391_Project_pi/391_ws/install/servo_dril_controller/share/servo_dril_controller/package.ps1'
[8.818s] INFO:colcon.colcon_core.shell:Creating package descriptor '/home/tpi5/391_Project_pi/391_ws/install/servo_dril_controller/share/servo_dril_controller/package.dsv'
[8.819s] INFO:colcon.colcon_core.shell:Creating package script '/home/tpi5/391_Project_pi/391_ws/install/servo_dril_controller/share/servo_dril_controller/package.sh'
[8.820s] INFO:colcon.colcon_core.shell:Creating package script '/home/tpi5/391_Project_pi/391_ws/install/servo_dril_controller/share/servo_dril_controller/package.bash'
[8.822s] INFO:colcon.colcon_core.shell:Creating package script '/home/tpi5/391_Project_pi/391_ws/install/servo_dril_controller/share/servo_dril_controller/package.zsh'
[8.826s] Level 1:colcon.colcon_core.environment:create_file_with_runtime_dependencies(/home/tpi5/391_Project_pi/391_ws/install/servo_dril_controller/share/colcon-core/packages/servo_dril_controller)
[8.851s] Level 1:colcon.colcon_core.environment:checking '/home/tpi5/391_Project_pi/391_ws/install/servo_switch180_controller' for CMake module files
[8.852s] DEBUG:colcon.colcon_core.event_handler.log_command:Invoked command in '/home/tpi5/391_Project_pi/391_ws/src/servo_switch180_controller' returned '0': PYTHONPATH=/home/tpi5/391_Project_pi/391_ws/build/servo_switch180_controller/prefix_override:/usr/lib/python3/dist-packages/colcon_core/task/python/colcon_distutils_commands:/home/tpi5/391_Project_pi/391_ws/install/servo_switch180_controller/lib/python3.12/site-packages:${PYTHONPATH} /usr/bin/python3 -W ignore:setup.py install is deprecated -W ignore:easy_install command is deprecated setup.py egg_info --egg-base ../../build/servo_switch180_controller build --build-base /home/tpi5/391_Project_pi/391_ws/build/servo_switch180_controller/build install --record /home/tpi5/391_Project_pi/391_ws/build/servo_switch180_controller/install.log --single-version-externally-managed install_data
[8.853s] Level 1:colcon.colcon_core.environment:checking '/home/tpi5/391_Project_pi/391_ws/install/servo_switch180_controller' for CMake config files
[8.854s] Level 1:colcon.colcon_core.environment:checking '/home/tpi5/391_Project_pi/391_ws/install/servo_switch180_controller/lib'
[8.855s] Level 1:colcon.colcon_core.environment:checking '/home/tpi5/391_Project_pi/391_ws/install/servo_switch180_controller/bin'
[8.855s] Level 1:colcon.colcon_core.environment:checking '/home/tpi5/391_Project_pi/391_ws/install/servo_switch180_controller/lib/pkgconfig/servo_switch180_controller.pc'
[8.855s] Level 1:colcon.colcon_core.environment:checking '/home/tpi5/391_Project_pi/391_ws/install/servo_switch180_controller/lib/python3.12/site-packages'
[8.855s] Level 1:colcon.colcon_core.shell:create_environment_hook('servo_switch180_controller', 'pythonpath')
[8.855s] INFO:colcon.colcon_core.shell:Creating environment hook '/home/tpi5/391_Project_pi/391_ws/install/servo_switch180_controller/share/servo_switch180_controller/hook/pythonpath.ps1'
[8.856s] INFO:colcon.colcon_core.shell:Creating environment descriptor '/home/tpi5/391_Project_pi/391_ws/install/servo_switch180_controller/share/servo_switch180_controller/hook/pythonpath.dsv'
[8.857s] INFO:colcon.colcon_core.shell:Creating environment hook '/home/tpi5/391_Project_pi/391_ws/install/servo_switch180_controller/share/servo_switch180_controller/hook/pythonpath.sh'
[8.858s] Level 1:colcon.colcon_core.environment:checking '/home/tpi5/391_Project_pi/391_ws/install/servo_switch180_controller/bin'
[8.858s] Level 1:colcon.colcon_core.environment:create_environment_scripts_only(servo_switch180_controller)
[8.858s] INFO:colcon.colcon_core.shell:Creating package script '/home/tpi5/391_Project_pi/391_ws/install/servo_switch180_controller/share/servo_switch180_controller/package.ps1'
[8.859s] INFO:colcon.colcon_core.shell:Creating package descriptor '/home/tpi5/391_Project_pi/391_ws/install/servo_switch180_controller/share/servo_switch180_controller/package.dsv'
[8.860s] INFO:colcon.colcon_core.shell:Creating package script '/home/tpi5/391_Project_pi/391_ws/install/servo_switch180_controller/share/servo_switch180_controller/package.sh'
[8.861s] INFO:colcon.colcon_core.shell:Creating package script '/home/tpi5/391_Project_pi/391_ws/install/servo_switch180_controller/share/servo_switch180_controller/package.bash'
[8.861s] INFO:colcon.colcon_core.shell:Creating package script '/home/tpi5/391_Project_pi/391_ws/install/servo_switch180_controller/share/servo_switch180_controller/package.zsh'
[8.862s] Level 1:colcon.colcon_core.environment:create_file_with_runtime_dependencies(/home/tpi5/391_Project_pi/391_ws/install/servo_switch180_controller/share/colcon-core/packages/servo_switch180_controller)
[8.867s] DEBUG:colcon.colcon_core.event_handler.log_command:Invoking command in '/home/tpi5/391_Project_pi/391_ws/src/tao_controller': PYTHONPATH=/home/tpi5/391_Project_pi/391_ws/build/tao_controller/prefix_override:/usr/lib/python3/dist-packages/colcon_core/task/python/colcon_distutils_commands:/home/tpi5/391_Project_pi/391_ws/install/tao_controller/lib/python3.12/site-packages:${PYTHONPATH} /usr/bin/python3 -W ignore:setup.py install is deprecated -W ignore:easy_install command is deprecated setup.py egg_info --egg-base ../../build/tao_controller build --build-base /home/tpi5/391_Project_pi/391_ws/build/tao_controller/build install --record /home/tpi5/391_Project_pi/391_ws/build/tao_controller/install.log --single-version-externally-managed install_data
[9.622s] Level 1:colcon.colcon_core.environment:checking '/home/tpi5/391_Project_pi/391_ws/install/tao_controller' for CMake module files
[9.623s] DEBUG:colcon.colcon_core.event_handler.log_command:Invoked command in '/home/tpi5/391_Project_pi/391_ws/src/tao_controller' returned '0': PYTHONPATH=/home/tpi5/391_Project_pi/391_ws/build/tao_controller/prefix_override:/usr/lib/python3/dist-packages/colcon_core/task/python/colcon_distutils_commands:/home/tpi5/391_Project_pi/391_ws/install/tao_controller/lib/python3.12/site-packages:${PYTHONPATH} /usr/bin/python3 -W ignore:setup.py install is deprecated -W ignore:easy_install command is deprecated setup.py egg_info --egg-base ../../build/tao_controller build --build-base /home/tpi5/391_Project_pi/391_ws/build/tao_controller/build install --record /home/tpi5/391_Project_pi/391_ws/build/tao_controller/install.log --single-version-externally-managed install_data
[9.623s] Level 1:colcon.colcon_core.environment:checking '/home/tpi5/391_Project_pi/391_ws/install/tao_controller' for CMake config files
[9.630s] Level 1:colcon.colcon_core.environment:checking '/home/tpi5/391_Project_pi/391_ws/install/tao_controller/lib'
[9.630s] Level 1:colcon.colcon_core.environment:checking '/home/tpi5/391_Project_pi/391_ws/install/tao_controller/bin'
[9.630s] Level 1:colcon.colcon_core.environment:checking '/home/tpi5/391_Project_pi/391_ws/install/tao_controller/lib/pkgconfig/tao_controller.pc'
[9.630s] Level 1:colcon.colcon_core.environment:checking '/home/tpi5/391_Project_pi/391_ws/install/tao_controller/lib/python3.12/site-packages'
[9.631s] Level 1:colcon.colcon_core.shell:create_environment_hook('tao_controller', 'pythonpath')
[9.631s] INFO:colcon.colcon_core.shell:Creating environment hook '/home/tpi5/391_Project_pi/391_ws/install/tao_controller/share/tao_controller/hook/pythonpath.ps1'
[9.632s] INFO:colcon.colcon_core.shell:Creating environment descriptor '/home/tpi5/391_Project_pi/391_ws/install/tao_controller/share/tao_controller/hook/pythonpath.dsv'
[9.632s] INFO:colcon.colcon_core.shell:Creating environment hook '/home/tpi5/391_Project_pi/391_ws/install/tao_controller/share/tao_controller/hook/pythonpath.sh'
[9.633s] Level 1:colcon.colcon_core.environment:checking '/home/tpi5/391_Project_pi/391_ws/install/tao_controller/bin'
[9.634s] Level 1:colcon.colcon_core.environment:create_environment_scripts_only(tao_controller)
[9.634s] INFO:colcon.colcon_core.shell:Creating package script '/home/tpi5/391_Project_pi/391_ws/install/tao_controller/share/tao_controller/package.ps1'
[9.635s] INFO:colcon.colcon_core.shell:Creating package descriptor '/home/tpi5/391_Project_pi/391_ws/install/tao_controller/share/tao_controller/package.dsv'
[9.635s] INFO:colcon.colcon_core.shell:Creating package script '/home/tpi5/391_Project_pi/391_ws/install/tao_controller/share/tao_controller/package.sh'
[9.636s] INFO:colcon.colcon_core.shell:Creating package script '/home/tpi5/391_Project_pi/391_ws/install/tao_controller/share/tao_controller/package.bash'
[9.638s] INFO:colcon.colcon_core.shell:Creating package script '/home/tpi5/391_Project_pi/391_ws/install/tao_controller/share/tao_controller/package.zsh'
[9.639s] Level 1:colcon.colcon_core.environment:create_file_with_runtime_dependencies(/home/tpi5/391_Project_pi/391_ws/install/tao_controller/share/colcon-core/packages/tao_controller)
[9.639s] INFO:colcon.colcon_ros.task.ament_python.build:Building ROS package in '/home/tpi5/391_Project_pi/391_ws/src/robot_bringup' with build type 'ament_python'
[9.640s] Level 1:colcon.colcon_core.shell:create_environment_hook('robot_bringup', 'ament_prefix_path')
[9.640s] INFO:colcon.colcon_core.shell:Creating environment hook '/home/tpi5/391_Project_pi/391_ws/install/robot_bringup/share/robot_bringup/hook/ament_prefix_path.ps1'
[9.642s] INFO:colcon.colcon_core.shell:Creating environment descriptor '/home/tpi5/391_Project_pi/391_ws/install/robot_bringup/share/robot_bringup/hook/ament_prefix_path.dsv'
[9.643s] INFO:colcon.colcon_core.shell:Creating environment hook '/home/tpi5/391_Project_pi/391_ws/install/robot_bringup/share/robot_bringup/hook/ament_prefix_path.sh'
[9.644s] INFO:colcon.colcon_core.shell:Skip shell extension 'powershell' for command environment: Not usable outside of PowerShell
[9.644s] DEBUG:colcon.colcon_core.shell:Skip shell extension 'dsv' for command environment
[9.995s] INFO:colcon.colcon_core.task.python.build:Building Python package in '/home/tpi5/391_Project_pi/391_ws/src/robot_bringup'
[9.995s] INFO:colcon.colcon_core.shell:Skip shell extension 'powershell' for command environment: Not usable outside of PowerShell
[9.995s] DEBUG:colcon.colcon_core.shell:Skip shell extension 'dsv' for command environment
[10.841s] DEBUG:colcon.colcon_core.event_handler.log_command:Invoking command in '/home/tpi5/391_Project_pi/391_ws/src/robot_bringup': AMENT_PREFIX_PATH=/home/tpi5/391_Project_pi/391_ws/install/tao_controller:/home/tpi5/391_Project_pi/391_ws/install/servo_switch180_controller:/home/tpi5/391_Project_pi/391_ws/install/servo_dril_controller:/home/tpi5/391_Project_pi/391_ws/install/linear_controller:/home/tpi5/391_Project_pi/391_ws/install/joystick_controller:/home/tpi5/391_Project_pi/391_ws/install/gripper_controller:/home/tpi5/391_Project_pi/391_ws/install/dual_cam_mjpeg_server:/home/tpi5/391_Project_pi/391_ws/install/drive_controller:/home/tpi5/391_Project_pi/391_ws/install/dril_controller:/home/tpi5/391_Project_pi/391_ws/install/robot_bringup:/home/tpi5/391_Project_pi/install/tao_controller:/home/tpi5/391_Project_pi/install/servo_switch180_controller:/home/tpi5/391_Project_pi/install/servo_dril_controller:/home/tpi5/391_Project_pi/install/servo_controller:/home/tpi5/391_Project_pi/install/linear_controller:/home/tpi5/391_Project_pi/install/joystick_controller:/home/tpi5/391_Project_pi/install/gripper_controller:/home/tpi5/391_Project_pi/install/dual_cam_mjpeg_server:/home/tpi5/391_Project_pi/install/drive_controller:/home/tpi5/391_Project_pi/install/dril_controller:/home/tpi5/391_Project/391_ws/install/joystick_controller:/home/tpi5/391_Project/391_ws/install/drive_controller:/home/tpi5/uros_ws/install/micro_ros_setup:/home/tpi5/uros_ws/install/micro_ros_agent:/home/tpi5/uros_ws/install/micro_ros_msgs:/opt/ros/jazzy PYTHONPATH=/home/tpi5/391_Project_pi/391_ws/build/robot_bringup/prefix_override:/usr/lib/python3/dist-packages/colcon_core/task/python/colcon_distutils_commands:/home/tpi5/391_Project_pi/391_ws/install/robot_bringup/lib/python3.12/site-packages:/home/tpi5/391_Project_pi/391_ws/install/tao_controller/lib/python3.12/site-packages:/home/tpi5/391_Project_pi/391_ws/install/servo_switch180_controller/lib/python3.12/site-packages:/home/tpi5/391_Project_pi/391_ws/install/servo_dril_controller/lib/python3.12/site-packages:/home/tpi5/391_Project_pi/391_ws/install/linear_controller/lib/python3.12/site-packages:/home/tpi5/391_Project_pi/391_ws/install/joystick_controller/lib/python3.12/site-packages:/home/tpi5/391_Project_pi/391_ws/install/gripper_controller/lib/python3.12/site-packages:/home/tpi5/391_Project_pi/391_ws/install/dual_cam_mjpeg_server/lib/python3.12/site-packages:/home/tpi5/391_Project_pi/391_ws/install/drive_controller/lib/python3.12/site-packages:/home/tpi5/391_Project_pi/391_ws/install/dril_controller/lib/python3.12/site-packages:/home/tpi5/391_Project_pi/391_ws/install/robot_bringup/lib/python3.12/site-packages:/home/tpi5/391_Project_pi/install/tao_controller/lib/python3.12/site-packages:/home/tpi5/391_Project_pi/install/servo_switch180_controller/lib/python3.12/site-packages:/home/tpi5/391_Project_pi/install/servo_dril_controller/lib/python3.12/site-packages:/home/tpi5/391_Project_pi/install/servo_controller/lib/python3.12/site-packages:/home/tpi5/391_Project_pi/install/linear_controller/lib/python3.12/site-packages:/home/tpi5/391_Project_pi/install/joystick_controller/lib/python3.12/site-packages:/home/tpi5/391_Project_pi/install/gripper_controller/lib/python3.12/site-packages:/home/tpi5/391_Project_pi/install/dual_cam_mjpeg_server/lib/python3.12/site-packages:/home/tpi5/391_Project_pi/install/drive_controller/lib/python3.12/site-packages:/home/tpi5/391_Project_pi/install/dril_controller/lib/python3.12/site-packages:/home/tpi5/391_Project/391_ws/install/joystick_controller/lib/python3.12/site-packages:/home/tpi5/391_Project/391_ws/install/drive_controller/lib/python3.12/site-packages:/home/tpi5/uros_ws/install/micro_ros_msgs/lib/python3.12/site-packages:/opt/ros/jazzy/lib/python3.12/site-packages /usr/bin/python3 -W ignore:setup.py install is deprecated -W ignore:easy_install command is deprecated setup.py egg_info --egg-base ../../build/robot_bringup build --build-base /home/tpi5/391_Project_pi/391_ws/build/robot_bringup/build install --record /home/tpi5/391_Project_pi/391_ws/build/robot_bringup/install.log --single-version-externally-managed install_data
[11.588s] Level 1:colcon.colcon_core.environment:checking '/home/tpi5/391_Project_pi/391_ws/install/robot_bringup' for CMake module files
[11.588s] DEBUG:colcon.colcon_core.event_handler.log_command:Invoked command in '/home/tpi5/391_Project_pi/391_ws/src/robot_bringup' returned '0': AMENT_PREFIX_PATH=/home/tpi5/391_Project_pi/391_ws/install/tao_controller:/home/tpi5/391_Project_pi/391_ws/install/servo_switch180_controller:/home/tpi5/391_Project_pi/391_ws/install/servo_dril_controller:/home/tpi5/391_Project_pi/391_ws/install/linear_controller:/home/tpi5/391_Project_pi/391_ws/install/joystick_controller:/home/tpi5/391_Project_pi/391_ws/install/gripper_controller:/home/tpi5/391_Project_pi/391_ws/install/dual_cam_mjpeg_server:/home/tpi5/391_Project_pi/391_ws/install/drive_controller:/home/tpi5/391_Project_pi/391_ws/install/dril_controller:/home/tpi5/391_Project_pi/391_ws/install/robot_bringup:/home/tpi5/391_Project_pi/install/tao_controller:/home/tpi5/391_Project_pi/install/servo_switch180_controller:/home/tpi5/391_Project_pi/install/servo_dril_controller:/home/tpi5/391_Project_pi/install/servo_controller:/home/tpi5/391_Project_pi/install/linear_controller:/home/tpi5/391_Project_pi/install/joystick_controller:/home/tpi5/391_Project_pi/install/gripper_controller:/home/tpi5/391_Project_pi/install/dual_cam_mjpeg_server:/home/tpi5/391_Project_pi/install/drive_controller:/home/tpi5/391_Project_pi/install/dril_controller:/home/tpi5/391_Project/391_ws/install/joystick_controller:/home/tpi5/391_Project/391_ws/install/drive_controller:/home/tpi5/uros_ws/install/micro_ros_setup:/home/tpi5/uros_ws/install/micro_ros_agent:/home/tpi5/uros_ws/install/micro_ros_msgs:/opt/ros/jazzy PYTHONPATH=/home/tpi5/391_Project_pi/391_ws/build/robot_bringup/prefix_override:/usr/lib/python3/dist-packages/colcon_core/task/python/colcon_distutils_commands:/home/tpi5/391_Project_pi/391_ws/install/robot_bringup/lib/python3.12/site-packages:/home/tpi5/391_Project_pi/391_ws/install/tao_controller/lib/python3.12/site-packages:/home/tpi5/391_Project_pi/391_ws/install/servo_switch180_controller/lib/python3.12/site-packages:/home/tpi5/391_Project_pi/391_ws/install/servo_dril_controller/lib/python3.12/site-packages:/home/tpi5/391_Project_pi/391_ws/install/linear_controller/lib/python3.12/site-packages:/home/tpi5/391_Project_pi/391_ws/install/joystick_controller/lib/python3.12/site-packages:/home/tpi5/391_Project_pi/391_ws/install/gripper_controller/lib/python3.12/site-packages:/home/tpi5/391_Project_pi/391_ws/install/dual_cam_mjpeg_server/lib/python3.12/site-packages:/home/tpi5/391_Project_pi/391_ws/install/drive_controller/lib/python3.12/site-packages:/home/tpi5/391_Project_pi/391_ws/install/dril_controller/lib/python3.12/site-packages:/home/tpi5/391_Project_pi/391_ws/install/robot_bringup/lib/python3.12/site-packages:/home/tpi5/391_Project_pi/install/tao_controller/lib/python3.12/site-packages:/home/tpi5/391_Project_pi/install/servo_switch180_controller/lib/python3.12/site-packages:/home/tpi5/391_Project_pi/install/servo_dril_controller/lib/python3.12/site-packages:/home/tpi5/391_Project_pi/install/servo_controller/lib/python3.12/site-packages:/home/tpi5/391_Project_pi/install/linear_controller/lib/python3.12/site-packages:/home/tpi5/391_Project_pi/install/joystick_controller/lib/python3.12/site-packages:/home/tpi5/391_Project_pi/install/gripper_controller/lib/python3.12/site-packages:/home/tpi5/391_Project_pi/install/dual_cam_mjpeg_server/lib/python3.12/site-packages:/home/tpi5/391_Project_pi/install/drive_controller/lib/python3.12/site-packages:/home/tpi5/391_Project_pi/install/dril_controller/lib/python3.12/site-packages:/home/tpi5/391_Project/391_ws/install/joystick_controller/lib/python3.12/site-packages:/home/tpi5/391_Project/391_ws/install/drive_controller/lib/python3.12/site-packages:/home/tpi5/uros_ws/install/micro_ros_msgs/lib/python3.12/site-packages:/opt/ros/jazzy/lib/python3.12/site-packages /usr/bin/python3 -W ignore:setup.py install is deprecated -W ignore:easy_install command is deprecated setup.py egg_info --egg-base ../../build/robot_bringup build --build-base /home/tpi5/391_Project_pi/391_ws/build/robot_bringup/build install --record /home/tpi5/391_Project_pi/391_ws/build/robot_bringup/install.log --single-version-externally-managed install_data
[11.592s] Level 1:colcon.colcon_core.environment:checking '/home/tpi5/391_Project_pi/391_ws/install/robot_bringup' for CMake config files
[11.594s] Level 1:colcon.colcon_core.environment:checking '/home/tpi5/391_Project_pi/391_ws/install/robot_bringup/lib'
[11.594s] Level 1:colcon.colcon_core.environment:checking '/home/tpi5/391_Project_pi/391_ws/install/robot_bringup/bin'
[11.594s] Level 1:colcon.colcon_core.environment:checking '/home/tpi5/391_Project_pi/391_ws/install/robot_bringup/lib/pkgconfig/robot_bringup.pc'
[11.594s] Level 1:colcon.colcon_core.environment:checking '/home/tpi5/391_Project_pi/391_ws/install/robot_bringup/lib/python3.12/site-packages'
[11.594s] Level 1:colcon.colcon_core.shell:create_environment_hook('robot_bringup', 'pythonpath')
[11.595s] INFO:colcon.colcon_core.shell:Creating environment hook '/home/tpi5/391_Project_pi/391_ws/install/robot_bringup/share/robot_bringup/hook/pythonpath.ps1'
[11.595s] INFO:colcon.colcon_core.shell:Creating environment descriptor '/home/tpi5/391_Project_pi/391_ws/install/robot_bringup/share/robot_bringup/hook/pythonpath.dsv'
[11.596s] INFO:colcon.colcon_core.shell:Creating environment hook '/home/tpi5/391_Project_pi/391_ws/install/robot_bringup/share/robot_bringup/hook/pythonpath.sh'
[11.597s] Level 1:colcon.colcon_core.environment:checking '/home/tpi5/391_Project_pi/391_ws/install/robot_bringup/bin'
[11.597s] Level 1:colcon.colcon_core.environment:create_environment_scripts_only(robot_bringup)
[11.598s] INFO:colcon.colcon_core.shell:Creating package script '/home/tpi5/391_Project_pi/391_ws/install/robot_bringup/share/robot_bringup/package.ps1'
[11.598s] INFO:colcon.colcon_core.shell:Creating package descriptor '/home/tpi5/391_Project_pi/391_ws/install/robot_bringup/share/robot_bringup/package.dsv'
[11.599s] INFO:colcon.colcon_core.shell:Creating package script '/home/tpi5/391_Project_pi/391_ws/install/robot_bringup/share/robot_bringup/package.sh'
[11.600s] INFO:colcon.colcon_core.shell:Creating package script '/home/tpi5/391_Project_pi/391_ws/install/robot_bringup/share/robot_bringup/package.bash'
[11.601s] INFO:colcon.colcon_core.shell:Creating package script '/home/tpi5/391_Project_pi/391_ws/install/robot_bringup/share/robot_bringup/package.zsh'
[11.601s] Level 1:colcon.colcon_core.environment:create_file_with_runtime_dependencies(/home/tpi5/391_Project_pi/391_ws/install/robot_bringup/share/colcon-core/packages/robot_bringup)
[11.602s] DEBUG:colcon.colcon_parallel_executor.executor.parallel:closing loop
[11.603s] DEBUG:colcon.colcon_parallel_executor.executor.parallel:loop closed
[11.603s] DEBUG:colcon.colcon_parallel_executor.executor.parallel:run_until_complete finished with '0'
[11.603s] DEBUG:colcon.colcon_core.event_reactor:joining thread
[11.621s] INFO:colcon.colcon_core.plugin_system:Skipping extension 'colcon_notification.desktop_notification.notify_send': Could not find 'notify-send'
[11.621s] INFO:colcon.colcon_core.plugin_system:Skipping extension 'colcon_notification.desktop_notification.terminal_notifier': Not used on non-Darwin systems
[11.621s] INFO:colcon.colcon_core.plugin_system:Skipping extension 'colcon_notification.desktop_notification.win32': Not used on non-Windows systems
[11.621s] INFO:colcon.colcon_notification.desktop_notification:Sending desktop notification using 'notify2'
[11.622s] DEBUG:colcon.colcon_notification.desktop_notification.notify2:Failed to initialize notify2: org.freedesktop.DBus.Error.ServiceUnknown: The name org.freedesktop.Notifications was not provided by any .service files
[11.622s] DEBUG:colcon.colcon_core.event_reactor:joined thread
[11.623s] INFO:colcon.colcon_core.shell:Creating prefix script '/home/tpi5/391_Project_pi/391_ws/install/local_setup.ps1'
[11.624s] INFO:colcon.colcon_core.shell:Creating prefix util module '/home/tpi5/391_Project_pi/391_ws/install/_local_setup_util_ps1.py'
[11.628s] INFO:colcon.colcon_core.shell:Creating prefix chain script '/home/tpi5/391_Project_pi/391_ws/install/setup.ps1'
[11.632s] INFO:colcon.colcon_core.shell:Creating prefix script '/home/tpi5/391_Project_pi/391_ws/install/local_setup.sh'
[11.634s] INFO:colcon.colcon_core.shell:Creating prefix util module '/home/tpi5/391_Project_pi/391_ws/install/_local_setup_util_sh.py'
[11.636s] INFO:colcon.colcon_core.shell:Creating prefix chain script '/home/tpi5/391_Project_pi/391_ws/install/setup.sh'
[11.640s] INFO:colcon.colcon_core.shell:Creating prefix script '/home/tpi5/391_Project_pi/391_ws/install/local_setup.bash'
[11.642s] INFO:colcon.colcon_core.shell:Creating prefix chain script '/home/tpi5/391_Project_pi/391_ws/install/setup.bash'
[11.645s] INFO:colcon.colcon_core.shell:Creating prefix script '/home/tpi5/391_Project_pi/391_ws/install/local_setup.zsh'
[11.647s] INFO:colcon.colcon_core.shell:Creating prefix chain script '/home/tpi5/391_Project_pi/391_ws/install/setup.zsh'
